text,category
Motor inboard bearing making a loud screeching noise during startup on exhaust fan 3.,bearing_failure
"Conveyor drive pulley bearing seized up completely, snapped the drive key.",bearing_failure
"High vibration and elevated temp on the blower motor DE bearing, needs replacement ASAP.",bearing_failure
Cooling tower pump #2 outboard bearing showing signs of spalling and heavy rumble.,bearing_failure
"Air compressor main screw bearing failed, unit tripped on high discharge temp.",bearing_failure
Exhaust fan #4 housing is vibrating excessively due to a dry bearing.,bearing_failure
Sleeve bearing on conveyor return roller is squealing under load.,bearing_failure
"Chilled water pump NDE bearing failed, shaft has noticeable radial play.",bearing_failure
"Industrial mixer gearbox output shaft bearing seized, stalling the drive motor.",bearing_failure
"Cooling fan motor bearing smoking and smelling like burnt grease, shut down immediately.",bearing_failure
"Boiler feed pump #1 bearing temp spiked to 195F, possible lack of lube or spalling.",bearing_failure
"Pellet mill main roller bearing making a grinding metallic noise, scheduled for weekend overhaul.",bearing_failure
"AHU-2 supply fan belt-end bearing is failing, loud roaring sound audible in mechanical room.",bearing_failure
Centrifugal compressor thrust bearing showing high axial vibration readings.,bearing_failure
"Rotary airlock motor bearing failed, jammed the rotor and tripped the overload.",bearing_failure
Draft fan outboard sleeve bearing wiped out due to oil flow interruption.,bearing_failure
Hydraulic power unit electric motor DE bearing rumbling loudly at 1750 RPM.,bearing_failure
"Sifter machine eccentric shaft bearing seized, locked up the entire drive assembly.",bearing_failure
Cooling tower fan gearbox intermediate shaft bearing spalling.,bearing_failure
Pneumatic transfer blower bearing failure caused severe rotor rub against housing.,bearing_failure
Washdown pump motor inboard bearing has a high-pitched squeal.,bearing_failure
"Crusher feed conveyor tail pulley bearing seized, belt slipping on drive drum.",bearing_failure
"Recirculating pump shaft bearing failed, heavy vibration at 60Hz frequency.",bearing_failure
"Cooling fan sleeve bearing making a rhythmic ticking noise, added oil but noise persists.",bearing_failure
"Air handler unit #5 motor bearing is failing, high vibration detected on thermographic scan.",bearing_failure
Exhauster fan motor non-drive end bearing seized and housing is cracked.,bearing_failure
Vacuum pump coupling-side bearing overheating and emitting a loud hum.,bearing_failure
Vertical turbine pump line shaft bearing seized in column pipe.,bearing_failure
"Mixer agitator gearbox bearing failure, metal shavings found in drain oil sample.",bearing_failure
"Booster pump motor drive end bearing is completely locked up, thermal overload tripped.",bearing_failure
"Infeed conveyor tail pulley bearing making grinding noise, inspect ASAP.",bearing_failure
Exhaust fan motor drive-end bearing running hot at 185F with heavy vibration.,bearing_failure
"Centrifugal pump #3 outboard sleeve bearing seized completely, tripping thermal overload.",bearing_failure
Cooling tower fan gearbox intermediate shaft bearing showing high spectral peaks on VA route.,bearing_failure
"Air compressor primary screw air-end bearing roaring under load, schedule rebuild.",bearing_failure
"Exhaust blower inboard bearing failure, heavy metal flakes found in grease sample.",bearing_failure
"Aggregator drum trunnion bearing locked up, causing drive belt to shred.",bearing_failure
Cooling water booster pump non-drive end bearing rattling at 1750 RPM.,bearing_failure
"Rotary airlock valve motor bearing seized, shearing drive pin.",bearing_failure
"Boiler induced draft fan bearing housing smoking and vibrating excessively, shutdown required.",bearing_failure
"Chilled water pump #2 drive end bearing howling loudly, needs immediate replacement.",bearing_failure
Packaging line conveyor roller bearing seized and smoking.,bearing_failure
"Mixer agitator shaft sleeve bearing worn out, causing severe radial play.",bearing_failure
"Primary crusher flywheel bearing spalling badly, loud metallic knocking heard.",bearing_failure
Hydraulic power unit electric motor rear bearing binding up.,bearing_failure
"Ventilation supply fan sleeve bearing dry and screeching, oiled temporarily.",bearing_failure
"Slurry pump bearing assembly failed catastrophically, shaft scored.",bearing_failure
"Sifter drive bearing seized, motor thermal tripped.",bearing_failure
Compressor cooling fan motor bearing screaming at startup.,bearing_failure
Bucket elevator head pulley bearing vibrating way above baseline.,bearing_failure
"Stacker crane travel motor bearing locked, unit down in aisle 4.",bearing_failure
Rotary kiln drive pinion outboard bearing hot and rumbling.,bearing_failure
"Wastewater return pump #1 thrust bearing failing, high axial vibration.",bearing_failure
"Pneumatic blower motor drive-end bearing seizing, taking out shaft seals.",bearing_failure
Decanter centrifuge main bowl bearing high temp alarm triggered at 210F.,bearing_failure
Extruder gearbox high-speed shaft bearing metal particles found in oil filter.,bearing_failure
Palletizer lift motor brake-side bearing grinding intermittently.,bearing_failure
Induced draft damper actuator linkage bearing seized solid.,bearing_failure
"Vacuum pump motor bearing screaming under load, ready to fail.",bearing_failure
"Roller mill main journal bearing running extremely hot, grease purging black.",bearing_failure
Exhaust fan #3 motor bearing making high-pitched squealing noise at startup.,bearing_failure
"Feed water pump outboard sleeve bearing temp elevated to 185°F, schedule immediate inspection.",bearing_failure
"Conveyor belt return roller bearing seized completely, causing friction burn on belt edge.",bearing_failure
"Chiller compressor drive end bearing vibrating excessively at 60Hz, high vibration alarm triggered.",bearing_failure
Cooling tower fan gearbox output shaft bearing showing signs of severe spalling during routine oil analysis.,bearing_failure
"Main air compressor stage 2 rotor bearing failed, unit tripped on high motor amps.",bearing_failure
"Exhauster blower inboard bearing grease leaking out past seal, grinding noise reported by operators.",bearing_failure
"Emergency backup generator alternator bearing rumbling under load, replace before next test run.",bearing_failure
"Rotary kiln drive trunnion bearing operating 40 degrees above normal baseline, apply supplemental cooling.",bearing_failure
Boiler induced draft fan bearing housing hot to touch and emitting metallic clanking sounds.,bearing_failure
"Agitator tank shaft bearing seized up, shear pin snapped on drive coupling.",bearing_failure
"Package unit supply fan pillow block bearing loose on mounting bolts, causing heavy rattle.",bearing_failure
Hydraulic power unit electric motor rear bearing smoking; secured unit immediately for safety.,bearing_failure
"Pellet mill main roller bearing failure caused catastrophic jam, cleanup required.",bearing_failure
Centrifuge bowl assembly bearing vibration spike detected by predictive maintenance sensors.,bearing_failure
"Vacuum pump coupling end bearing dry and chattering, lubricate and inspect race condition.",bearing_failure
"Sump pump submerged sleeve bearing worn out, excessive shaft play noted during PM.",bearing_failure
Mixer gear reducer intermediate shaft bearing pitted and flaking metal into the oil sump.,bearing_failure
"Overhead crane bridge travel motor bearing seized, motor stalled and tripped thermal overload.",bearing_failure
Stacker crane hoist drum bearing grinding heavily when lifting rated loads.,bearing_failure
"Dust collector air lock rotary valve bearing locked up, sheared drive key.",bearing_failure
"Slurry pump impeller side bearing seal failed, abrasive grit washed out grease and ruined races.",bearing_failure
Air handling unit #7 belt drive bearing squealing intermittently on startup.,bearing_failure
Screw conveyor tail end bearing seized due to product ingress past failed dust seal.,bearing_failure
"Turbine generator auxiliary lube oil pump motor bearing failure, switched to backup.",bearing_failure
"Extruder barrel cooling fan bearing seized, thermal trip shut down line.",bearing_failure
Roller press drive side spherical roller bearing showing micro-spalling on outer ring.,bearing_failure
Packaging line sorting conveyor motor bearing humming loudly and running hot.,bearing_failure
"Deaerator feed pump inboard thrust bearing wiping white metal, low oil pressure alarm active.",bearing_failure
"Waste water paddle aerator gearbox output bearing seized, shaft locked solid.",bearing_failure
"Feed water pump outboard bearing temp spiked to 195F, vibration alarms active.",bearing_failure
"Conveyor belt tail pulley bearing seized completely, smoking and smoking belt.",bearing_failure
Idler roller bearing spalling badly on line 2 main conveyor section.,bearing_failure
Compressor stage 2 drive end sleeve bearing has heavy scoring and oil leak.,bearing_failure
Cooling tower fan gearbox output shaft bearing vibrating excessively at 1800 RPM.,bearing_failure
"Mixer agitator lower sleeve bearing seized, motor tripped on overcurrent.",bearing_failure
HVAC supply air blower bearing rumbling loudly; scheduled for replacement.,bearing_failure
Emergency backup generator alternator bearing showing high frequency vibration.,bearing_failure
"Crusher eccentric shaft bearing failure, loud grinding metal-on-metal noise.",bearing_failure
"Exhaust blower motor inboard bearing seized, belt snapped due to lockup.",bearing_failure
Chilled water pump NDE bearing running hot at 165F with audible rumble.,bearing_failure
"Stacker crane travel wheel bearing binding up under load, causing motor stall.",bearing_failure
Rotary kiln drive trunnion bearing showing severe spalling on roller elements.,bearing_failure
Boiler induced draft fan bearing screaming; immediate shutdown required.,bearing_failure
"Centrifuge bowl main bearing vibrating past 0.7 ips threshold, shutting down.",bearing_failure
Hydraulic power unit electric motor rear bearing seized and smoked out.,bearing_failure
"Pellet mill main roller bearing failed, metal debris found in grease purge.",bearing_failure
Air compressor air-end intake bearing screaming loudly under full load.,bearing_failure
"Screw compressor female rotor discharge bearing seized, unit tripped on hi-temp.",bearing_failure
"Agitator tank shaft bearing seized, shaft locked solid in sleeve.",bearing_failure
"Vacuum pump motor DE bearing making grinding noise, immediate attention needed.",bearing_failure
"Roller mill drive shaft bearing vibrating severely, grease is burnt black.",bearing_failure
"Sifters eccentric drive bearing spalled, generating heavy structural vibration.",bearing_failure
Washdown pump wet-end sleeve bearing seized due to water ingress.,bearing_failure
Exhaust fan unit 7 housing vibrating; bearing cage broken up internally.,bearing_failure
Cooling water booster pump outboard bearing squealing intermittently.,bearing_failure
Sludge press drive gearbox high-speed shaft bearing failed and seized.,bearing_failure
"Main air compressor oil-free screw bearing rumbling, metal particles in filter.",bearing_failure
"Packaging line conveyor curve roller bearing seized, stalling box flow.",bearing_failure
"Exhaust fan 2 motor outboard bearing making high pitch squeal, checked grease level and it is dry.",bearing_failure
"Conveyor 5 drive pulley bearing spalled and rattling loudly under load, needs immediate replacement.",bearing_failure
Main air compressor stage 2 rotor bearing temp spiked to 195F before auto-trip.,bearing_failure
"Cooling tower water pump #3 outboard sleeve bearing seizing up, smells like burnt oil and smoking slightly.",bearing_failure
"Boiler feed pump #1 inboard bearing vibrating excessively at 4.2 IPS, schedule shutdown.",bearing_failure
"Exhaust blower belt drive pillow block bearing cracked housing, severe misalignment noted.",bearing_failure
"Mixer agitator gearbox output shaft bearing seized solid, motor tripped on overload.",bearing_failure
HVAC air handler unit 4 supply fan bearing rumble getting louder during startup sequence.,bearing_failure
Emergency generator turbocharger bearing making metallic scraping noise when winding down.,bearing_failure
"Crusher feed conveyor tail pulley bearing locked up, belt friction burned through the rubber lagging.",bearing_failure
Chilled water loop pump #2 motor drive end bearing running hot at 165F with audible grinding.,bearing_failure
"Hydraulic power unit electric motor rear bearing failed completely, rotor rubbing stator.",bearing_failure
Induced draft fan inboard pedestal bearing showing high vibration spikes on FFT analyzer.,bearing_failure
"Packaging line roller conveyor bearing cage broke apart, ball bearings falling out onto floor.",bearing_failure
Rotary screw air compressor airend discharge bearing chattering badly under full load.,bearing_failure
Centrifugal pump #5 mechanical seal area soaked in oil from failed bearing isolator seal.,bearing_failure
"Ash handling screw conveyor flange bearing seizing up, current draw elevated by 15 amps.",bearing_failure
Cooling fan motor on extrusion line #3 sleeve bearing dry and screeching intermittently.,bearing_failure
"Main line exhaust fan bearing housing hot to touch, thermal gun reads 180F.",bearing_failure
"Clinker cooler drive motor non-drive end bearing humming loudly, grease purge shows metal flakes.",bearing_failure
"Vacuum pump #1 coupling end bearing failed, shaft has noticeable radial play.",bearing_failure
Sludge thickener rake drive gearbox intermediate shaft bearing spalled and grinding.,bearing_failure
"Boiler induced draft fan damper actuator linkage bearing seized, preventing auto-modulation.",bearing_failure
"Rotary airlock valve drive bearing locked up, sheared the shear pin on the sprocket.",bearing_failure
"Fresh air makeup unit fan bearing vibrating heavily, unit shaking structural steel frame.",bearing_failure
"Pellet mill main shaft roller bearing seized during production run, emergency work order.",bearing_failure
"Air compressor cooling fan bearing screaming at high RPM, needs replacement ASAP.",bearing_failure
"Wastewater lift station submersible pump lower bearing failed, high stator winding temps.",bearing_failure
Stacker crane travel motor bearing failure caused catastrophic jamming of the bridge drive.,bearing_failure
"Boiler feedwater booster pump bearing making rhythmic knocking noise, vibration increasing.",bearing_failure
"Feed conveyor tail pulley bearing making grinding noise during operation, needs grease and inspection.",bearing_failure
"Exhaust fan motor drive-end bearing vibrating excessively at 1800 RPM, high temp reading on thermography.",bearing_failure
Air compressor stage 2 rotor bearing showing severe spalling and metal shavings in the oil sight glass.,bearing_failure
"Cooling tower fan gearbox input shaft bearing rumbling under load, scheduled for weekend replacement.",bearing_failure
"Boiler feedwater pump non-drive end bearing hot to the touch at 185F, high vibration alarm active.",bearing_failure
"Rotary kiln drive trunnion bearing operating above normal temp thresholds, applied emergency lube with minimal drop.",bearing_failure
"HVAC air handler blower bearing squealing intermittently, belt tension checked and OK.",bearing_failure
"Primary crusher main shaft roller bearing failure, loud knocking sound and immediate unit shutdown.",bearing_failure
"Agitator tank mixing shaft lower sleeve bearing worn out, causing radial play and seal leakage.",bearing_failure
"Package conveyor return roller bearing seized and smoking, belt friction damage observed.",bearing_failure
"Hydraulic power unit electric motor front bearing loud humming and vibration spike, replacement required.",bearing_failure
Induced draft fan outboard bearing housing cracked from severe unbalance caused by bearing lockup.,bearing_failure
"Screw conveyor discharge end bearing completely seized, snapping the shear pin.",bearing_failure
"Chilled water circulation pump seal water flush adjusted, but drive-end bearing still rumbling loudly.",bearing_failure
"Debarker infeeds log roller bearing fractured cage, roller elements migrating out of race.",bearing_failure
"Stacker crane travel motor bearing binding, causing intermittent drive faults on axis 2.",bearing_failure
Pneumatic blower inlet bearing high pitch whistle and elevated vibration spectra on FFT analysis.,bearing_failure
"Pellet mill roller assembly main bearing failure, metal debris found in the die cavity.",bearing_failure
"Vacuum pump motor inboard bearing roaring, amperage drawing 15% above normal FLA.",bearing_failure
Reciprocating compressor crankcase connecting rod big end bearing knocking on every stroke.,bearing_failure
"Ejection press flywheel pilot bearing seized, preventing smooth manual rotation during setup.",bearing_failure
"Sifter deck eccentric shaft bearing overheating and seizing up, shutting down line 4.",bearing_failure
Exhauster fan housing inspection reveals catastrophic bearing spalling with inner ring spinning on shaft.,bearing_failure
Centrifuge bowl assembly main support bearing vibration tripping interlock at high speed.,bearing_failure
"Transfer car wheel bearing seized, flat spot worn into steel wheel tread.",bearing_failure
"Ash handling system rotary valve drive bearing locked up, sheared drive coupling.",bearing_failure
"Cooling water booster pump motor bearing failure, high vibration in horizontal plane.",bearing_failure
"Mixing paddle shaft outboard pillow block bearing dry and noisy, greasing port blocked.",bearing_failure
"Slurry pump gland water flush lost, causing immediate thermal runaway and sleeve bearing seizure.",bearing_failure
Primary cooling fan motor outboard bearing making high-pitched squealing noise at 1800 RPM.,bearing_failure
"Conveyor drive pulley bearing seized up, smoking heavily upon startup; shut down immediately.",bearing_failure
Exhaust fan #3 vibrating excessively; thermal imaging shows drive-end bearing running at 195F.,bearing_failure
Cooling tower pump inboard sleeve bearing shows signs of scoring and metal shavings in oil reservoir.,bearing_failure
Chiller compressor motor rear bearing spalling and rumbling loudly under load.,bearing_failure
"AHU blower belt drive bearing failed catastrophically, throwing balls and seizing the shaft.",bearing_failure
Boiler feedwater pump non-drive end bearing temp spiking to 210 psi equivalent thermal reading.,bearing_failure
Rotary air compressor stage 2 rotor bearing making a loud metallic grinding sound.,bearing_failure
"Package handling conveyor roller bearing locked up, shredding the underside of the rubber belt.",bearing_failure
Induction motor DE bearing showing high vibration FFT spikes at 1X and 2X ball pass frequencies.,bearing_failure
Slurry pump mechanical seal housing hot; probable bearing failure transferring heat and vibration.,bearing_failure
Ventilation supply fan pillow block bearing is severely pitted and needs immediate replacement.,bearing_failure
Mixer agitator gearbox output shaft bearing roaring under torque; grease is black and burnt.,bearing_failure
ID fan bearing housing vibrating at 7.8 ips; unit tripping on high vibration interlock.,bearing_failure
Vacuum pump motor bearing seizing intermittently during high vacuum draw cycles.,bearing_failure
Crusher feed conveyor tail pulley bearing dry and squealing; needs emergency greasing or replacement.,bearing_failure
Hydraulic power unit electric motor rear bearing making cyclic ticking noise.,bearing_failure
"Air handler unit #5 fan shaft bearing seized, tripping thermal overload relay.",bearing_failure
"Centrifugal pump #2 thrust bearing worn out, allowing excessive axial shaft play.",bearing_failure
Cooling water booster pump outboard bearing rumbling loudly; grease purged black.,bearing_failure
Main compressor drive motor front bearing operating at 180F with loud rhythmic knocking.,bearing_failure
Palletizer lift motor sleeve bearing scored and binding at mid-stroke.,bearing_failure
Baghouse exhaust blower bearing failure caused impeller to rub against housing shroud.,bearing_failure
Sinter plant feeder conveyor bearing seized due to dust ingress and lack of lubrication.,bearing_failure
Emergency generator engine accessory drive bearing squealing loudly on cold start.,bearing_failure
Sludge dewatering centrifuge main bowl bearing showing high frequency vibration anomalies.,bearing_failure
"Air compressor cooling fan motor bearing seized, causing unit thermal shutdown.",bearing_failure
"Rotary kiln drive pinion outboard bearing spalling heavily, emitting grinding noise.",bearing_failure
Boiler draft fan bearing vibrating out of spec; technician noted heavy metal-on-metal sound.,bearing_failure
"Water treatment plant backwash pump bearing failed, locking the shaft and tripping breaker.",bearing_failure
"Motor #3 DE bearing screaming on startup, high vibration noted in 100-300 Hz band.",bearing_failure
Exhaust fan unit 2 vibrating excessively due to outer race spalling on the NDE bearing.,bearing_failure
Cooling tower pump bearing running hot at 185F with a loud metallic grinding noise.,bearing_failure
Air compressor stage 2 rotor bearing showing elevated temp and metal flakes in oil sample.,bearing_failure
"Chilled water pump #1 sleeve bearing wiped out, shaft scoring evident during inspection.",bearing_failure
Blower motor inboard bearing making a rhythmic ticking noise under load.,bearing_failure
"Crusher drive gearbox output shaft bearing failed, catastrophic lockup on line 2.",bearing_failure
Agitator tank vertical drive bearing rumbling loudly during high-RPM mixing cycles.,bearing_failure
"Package line conveyor roller bearing seized, causing product jam at transfer point.",bearing_failure
"Boiler feedwater pump non-drive end bearing failure, unit tripped on high vibration.",bearing_failure
Rotary kiln drive trunnion bearing operating above normal thermal baseline.,bearing_failure
HVAC supply fan bearing housing hot to the touch and emitting a squealing sound.,bearing_failure
Centrifuge spindle bearing vibration levels exceeded the 0.45 ips alarm threshold.,bearing_failure
"Packaging machine servo motor bearing seized, blowing the internal drive fuse.",bearing_failure
"Pellet mill main roller bearing spalled severely, heavy vibration shaking the frame.",bearing_failure
"Hydraulic power unit cooling fan bearing seized, causing thermal trip on main motor.",bearing_failure
"Exhaust scrubber draft fan bearing roaring loudly, immediate replacement needed.",bearing_failure
Stacker crane travel motor bearing failure caused the carriage to bind mid-run.,bearing_failure
Exhaust blower bearing grease purged black with visible metallic debris.,bearing_failure
"Rotary airlock valve drive bearing seized, shearing the shear pin on the drive shaft.",bearing_failure
"Sinter plant pug mill bearing failure, housing fractured from excessive vibration.",bearing_failure
Cooling water booster pump bearing seized during shift change.,bearing_failure
Air handler unit #4 belt drive bearing screeching on startup.,bearing_failure
Main line turbine fan bearing reading 210F with severe axial vibration.,bearing_failure
Mixer drum support bearing rolling elements pitted and spalled on inspection.,bearing_failure
Deaerator pump bearing making a loud rattling noise at 3600 RPM.,bearing_failure
Ash handling screw conveyor tail bearing seized and smoking.,bearing_failure
"ID fan outboard bearing failure, high vibration trip activated.",bearing_failure
Drawbench carriage guide roller bearing seized on rail.,bearing_failure
Exhaust fan #3 motor bearing grinding loudly upon startup.,bearing_failure
Cooling tower pump inboard bearing temp elevated to 185F with heavy vibration.,bearing_failure
"Conveyor belt tail pulley bearing seized completely, belt stalled.",bearing_failure
Compressor stage 2 drive end bearing spalling detected via acoustic monitoring.,bearing_failure
Air handling unit blower bearing making a squealing noise at high RPM.,bearing_failure
Exhauster fan motor bearing failure causing high vibration trip on PLC.,bearing_failure
"Boiler feedwater pump non-drive end sleeve bearing wiped out, heavy metal debris in oil sample.",bearing_failure
Chilled water pump coupling side bearing roaring under load.,bearing_failure
Primary crusher drive gearbox intermediate shaft bearing showing high vibration levels.,bearing_failure
"Exhaust blower pillow block bearing seized, belt smoking.",bearing_failure
"Ventilation fan bearing failure, unit locked out for safety.",bearing_failure
Hydraulic power unit electric motor rear bearing smoking and throwing grease.,bearing_failure
Agitator drive shaft lower sleeve bearing scored and binding.,bearing_failure
"Centrifugal pump #2 thrust bearing failure, high axial play noted.",bearing_failure
Rotary screw compressor airend discharge bearing rumbling excessively.,bearing_failure
"Rotary air lock valve motor outboard bearing seized, thermal overload tripped.",bearing_failure
"Cooling fan motor bearing failed, unit dropped offline.",bearing_failure
Exhaust stack damper actuator gearbox bearing seized up.,bearing_failure
"Industrial washer recirc pump bearing screaming, immediate replacement required.",bearing_failure
"Conveyor drive roller bearing rolling elements fractured, loud metallic banging.",bearing_failure
ID fan inboard bearing running hot at 210F with severe high-frequency vibration.,bearing_failure
"Wastewater scum pump drive end bearing seized, motor thermal tripped.",bearing_failure
Cooling tower fan gearbox output shaft bearing spalled and leaking oil.,bearing_failure
"Pneumatic blower motor front bearing seized, shaft won't turn manually.",bearing_failure
Mixer tank agitator upper bearing rattling loudly at 1200 RPM.,bearing_failure
"Sump pump lower sleeve bearing worn out, impellers rubbing housing.",bearing_failure
Dust collector fan motor bearing smoking upon startup.,bearing_failure
Extruder gearbox high-speed shaft bearing vibrating excessively.,bearing_failure
Rotary kiln drive trunnion bearing operating hot with metal flakes in lube line.,bearing_failure
Boiler draft fan bearing failure caused immediate emergency shutdown.,bearing_failure
Exhaust fan motor drive-end bearing screeching loudly during startup.,bearing_failure
"Infeed conveyor tail pulley bearing seized completely, belt slipping.",bearing_failure
Centrifugal pump #2 outboard bearing running hot at 185F with heavy vibration.,bearing_failure
Cooling tower fan gearbox intermediate shaft bearing showing spalling on outer race.,bearing_failure
Air compressor main drive sleeve bearing making low rumbling noise under load.,bearing_failure
"Exhauster blower inboard bearing failed, catastrophic seizure tripped breaker.",bearing_failure
Mixer agitator drive bearing vibrating excessively at 60Hz.,bearing_failure
"Hydraulic power unit motor bearing grease purging out past seal, noisy.",bearing_failure
"Vacuum pump motor non-drive end bearing hot and noisy, schedule replacement.",bearing_failure
"Boiler feedwater pump #1 outboard sleeve bearing wiped, low oil pressure alarm.",bearing_failure
"Aggregates conveyor roller bearing seized, causing drag and smoke.",bearing_failure
"Chilled water pump coupling-end bearing humming loudly, high vibration spectra.",bearing_failure
Industrial washing machine drum support bearing grinding during spin cycle.,bearing_failure
"Stoker drive gear reducer output bearing spalled, metal shavings in oil sight glass.",bearing_failure
"HVAC air handler supply fan bearing rumbling, high vibration in horizontal axis.",bearing_failure
Extruder barrel cooling fan motor bearing seized up.,bearing_failure
"Package line conveyor curve bearing dry and squealing, needs immediate grease.",bearing_failure
Sludge thickener rake drive main support bearing binding up.,bearing_failure
Pneumatic blower inlet bearing making metallic rattling noise.,bearing_failure
Palletizer lift mechanism guide roller bearing seized on track.,bearing_failure
Diesel generator turbocharger bearing whining under high boost.,bearing_failure
"Positive displacement blower drive-end bearing failing, high radial vibration.",bearing_failure
Rotary drum dryer trunnion bearing operating above normal temp threshold.,bearing_failure
"Screw compressor air-end bearings worn out, excessive end play.",bearing_failure
"Dust collector fan inboard bearing vibrating heavily, grease contaminated.",bearing_failure
"Main assembly line drive motor rear bearing seized, motor stalled.",bearing_failure
"Slurry pump bearing housing hot to touch, bearing failure imminent.",bearing_failure
"Centrifuge bowl assembly main support bearing failed, unbalance trip.",bearing_failure
"Pump shaft bearing seized, unit 4",bearing_failure
High vibration detected on exhaust fan motor inboard bearing,bearing_failure
Conveyor drive pulley sleeve bearing making loud squealing noise under load,bearing_failure
Air compressor stage 2 motor bearing temp running 45F above baseline,bearing_failure
Cooling tower fan gearbox output bearing spalling observed during oil analysis,bearing_failure
"Critical failure: agitator tank main support bearing locked up, tripping VFD",bearing_failure
Exhaust blower pillow block bearing showing early signs of fretting and rust,bearing_failure
"Centrifugal pump thrust bearing failed, severe axial play on shaft",bearing_failure
Cooling water booster pump non-drive end bearing humming loudly,bearing_failure
ID fan outboard bearing grease purged black with metal flakes present,bearing_failure
"Rotary airlock valve drive bearing seized, sheared coupling pin",bearing_failure
Extruder gear reducer intermediate shaft bearing overheating at 190F,bearing_failure
HVAC supply air unit fan bearing failure causing severe duct vibration,bearing_failure
Sinter feed conveyor tail drum bearing seized and smoking,bearing_failure
"Vacuum pump rotor bearing failure, internal rubbing heard",bearing_failure
Chilled water pump drive end bearing is rumbling and needs replacement,bearing_failure
Vertical turbine pump line shaft sleeve bearing worn out of tolerance,bearing_failure
Boiler feed pump outboard bearing high vibration 0.45 ips,bearing_failure
Pellet mill main roller bearing spalled and seizing up,bearing_failure
"Packaging line conveyor roller bearing locked, shredding belt",bearing_failure
Ash handling screw conveyor hanger bearing failed completely,bearing_failure
Crusher motor drive bearing making metallic grinding noise,bearing_failure
Scrubber recirculation pump bearing housing hot to the touch,bearing_failure
"Air handler belt-drive blower bearing failure, loud howling sound",bearing_failure
Rotary kiln drive trunnion bearing operating at elevated temp,bearing_failure
Hydraulic power unit electric motor bearing noisy,bearing_failure
Wastewater clarifier drive cage bearing seizing under torque,bearing_failure
"Pneumatic blower inlet bearing failure, severe shaft wobble",bearing_failure
Mixer tank upper agitator bearing grinding during batch cycle,bearing_failure
Emergency generator cooling fan motor bearing seized during test run,bearing_failure
"Exhaust fan #3 motor is screaming on startup, high pitch squeal points to dry sleeve bearing.",bearing_failure
"Infeed conveyor tail pulley bearing is running extremely hot to the touch, thermal gun reads 195F.",bearing_failure
Cooling tower water pump drive-end bearing has a loud metallic rattle and excessive radial play.,bearing_failure
Severe vibration spike detected on main air compressor #2 outboard bearing housing.,bearing_failure
"Boiler feed pump #1 inboard sleeve bearing seized completely, motor tripped on overcurrent.",bearing_failure
Chilled water circulation pump making a grinding noise; probable spalling on the non-drive end bearing.,bearing_failure
Exhauster fan bearing failure caused catastrophic belt shredding and smoke in the penthouse.,bearing_failure
Rotary airlock valve gearbox output shaft bearing is locking up intermittently.,bearing_failure
"Centrifugal blower bearing grease purge is full of metal flakes, needs immediate replacement.",bearing_failure
"ID fan #4 inboard roller bearing temperature climbing rapidly under load, currently at 210F.",bearing_failure
Package unit supply fan bearing housing is vibrating violently at 1800 RPM.,bearing_failure
Sleeve bearing on agitator motor #2 is smoking and smells of scorched grease.,bearing_failure
Hydraulic power unit electric motor DE bearing is rumbling loudly during operation.,bearing_failure
Screw compressor main rotor roller bearing showing high vibration FFT spectrum anomalies.,bearing_failure
Cooling fan motor on extruder line #3 has a seized rear bearing.,bearing_failure
Clinker cooler drag chain drive shaft pillow block bearing has cracked housing and seized rollers.,bearing_failure
"Wastewater scum pump mechanical seal area flooded, water washed out bearing grease causing failure.",bearing_failure
AHU-2 blower bearing is squealing intermittently on startup.,bearing_failure
Primary crusher eccentric bearing temperature high alarm triggered at 230F.,bearing_failure
Pulverizer mill primary journal bearing exhibiting severe rhythmic knocking and high vibration.,bearing_failure
"Rotary kiln drive trunnion bearing lubrication line blocked, bearing smoking.",bearing_failure
"Pneumatic transfer blower outboard bearing seized, shutting down line B.",bearing_failure
Exhaust scrubber recirculation pump bearing is making a heavy grinding noise.,bearing_failure
"Cooling tower fan gearbox intermediate shaft bearing has failed, loud roaring sound.",bearing_failure
Line 5 palletizer conveyor snub pulley bearing seized and shredded the belt.,bearing_failure
Boiler induced draft fan outboard bearing vibration levels exceed ISO limits.,bearing_failure
Centrifuge feed pump thrust bearing failure caused axial shaft displacement.,bearing_failure
"Air compressor stage 2 rotor bearing is rumbling, scheduling emergency shutdown.",bearing_failure
"Exhaust ventilation fan sleeve bearing has worn oval, causing rotor to rub on stator.",bearing_failure
Exhaust fan #3 motor drive end bearing making loud squealing noise at high RPM.,bearing_failure
"Conveyor tail pulley bearing seizing up, belt smoking slightly under load.",bearing_failure
"Boiler feedwater pump outboard sleeve bearing temp elevated to 195F, immediate grease added.",bearing_failure
Main air compressor stage 2 rotor bearing spalling detected via vibration analysis route.,bearing_failure
"AHU-2 supply fan pillow block bearing completely seized, unit tripped on thermal overload.",bearing_failure
Agitator drive motor inboard bearing roaring loudly during batch cycle.,bearing_failure
"Crusher conveyor roller bearing locked solid, causing friction wear on belt edge.",bearing_failure
"Chilled water pump #1 non-drive end bearing housing hot to touch, heavy rumble present.",bearing_failure
"Exhauster blower radial bearing failure, high vibration trip activated on PLC.",bearing_failure
"Cooling fan #5 sleeve bearing oil ring stuck, running dry and smoking.",bearing_failure
Centrifugal pump #4 thrust bearing metal particles found in lube oil sample.,bearing_failure
Exhaust blower #2 bearing making metallic grinding noise under load.,bearing_failure
Conveyor belt return roller bearing seized and flat-spotted.,bearing_failure
"Cooling tower water pump motor bearing catastrophic failure, smoking on startup.",bearing_failure
Exhaust fan unit 7 bearing housing cracked from severe vibration imbalance.,bearing_failure
"Boiler draft fan inboard bearing temp spike to 210F, shutting down for replacement.",bearing_failure
Sleeve bearing on 100HP motor showing severe scoring on lower half.,bearing_failure
"Conveyor drive pulley bearing seized, motor stalled and tripped breaker.",bearing_failure
Chiller compressor screw rotor bearing high vibration alarm triggered.,bearing_failure
"Exhaust scrubber fan belt-driven bearing failing, loud screeching on startup.",bearing_failure
Boiler induced draft fan bearing failure caused severe shaft wobble.,bearing_failure
Centrifugal compressor main journal bearing wiping detected during routine check.,bearing_failure
"Cooling tower fan belt drive bearing seized, pulley smoking.",bearing_failure
Conveying line blower motor NDE bearing rattling and overheating.,bearing_failure
"Exhaust duct booster fan bearing binding, motor pulling high amps.",bearing_failure
"Booster pump #2 bearing failure, unit vibrating violently at startup.",bearing_failure
"Drive-end bearing on cooling tower fan #1 failed, loud grinding noise reported by ops.",bearing_failure
Air compressor main screw bearing showing elevated vibration levels on the CMS dashboard.,bearing_failure
"Exhauster blower sleeve bearing low oil flow alarm active, immediate check needed.",bearing_failure
"Exhaust stack damper actuator motor bearing seized, unit stuck at 50% open.",bearing_failure
Coolant pump #4 thrust bearing spalling and metal debris found in magnetic oil plug.,bearing_failure
Rotary airlock feeder gearbox input shaft bearing making rhythmic knocking sound.,bearing_failure
Exhaust ventilation fan #2 pillow block bearing housing cracked from severe unbalance.,bearing_failure
Boiler feedwater pump #1 inboard bearing failure caused sudden trip on over-current.,bearing_failure
"Chilled water circulation pump motor DE bearing smoking, unit locked out.",bearing_failure
"Packaging line conveyor roller bearing seized, chewing up product belts.",bearing_failure
ID fan #2 roller bearing running at 210F with severe axial vibration.,bearing_failure
"Wastewater mixer gearbox output bearing failed, shaft has excessive play.",bearing_failure
Air handling unit supply fan bearing making metallic scraping noise.,bearing_failure
Compressor stage 2 rotor bearing high temp alarm triggered at 230F.,bearing_failure
"Overhead crane bridge travel motor bearing seized, wheels dragging.",bearing_failure
"Reactor agitator drive upper sleeve bearing wiping babbit material, shutdown req.",bearing_failure
"Bucket elevator head pulley bearing vibrating excessively, grease leaking past seals.",bearing_failure
Sifter motor drive end bearing failure caused thermal overload trip.,bearing_failure
"Desalination high pressure pump thrust bearing failure, low discharge pressure.",bearing_failure
Hydraulic power unit electric motor bearing noisy and rumbling under load.,bearing_failure
"Flue gas fan bearing lubrication line blocked, bearing seized and smoked.",bearing_failure
Pneumatic blower #3 drive bearing rumbling loudly during afternoon shift.,bearing_failure
"Cooling tower water pump outboard bearing seized, motor tripped breaker.",bearing_failure
"Rotary kiln drive trunnion bearing operating hot, needs grease flush and inspection.",bearing_failure
"Belt feeder tail bearing seized and smoking, sheared retaining bolts.",bearing_failure
"Exhaust fan motor drive-end bearing completely failed, rotor dragging on stator.",bearing_failure
"Vacuum pump #1 motor bearing screaming loudly, taken offline for emergency rebuild.",bearing_failure
"Conveyor belt tail pulley bearing seized up, causing belt slippage and burning smell.",bearing_failure
Infeed conveyor roller bearing has severe spalling on outer race.,bearing_failure
Primary cooling water pump outboard sleeve bearing temp elevated to 185F.,bearing_failure
Main air compressor drive motor DE bearing vibrating excessively at 4.5 IPS.,bearing_failure
"Exhauster fan bearing failure, unit locked up completely during shift.",bearing_failure
Cooling tower fan gearbox intermediate shaft bearing making grinding sounds.,bearing_failure
"Boiler feedwater pump non-drive end bearing failing, heavy radial vibration noted.",bearing_failure
Rotary air lock valve motor bearing seizing intermittently under load.,bearing_failure
"HVAC supply fan pulley bearing dry and squealing, needs immediate grease.",bearing_failure
Chilled water pump bearing failure causing high-frequency vibration spike.,bearing_failure
"Packaging line conveyor drive bearing seized, motor thermal overload tripped.",bearing_failure
Wastewater agitator gearbox output bearing spalled and leaking oil past seal.,bearing_failure
ID fan motor inboard bearing temp spiked to 210F with audible rumbling.,bearing_failure
"Hydraulic power unit electric motor bearing failed catastrophically, smoke observed.",bearing_failure
"Crusher feed conveyor tail bearing seized and smoking, roller destroyed.",bearing_failure
"Air handling unit blower bearing rattling loudly, alignment looks compromised.",bearing_failure
Centrifugal pump #2 sleeve bearing wiping due to inadequate lubrication flow.,bearing_failure
"Sifters drive motor bearing vibrating at 3x line frequency, possible raceway damage.",bearing_failure
"Vacuum pump motor DE bearing seizing up, tripping breaker on startup.",bearing_failure
Stacker crane travel motor bearing making metallic grinding noise.,bearing_failure
"Air compressor air-end discharge bearing failure, heavy metal debris in oil filter.",bearing_failure
"Rotary kiln drive trunnion bearing operating hot at 195F, check lube lines.",bearing_failure
"Belt loader return roller bearing seized, flat-spotted the steel roller.",bearing_failure
"Pneumatic blower motor outboard bearing failed, shaft locked solid.",bearing_failure
Mixer agitator shaft bearing loose and vibrating heavily at 1200 RPM.,bearing_failure
"Exhaust blower pillow block bearing completely disintegrated, shaft sagging.",bearing_failure
Booster pump NDE bearing showing high vibration harmonics on spectrum analysis.,bearing_failure
"Aggregates screen eccentric shaft bearing spalled, loud knocking noise under load.",bearing_failure
"Exhaust fan 2 motor DE bearing screaming loudly at 1800 RPM, vibration levels spiked to 0.45 ips.",bearing_failure
"Conveyor 5 tail pulley sleeve bearing seized completely, belt stalled and smoking.",bearing_failure
"Chilled water pump #3 inboard bearing running hot at 165 deg F, grease purge shows metallic flakes.",bearing_failure
"Cooling tower fan gearbox output shaft bearing spalling badly, loud grinding noise heard during rounds.",bearing_failure
Air compressor 1airend discharge bearing showing high frequency vibration anomalies on PdM route.,bearing_failure
"Booster pump #2 non-drive end bearing failure, loud rumbling and heavy radial vibration.",bearing_failure
"Exhauster blower outboard bearing seized, shaft locked up and coupling sheared.",bearing_failure
"Package unit supply fan bearing making high-pitched squeal, needs immediate lube or replacement.",bearing_failure
"Conveyor belt drive pulley bearing seized, smoking heavily and tripping thermal overload.",bearing_failure
"ID fan motor drive end bearing failure, catastrophic cage breakup with metal debris in housing.",bearing_failure
"Main hydraulic pump shaft bearing seized, system pressure dropped to zero instantly.",bearing_failure
"Slurry pump inboard bearing roaring continuously, running extremely hot to the touch.",bearing_failure
"Cooling water pump drive end bearing seized, motor failed to start and tripped breaker.",bearing_failure
"Rotary airlock valve drive bearing seized, shear pin snapped on the drive sprocket.",bearing_failure
"Booster fan motor non-drive end bearing screaming, thermal imaging shows 210F hotspot.",bearing_failure
"Centrifugal compressor main shaft bearing seizing, high vibration trip activated unit.",bearing_failure
"Primary crusher motor bearing failure, severe rumbling and smoke reported by operator.",bearing_failure
"Process pump #1 sleeve bearing wiped out, heavy scoring visible on the pump shaft journal.",bearing_failure
"Exhauster fan bearing seized, belt burned through and snapped in half.",bearing_failure
"Cooling tower fan shaft bearing failed, loud metallic screeching during startup sequence.",bearing_failure
"Booster pump drive end bearing locked up, thermal overload tripped instantly.",bearing_failure
"Air handler unit blower bearing seized, belt smoking and pulley slipping on shaft.",bearing_failure
"Conveyor transfer point roller bearing seized, chewing up the underside of the rubber belt.",bearing_failure
"Boiler feedwater pump inboard bearing roaring, high frequency vibration trending upward.",bearing_failure
"Main ventilation fan bearing seizing, motor drawing high amps and running very hot.",bearing_failure
"Vacuum pump drive end bearing failure, seized solid during afternoon shift cycle.",bearing_failure
Stoker drive gearbox output bearing spalled and vibrating excessively at 120 RPM.,bearing_failure
"Silo rotary valve bearing seized, shear pin broken and motor stalled under load.",bearing_failure
"Exhaust fan #3 motor bearing grinding loudly upon startup, high vibration noted at outboard housing.",bearing_failure
"Cooling tower pump bearing seizing up, shaft difficult to turn manually during pre-check.",bearing_failure
Conveyor belt tail pulley bearing showing severe spalling and metal shavings on the guard.,bearing_failure
Main air compressor drive end bearing temp spiking at 195F under normal load.,bearing_failure
Exhauster fan motor bearing failure causing high-frequency screeching and trip on overload.,bearing_failure
"Boiler feedwater pump inboard sleeve bearing wiped, heavy scoring on journal.",bearing_failure
"Chilled water pump bearing making low rumbling noise, needs grease injection or replacement.",bearing_failure
"Rotary screw compressor airend bearing seized, unit tripped on high discharge temp.",bearing_failure
"Ventilation supply fan bearing housing hot to touch, heavy axial vibration present.",bearing_failure
"Exhaust blower pillow block bearing seized solid, drive belt shredded.",bearing_failure
"Crusher motor outboard bearing cage broken, balls loose inside housing.",bearing_failure
"Elevator head pulley bearing screaming under load, immediate replacement required.",bearing_failure
"Cooling fan motor bearing failure, heavy grease leakage past seal.",bearing_failure
Boiler induced draft fan bearing vibrating excessively at 1800 RPM.,bearing_failure
"Mixer agitator gearbox output shaft bearing spalled, creating loud knocking noise.",bearing_failure
"Hydraulic power unit pump bearing seizing, burning smell detected in electrical room.",bearing_failure
"Exhaust hood fan bearing locked up, thermal overload tripped.",bearing_failure
"Water treatment clarifier drive bearing vibrating out of spec, chatter audible.",bearing_failure
"Air handling unit fan bearing dry and squealing, needs immediate lubrication and inspection.",bearing_failure
"Vacuum pump motor bearing seized, breaker popped immediately upon reset.",bearing_failure
"Boiler forced draft fan bearing roaring loudly, high vibration at 120Hz.",bearing_failure
"Cooling tower fan gearbox bearing failure, metal flakes found in oil sample.",bearing_failure
"Centrifugal pump sleeve bearing scored deeply, shaft play excessive.",bearing_failure
"Exhaust scrubber fan bearing housing smoking, inner race spinning on shaft.",bearing_failure
"Conveyor drive motor bearing seizing, high amp draw recorded on SCADA.",bearing_failure
"Refrigeration compressor bearing rumbling heavily, unit shut down preventatively.",bearing_failure
"Sinter plant fan bearing vibrating violently, impending catastrophic seizure likely.",bearing_failure
"Air compressor motor bearing failed, rotor dragging against stator.",bearing_failure
"Slurry pump bearing seized, shear pin snapped on drive coupling.",bearing_failure
"Exhaust fan motor drive-end bearing making loud grinding noise, vibration levels spiking at 4.2 ips.",bearing_failure
"Conveyor belt tail pulley bearing seized completely, smoking and tripping the thermal overload.",bearing_failure
Cooling tower water pump outboard bearing running hot at 185F with heavy axial vibration.,bearing_failure
Air compressor main screw sleeve bearing shows early signs of spalling; metal flakes found in oil sample.,bearing_failure
"Boiler induced draft fan inboard bearing roaring loudly under load, needs immediate replacement.",bearing_failure
"Main extruder gearbox high-speed shaft bearing vibrating excessively, scheduled for weekend overhaul.",bearing_failure
Chilled water circulation pump thrust bearing failure causing rotor displacement and seal leak.,bearing_failure
"Rotary kiln drive trunnion bearing operating above normal temp threshold, grease purge looked contaminated.",bearing_failure
"Pinpoint leak at main supply hose fitting on hydraulic power unit #2, low fluid level alarm active.",hydraulic_leak
"Hydraulic oil weeping past rod seal on lift cylinder #4, need seal kit replacement.",hydraulic_leak
"Burst pressure line on conveyor feed motor spraying fluid onto walkway, E-stop engaged.",hydraulic_leak
Cracked return line fitting behind press brake reservoir causing steady puddle on floor.,hydraulic_leak
"Main hydraulic pump shaft seal blown, high volume loss and loss of system pressure.",hydraulic_leak
"Slow drip from directional control valve bank on stamping press #1, clean up and monitor.",hydraulic_leak
"Pin hole leak in braided hose feeding indexer motor, replacement ordered.",hydraulic_leak
"O-ring failure on main filter housing cap, spraying fluid under 1500 psi.",hydraulic_leak
"Hydraulic cylinder barrel weld cracked, significant fluid loss during extension stroke.",hydraulic_leak
"Slewing drive hydraulic motor leaking from drain port, low torque noted.",hydraulic_leak
"Loose bulkhead fitting on shear machine hydraulic circuit, tightened and topped off oil.",hydraulic_leak
Seep at hydraulic cooler inlet flange on injection molding machine #5.,hydraulic_leak
Cylinder rod packing leaking heavily on press brake clamping ram.,hydraulic_leak
"Hose chafing against frame rail near outrigger valve block, pin-hole leak developed.",hydraulic_leak
"Pinhole spray from pilot line on hydraulic manifold, machine locked out.",hydraulic_leak
Severe leak from suction strainer gasket on hydraulic power pack.,hydraulic_leak
"Bleeder valve left loose on main lift ram, weeping oil onto skid.",hydraulic_leak
Worn wiper seal on dump gate cylinder letting hydraulic fluid bypass.,hydraulic_leak
"Flange bolt sheared on hydraulic pump discharge, major oil loss.",hydraulic_leak
Quick-disconnect coupler leaking at hydraulic test port on unit 7.,hydraulic_leak
Crushed crush washer on banjo fitting of steering assist cylinder.,hydraulic_leak
Pin-hole leak in high-pressure feed line to robotic arm wrist actuator.,hydraulic_leak
Slow leak from proportional valve spool seal on CNC gantry loader.,hydraulic_leak
Retract port fitting on hydraulic press cylinder weeping during high tonnage.,hydraulic_leak
Hose assembly ruptured near crimp collar on trash compactor power unit.,hydraulic_leak
Overflow of hydraulic reservoir due to aeration and excessive return flow.,hydraulic_leak
"Gasket failure on hydraulic reservoir clean-out cover, pooling oil underneath.",hydraulic_leak
Leaking banjo bolt on hydraulic brake caliper assembly of forklift.,hydraulic_leak
Split outer jacket on hydraulic supply line with wire braid exposed and weeping oil.,hydraulic_leak
Blown end-cap seal on hydraulic leveling cylinder of scissor lift.,hydraulic_leak
Pinhole leak on main pressure supply hose feeding press #3 clamp cylinder.,hydraulic_leak
"Hydraulic oil pooling under pump skid unit B, fittings loose on suction line.",hydraulic_leak
Main lift cylinder rod seal weeping fluid during heavy cycle operations.,hydraulic_leak
"Conveyor 4 hydraulic drive motor shaft seal blown, active pooling on floor.",hydraulic_leak
Severe hydraulic leak from directional control valve block on stamping press #2.,hydraulic_leak
"Hose rupture on loader arm tilt circuit, lost approx 5 gal fluid before E-stop.",hydraulic_leak
"Reservoir drain valve dripping steadily, replaced plug gasket to fix.",hydraulic_leak
Pusher cylinder gland seal failure spraying fluid onto adjacent guarding.,hydraulic_leak
"Fitting cracked on pilot pressure line of shear machine, low system psi fault.",hydraulic_leak
Hydraulic leak at banjo fitting on steering actuator of forklift #12.,hydraulic_leak
Pinion gearbox lube unit leaking from pressure relief sandwich plate.,hydraulic_leak
Stacker crane hoist motor return line chafed against structural steel frame.,hydraulic_leak
Minor seep observed at manifold block test port coupling on press line 4.,hydraulic_leak
Hydraulic fluid spraying from pinhole in high pressure accumulator feed hose.,hydraulic_leak
"Bale press main cylinder bottom seal blown out, massive fluid loss on deck.",hydraulic_leak
Hydraulic power unit heat exchanger tube joint leaking oil into water side.,hydraulic_leak
Snubber line connection weeping oil near pressure gauge on hydraulic press 1.,hydraulic_leak
Crankcase breather on power unit spewing atomized hydraulic oil due to overfill.,hydraulic_leak
Quick disconnect coupling failing to seal when unplugged on mobile tugger attachment.,hydraulic_leak
Sprocket lubrication pump discharge line sheared off at compression fitting.,hydraulic_leak
Cracked weld on hydraulic reservoir return trough causing slow continuous leak.,hydraulic_leak
Elevator lift table hydraulic ram packing gland leaking profusely under load.,hydraulic_leak
Proportional valve stack leaking through center O-ring seals on machine center 6.,hydraulic_leak
"Suction strainer housing gasket failed, sucking air and leaking oil externally.",hydraulic_leak
Hydraulic clamping circuit manifold leaking from internal plug weep hole.,hydraulic_leak
Hydraulic leak at rotary joint on index table rotating base.,hydraulic_leak
Cylinder barrel weld weeping hairline crack on hydraulic press brake ram.,hydraulic_leak
"Inline filter housing cover O-ring extruded, causing high pressure spray.",hydraulic_leak
Track tensioner grease/hydraulic adjuster cylinder seal leaking grease/oil mix.,hydraulic_leak
"Hydraulic cooler core cracked internally, mixing oil with cooling water loop.",hydraulic_leak
Pinpoint leak spraying hydraulic oil from the main pressure relief valve block on press line 2.,hydraulic_leak
Hydraulic fluid pooling under the steering cylinder pivot pin on forklift 14.,hydraulic_leak
Minor weep observed at the return line banjo fitting on the stamping press.,hydraulic_leak
"Main hydraulic pump shaft seal blown, heavy pooling underneath skid 3.",hydraulic_leak
"Hydraulic hose chafed against the structural frame near axis Z actuator, dripping oil at 2 drops/sec.",hydraulic_leak
"Fitting loose on the accumulator dump line, steady drip during high pressure cycles.",hydraulic_leak
"Pin-hole leak in the high-pressure steel line feeding clamp cylinder 4, spraying fluid onto safety guard.",hydraulic_leak
Cracked weld on the reservoir return port causing continuous fluid loss on power unit B.,hydraulic_leak
Slewing drive hydraulic motor shaft seal leaking moderately into the gearbox housing.,hydraulic_leak
O-ring failure in the quick-disconnect coupling on the auxiliary attachment circuit.,hydraulic_leak
"Crushed crush washer on the main manifold gauge port, fluid weeping under full load.",hydraulic_leak
"Cylinder rod seal blown on lift station 6, oil spraying past wiper during retraction.",hydraulic_leak
"Hydraulic leak at the suction strainer housing gasket, low pump priming and air in lines.",hydraulic_leak
"Bleeder valve on brake manifold left loose during PM, minor seepage noted.",hydraulic_leak
"Banjo bolt sheared off on the proportional valve block, total loss of system pressure.",hydraulic_leak
"Pinhole in flexible rubber return hose near the cooling fan motor, spraying fine mist.",hydraulic_leak
Flange gasket blown between pump discharge and check valve on unit 7.,hydraulic_leak
Hydraulic fluid leaking past the spool valve end cap on directional control valve #3.,hydraulic_leak
Cracked hydraulic filter housing spewing fluid upon startup of hydraulic power unit.,hydraulic_leak
"Rod end seal failing on the dump gate cylinder, pooling oil in the pit.",hydraulic_leak
Pin-hole leak in the steel hard line underneath conveyor drive motor 12.,hydraulic_leak
"Leaking shaft seal on the hydraulic fan drive motor, oil dripping onto hot exhaust.",hydraulic_leak
"Fitting cross-threaded during last shift repair on the indexer cylinder, blowing fluid.",hydraulic_leak
Hydraulic oil weeping from the reservoir sight glass perimeter seal.,hydraulic_leak
Internal bypass causing external housing crack on the main steering orbitrol valve.,hydraulic_leak
"Pressure line chafing through protective sleeve against cable tray, spraying fluid.",hydraulic_leak
Bottom drain plug stripped and leaking hydraulic fluid on compressor package 2.,hydraulic_leak
"Actuator cushion adjustment screw missing O-ring, spraying oil under shock load.",hydraulic_leak
Split hose jacket and bulging rubber on line 4 of the hydraulic press bed.,hydraulic_leak
Cracked elbow fitting on the pilot pressure line causing erratic operation and fluid loss.,hydraulic_leak
Hydraulic fluid weeping from main feed hose fitting on press line 2.,hydraulic_leak
Pin hole leak in high pressure supply line spraying fluid near motor.,hydraulic_leak
"Cylinder rod seal blown on lift station #4, pooling oil on floor.",hydraulic_leak
"Hydraulic leak at the banjo fitting on steering actuator, needs new crush washers.",hydraulic_leak
O-ring failure on main manifold block causing steady drip during operation.,hydraulic_leak
"Return line chafed against frame rail, leaking fluid near conveyor drive.",hydraulic_leak
"Main pump shaft seal leaking past drain port, high fluid loss observed.",hydraulic_leak
Solenoid valve bank #3 weeping oil from stack gaskets.,hydraulic_leak
Cracked hydraulic reservoir sight glass leaking fluid onto containment pan.,hydraulic_leak
Pinched seal on hydraulic cylinder causing heavy bypass and external leak.,hydraulic_leak
"Fitting loose on heat exchanger inlet line, fluid pooling in lower cowl.",hydraulic_leak
Hydraulic leak at quick-disconnect coupling on forklift attachment.,hydraulic_leak
Cracked weld on hydraulic tank return port weeping oil steadily.,hydraulic_leak
"Busted hose assembly on boom lift knuckle, spraying oil under load.",hydraulic_leak
Flange gasket blown on main hydraulic supply pump.,hydraulic_leak
Slow weep from spool valve end cap on shear machine.,hydraulic_leak
Pinprick leak on pilot line near proportional valve.,hydraulic_leak
Hydraulic fluid leaking from brake actuator seal on haul truck.,hydraulic_leak
Crushed copper washer on pressure gauge snubber leaking oil.,hydraulic_leak
Pinhole in braided steel hose feeding clamp cylinder.,hydraulic_leak
Main lift cylinder bottom gland seal leaking under pressure.,hydraulic_leak
Loose suction line clamp causing air ingestion and fluid weeping at pump inlet.,hydraulic_leak
Bleeder valve stripped and leaking hydraulic fluid on indexing table.,hydraulic_leak
Cracked filter housing head spraying oil upon startup.,hydraulic_leak
Cylinder trunnion pin seal leaking on tilt mechanism.,hydraulic_leak
"Proportional valve subplate O-rings extruded, causing severe fluid loss.",hydraulic_leak
Hose rub-through against structural member on reach truck mast.,hydraulic_leak
Steering orbital valve leaking from shaft seal into cab.,hydraulic_leak
Pinched O-ring on sandwich valve stack causing multi-point leak.,hydraulic_leak
Hydraulic leak at filter bypass valve assembly on power unit 1.,hydraulic_leak
"Pinhole leak on main pressure hose feeding lift cylinder #3, pooling fluid on floor.",hydraulic_leak
"Hydraulic fluid dripping steadily from rod seal on primary clamp cylinder, press line 2.",hydraulic_leak
"Fitting loose at distribution manifold, fluid spraying on adjacent conveyor belt.",hydraulic_leak
Cracked return line hose near inline filter housing causing moderate pooling.,hydraulic_leak
Main hydraulic reservoir sight glass leaking around gasket flange.,hydraulic_leak
"PUMP 4 MAIN SEAL BLOWN, MAJOR LOSS OF FLUID AND PRESSURE DROP.",hydraulic_leak
"O-ring failure on directional control valve stack, station B.",hydraulic_leak
Slight seepage from hydraulic motor shaft seal on rotary index table.,hydraulic_leak
"JIC fitting on suction line vibrating loose, weeping fluid constantly.",hydraulic_leak
"Cylinder cap end seal blown out on hoist mechanism, immediate shut down required.",hydraulic_leak
Pinched hose rubbing against structural frame under power unit #1.,hydraulic_leak
Flange gasket blown on main hydraulic pump discharge port.,hydraulic_leak
Slow drip from proportional valve manifold block on stamping press.,hydraulic_leak
"Pinhole in braided steel line supplying hydraulic shear, spraying oil.",hydraulic_leak
Cracked elbow fitting on accumulator charging circuit.,hydraulic_leak
Worn wiper seal on hydraulic cylinder causing heavy oil bypass during retract cycle.,hydraulic_leak
Loose bulkhead fitting where lines pass through machine guard.,hydraulic_leak
Bulk hydraulic line chafed through by cable carrier track on gantry robot.,hydraulic_leak
Severe leak from counterbalance valve block on boom lift.,hydraulic_leak
Seal failure on hydraulic drive motor for cooling fan #2.,hydraulic_leak
Hose assembly ruptured near crimp collar during high-pressure cycle.,hydraulic_leak
"Weeping seal on pilot-operated check valve, hydraulic press 5.",hydraulic_leak
Drain plug on hydraulic reservoir stripped and leaking continuously.,hydraulic_leak
"Pin-hole leak on pilot line for main relief valve, low system pressure.",hydraulic_leak
"Gasket failure on suction strainer housing, air ingestion and fluid loss.",hydraulic_leak
Quick-disconnect coupling leaking heavily when under load.,hydraulic_leak
"Fittings loose on proportional valve subplate, hydraulic unit 7.",hydraulic_leak
Torn bellows seal on actuator leaking fluid into pneumatic cabinet.,hydraulic_leak
"Crushed O-ring in sandwich valve stack, hydraulic power pack #3.",hydraulic_leak
Ruptured flexible return hose on injection molding machine clamp unit.,hydraulic_leak
Main hydraulic pump suction line fitting leaking fluid onto containment pan.,hydraulic_leak
"Hydraulic leak at the rod seal on lift cylinder #3, slow drip during operation.",hydraulic_leak
Pinhold leak spraying fluid from the high-pressure hose near the valve manifold.,hydraulic_leak
"Main reservoir return line cracked at the weld, steady pooling underneath unit.",hydraulic_leak
"Proportional valve block leaking from internal O-rings, low system pressure.",hydraulic_leak
"Hydraulic leak detected at the drive motor flange, fluid pooling in drip tray.",hydraulic_leak
"Fitting loose on main lift cylinder port A, weeping oil under full load.",hydraulic_leak
Pinched O-ring on filter housing cover causing severe hydraulic leak during startup.,hydraulic_leak
"Conveyor indexer cylinder leaking past piston rod wiper, slip hazard on floor.",hydraulic_leak
Cracked banjo fitting on the accumulator dump valve spraying oil over guard.,hydraulic_leak
"High-pressure hose chaffed against frame rail and ruptured, system bled out.",hydraulic_leak
"Servo valve subplate gasket blown, heavy hydraulic leak and loss of control.",hydraulic_leak
Hydraulic fluid weeping from quick-disconnect coupling on auxiliary circuit.,hydraulic_leak
"Rotary actuator shaft seal failed, spilling oil into the containment shroud.",hydraulic_leak
"Pinpoint spray leak on main pump discharge hose, wrapping with tape temporarily.",hydraulic_leak
"Loader tilt cylinder gland nut loose, blowing hydraulic fluid on cycle return.",hydraulic_leak
Cooler core fitting stripped and leaking hydraulic oil into the water loop.,hydraulic_leak
"Main press cylinder upper seal blown, rapid oil loss on closing stroke.",hydraulic_leak
"Pinhole in steel hardline near manifold block, spraying atomized oil.",hydraulic_leak
Solenoid valve bank leaking between stack sections due to degraded seal.,hydraulic_leak
"Hydraulic leak at the steering orbital valve threaded port, requires new fitting.",hydraulic_leak
"Crankcase seal failure on hydraulic power unit #2, steady puddle on floor.",hydraulic_leak
"Brake actuator line ruptured, complete loss of pressure in secondary circuit.",hydraulic_leak
"Clamp loose on suction strainer housing, drawing air and leaking fluid.",hydraulic_leak
Hydraulic leak from the deck lift hinge pin cylinder hose assembly.,hydraulic_leak
"Filter bypass housing gasket failed, spewing oil during morning warm-up.",hydraulic_leak
"Reel drive motor case drain line severed, high volume leak under deck.",hydraulic_leak
Hydraulic leak at the directional control valve spool end cap O-ring.,hydraulic_leak
Press ram balance cylinder bottom clevis fitting leaking heavily.,hydraulic_leak
"Quick-release coupling failing under pressure, spraying oil onto hot exhaust.",hydraulic_leak
"Hydraulic fluid pooling under main drive pump on press line 2, fitting loose at discharge port.",hydraulic_leak
"Pinholing in high-pressure hose feeding cylinder 4 on stamping press, needs immediate replacement.",hydraulic_leak
"O-ring failure on main control valve manifold, low system pressure reported by operators.",hydraulic_leak
"Slow weep observed at rod seal of lift cylinder #3, scheduled for weekend PM.",hydraulic_leak
Minor drip coming from threaded elbow on hydraulic power unit reservoir drain.,hydraulic_leak
"Catastrophic hose rupture on boom lift hydraulic circuit, machine tagged out.",hydraulic_leak
"Fitting cracked on pilot line of injection molding machine clamp, spraying oil on guarding.",hydraulic_leak
"Hydraulic leak at flange connection of cooling fan motor, fluid contaminating floor.",hydraulic_leak
"Shaft seal blown on hydraulic motor driving conveyor belt #7, heavy pooling.",hydraulic_leak
"Seep at banjo fitting on steering actuator, skid steer losing fluid over shift.",hydraulic_leak
"Hydraulic oil spraying from pinhole in primary supply line to shear press, system shut down.",hydraulic_leak
Cracked weld on hydraulic reservoir return port causing steady leak.,hydraulic_leak
Worn wiper seal on hydraulic ram allowing oil to bypass during retraction stroke.,hydraulic_leak
Loose quick-disconnect coupling leaking fluid when robotic arm articulates.,hydraulic_leak
Pinched O-ring in sandwich valve stack on CNC lathe hydraulic unit.,hydraulic_leak
"Slight moisture around pressure gauge snubber fitting, monitor during daily checks.",hydraulic_leak
"Hose chafing against structural frame near outrigger cylinder, weeping fluid.",hydraulic_leak
"Blown gasket on suction strainer housing, air ingestion and external leak on HPU 1.",hydraulic_leak
Hydraulic fluid leaking past packing gland on large dump gate cylinder.,hydraulic_leak
Split in drain hose running from servo valve back to tank.,hydraulic_leak
"Fitting stripped on secondary circuit of hydraulic press, pressure dropping off.",hydraulic_leak
Heavy leak from proportional valve subplate seal on palletizer.,hydraulic_leak
Weeping hydraulic fluid around sight glass on reservoir tank #4.,hydraulic_leak
Crushed crush washer on banjo bolt of brake caliper hydraulic line.,hydraulic_leak
Leak at swivel joint of material handler boom hose reel.,hydraulic_leak
"Blown seal on hydraulic gear pump, fluid spraying onto adjacent wiring harness.",hydraulic_leak
Pinched seal in quick-release coupling on liftgate hydraulic circuit.,hydraulic_leak
Cracked hardline on manifold block of extrusion line hydraulic system.,hydraulic_leak
O-ring extrusion on cylinder end cap causing steady oil loss.,hydraulic_leak
"Loose compression fitting on pressure transducer line, minor drip.",hydraulic_leak
Hydraulic leak observed at the main pressure line fitting on the 50-ton punch press.,hydraulic_leak
"Pinhole leak on the braided supply hose of conveyor line 3 lift cylinder, fluid pooling on floor.",hydraulic_leak
Hydraulic leak spraying from the rod seal on primary clamp cylinder of injection molding machine #2.,hydraulic_leak
Minor seepage around the suction strainer flange on hydraulic power unit HPU-04.,hydraulic_leak
"Main hydraulic pump discharge port flange gasket blown, immediate shutdown required.",hydraulic_leak
Hydraulic fluid leaking steadily from the proportional control valve block on turret lathe #5.,hydraulic_leak
"Cracked return line fitting behind the cooling fan motor, low oil level alarm triggered.",hydraulic_leak
Hydraulic leak at the quick-disconnect coupling on the auxiliary attachment of skid steer loader B.,hydraulic_leak
O-ring failure on the hydraulic manifold block causing heavy dripping onto structural framing.,hydraulic_leak
Hydraulic leak bubbling out from under the reservoir tank sight glass on stamping press 12.,hydraulic_leak
"Supply hose chafing against cable tray, resulting in a pinhole hydraulic leak near press brake #1.",hydraulic_leak
Slewing ring hydraulic motor shaft seal leaking moderately on excavator unit 7.,hydraulic_leak
Slow weep from the lower cylinder trunnion seal on the dock lift scissor mechanism.,hydraulic_leak
"High-pressure fitting stripped on the pipe bending machine clamp circuit, fluid spraying.",hydraulic_leak
Minor leak at the pilot operated check valve on hydraulic elevator unit 2.,hydraulic_leak
Hydraulic fluid dripping from the spool valve bank on the trash compactor unit.,hydraulic_leak
"Seal failure on the right-side stabilizer jack cylinder, puddle forming on concrete.",hydraulic_leak
Hydraulic leak on the variable displacement pump control actuator of milling machine 4.,hydraulic_leak
Loose bulkhead fitting letting hydraulic oil bypass on the parts washing conveyor.,hydraulic_leak
Cracked weld near the return port on the 200-gallon hydraulic reservoir tank.,hydraulic_leak
Hydraulic leak on the brake accumulator charging valve block of the gantry crane.,hydraulic_leak
Hose assembly ruptured near the die-set clamping cylinder during high-pressure cycle.,hydraulic_leak
Seeping hydraulic fluid around the filter housing drain plug on central lube system B.,hydraulic_leak
Rod scraper seal blown on the primary dump cylinder of the material handler.,hydraulic_leak
Hydraulic leak from the banjo fitting on the hydrostatic drive transmission of forklift 9.,hydraulic_leak
Pin-hole spray from the pilot line feeding the main shear hold-down cylinders.,hydraulic_leak
Severe hydraulic leak at the banjo bolt on the steering orbitrol valve of loader 3.,hydraulic_leak
O-ring extruded out of the sandwich valve stack on hydraulic power pack 6.,hydraulic_leak
Leaking shaft seal on the hydraulic motor driving the rotary indexing table.,hydraulic_leak
"Fitting loose on the pressure relief valve manifold, weeping fluid under load.",hydraulic_leak
Hydraulic fluid dripping from main supply hose fitting on injection molding press #3.,hydraulic_leak
"Pin-hole leak on return line of hydraulic power unit #2, pooling oil under skid.",hydraulic_leak
"Cylinder rod seal blown on lift gate actuator, severe fluid loss during cycle.",hydraulic_leak
Hydraulic leak at flange connection on primary press feed pump.,hydraulic_leak
"O-ring failure on directional control valve block, active spray on adjacent wiring harness.",hydraulic_leak
Weeping seal on hydraulic drive motor for conveyor belt B-4.,hydraulic_leak
"Main reservoir sight glass leaking around gasket, low fluid level alarm triggered.",hydraulic_leak
"Pinched hose on hydraulic clamp circuit, pressure dropping below 1200 psi threshold.",hydraulic_leak
"Cracked hydraulic line on scrap shear machine, unit shut down immediately to prevent spill.",hydraulic_leak
Slow drip from banjo fitting on steering actuator of forklift #12.,hydraulic_leak
Hydraulic oil pooling beneath hydraulic press brake cylinder seal.,hydraulic_leak
Pinhole leak spraying synthetic fluid onto exhaust guard of diesel power pack.,hydraulic_leak
Blown high-pressure hose on overhead crane winch hydraulic motor.,hydraulic_leak
"Fitting loose on manifold block, causing steady seep of hydraulic fluid.",hydraulic_leak
"Cracked weld on hydraulic reservoir return port, active leak requiring immediate patch.",hydraulic_leak
"Rod wiper seal failure on hydraulic press ram, oil spilling onto lower die set.",hydraulic_leak
Damaged quick-disconnect coupling leaking fluid whenever loader attachment is activated.,hydraulic_leak
Seep at pressure gauge snubber connection on main hydraulic loop.,hydraulic_leak
"Leaking pump shaft seal on hydraulic power unit #5, low oil level lockout tripped.",hydraulic_leak
Cracked hardline on hydraulic brake system of stamping press #7.,hydraulic_leak
"O-ring extrusion on sandwich valve stack, hydraulic fluid dripping onto containment tray.",hydraulic_leak
"Torn bellows seal on linear actuator, hydraulic fluid leaking past wiper ring.",hydraulic_leak
"Loose flange bolts on hydraulic heat exchanger inlet, steady oil drip noted.",hydraulic_leak
Pinched O-ring on filter housing cover spraying hydraulic oil across skid base.,hydraulic_leak
"Split hydraulic return hose on automated palletizer arm, low pressure fault active.",hydraulic_leak
"Leaking drain plug on hydraulic tank reservoir, slow floor puddle forming.",hydraulic_leak
Blown seal on outrigger hydraulic cylinder of mobile crane.,hydraulic_leak
Corroded hardline pinhole leak on CNC turret lathe hydraulic clamping unit.,hydraulic_leak
"Pitted chrome on hydraulic cylinder rod destroying seal, constant fluid bypass.",hydraulic_leak
"Loose bulkhead fitting on hydraulic accumulator charging circuit, audible hiss and oil spray.",hydraulic_leak
"Hydraulic fluid pooling under main drive pump 2, active drip from shaft seal.",hydraulic_leak
"Pinprick leak on high pressure supply hose to press ram 4, spraying oil onto safety guard.",hydraulic_leak
"Return line fitting loose on hydraulic power unit HPU-01, weeping fluid during cycle.",hydraulic_leak
"Cylinder rod seal blown on lift station 3, major puddle forming on concrete floor.",hydraulic_leak
"Main reservoir sight glass cracked, leaking fluid steadily and low level alarm triggered.",hydraulic_leak
Slow seep at the banjo fitting on the indexer valve block.,hydraulic_leak
Crushed hydraulic line on conveyor 12 lift table causing erratic movement and oil loss.,hydraulic_leak
Pin hole leak in braided stainless hose feeding clamping cylinder #5.,hydraulic_leak
"Quick disconnect coupling failing to seat properly, spraying fluid upon tool change.",hydraulic_leak
Hydraulic motor output shaft seal leaking heavily on winch drum drive.,hydraulic_leak
"Fitting on accumulator dump valve stripped, spraying fluid under 1500 psi.",hydraulic_leak
Seep observed at the flange gasket of the main hydraulic manifold block.,hydraulic_leak
Pinched O-ring on directional control valve subplate causing continuous leak.,hydraulic_leak
"Cylinder barrel weld cracked on steer cylinder, massive oil loss under load.",hydraulic_leak
Minor leak at pressure gauge snubber connection on HPU main line.,hydraulic_leak
"Hose chafing against structural frame near index cylinder, outer braid worn through and weeping.",hydraulic_leak
Worn rod wiper on index cylinder allowing oil to bypass during retraction.,hydraulic_leak
"Bulkhead fitting loose on firewall, hydraulic oil dripping onto exhaust guard.",hydraulic_leak
Cracked plastic reservoir drain plug slowly bleeding fluid onto containment berm.,hydraulic_leak
"Suction line hose clamp loose at pump inlet, drawing air and leaking fluid.",hydraulic_leak
Pinhole leak on servo valve pilot line causing erratic axis drift and oil mist.,hydraulic_leak
Split in return hose from hydraulic motor on cooling fan drive.,hydraulic_leak
"Blown cap end seal on hydraulic dump cylinder, immediate containment required.",hydraulic_leak
Fitting cross-threaded during PM and now leaking moderately under operating pressure.,hydraulic_leak
Worn rotary union seal spraying hydraulic oil inside the index table housing.,hydraulic_leak
"Pinched gasket on inline hydraulic filter housing cover, pooling oil on top of unit.",hydraulic_leak
Cracked banjo bolt on brake caliper hydraulic line leaking fluid and reducing pressure.,hydraulic_leak
Heavy weeping from spool valve end cap on stack 3 of loader valve.,hydraulic_leak
Damaged quick-connect fitting on auxiliary hydraulic circuit leaking when pressurized.,hydraulic_leak
"Pinprick leak on hard steel line feeding clamp cylinder #2, needs immediate patch or replacement.",hydraulic_leak
Pinhole leak on main pressure hose feeding primary stamping press cylinder.,hydraulic_leak
Hydraulic fluid pooling under the reservoir drain valve on unit 2.,hydraulic_leak
O-ring failure on the servo valve manifold of conveyor line B actuator.,hydraulic_leak
Slight weep observed at the return line swivel fitting on the injection molding clamp.,hydraulic_leak
"Main hydraulic pump shaft seal blowing oil at high RPM, active pooling on floor.",hydraulic_leak
Cracked return line hose spraying fluid onto adjacent conduit near lift station 4.,hydraulic_leak
Cylinder rod seal leaking heavily on press brake ram during high tonnage cycles.,hydraulic_leak
"Fittings loose on the accumulator block, steady drip under pressure.",hydraulic_leak
Pinched gasket on the hydraulic filter housing causing persistent weeping.,hydraulic_leak
"Catastrophic failure of the high-pressure feed line on shear machine 3, cleanup in progress.",hydraulic_leak
Leaking flange gasket on the main hydraulic power unit heat exchanger.,hydraulic_leak
Cracked welded elbow on return manifold of hydraulic elevator lift.,hydraulic_leak
"Piston rod wiper seal failing on hydraulic clamp cylinder, pooling oil in catcher tray.",hydraulic_leak
Seepage around the spool valve bank on material handling gantry crane.,hydraulic_leak
"Hose chaffing against frame near lift gate actuator, slight fluid loss noted.",hydraulic_leak
"Blowout on the main supply line to the hydraulic shear, system pressure lost.",hydraulic_leak
Minor leak at the quick-disconnect coupling on portable hydraulic power pack.,hydraulic_leak
Weeping seal on the radial piston motor driving the rotary indexing table.,hydraulic_leak
Pin-hole leak spraying hydraulic mist onto safety guard of punch press 5.,hydraulic_leak
Loose bulkhead fitting letting fluid bypass into the secondary reservoir chamber.,hydraulic_leak
Cracked sight glass on hydraulic reservoir 1 letting oil wick down the side panel.,hydraulic_leak
Ruptured suction hose on primary hydraulic pump causing cavitation and oil loss.,hydraulic_leak
Gland seal blown on the primary dump cylinder of waste compactor unit.,hydraulic_leak
Leak at the pressure gauge snubber connection on hydraulic test bench.,hydraulic_leak
O-ring extrusion on the manifold subplate of automated assembly station 7.,hydraulic_leak
Slow drip from the proportional valve stack on the CNC gantry loader.,hydraulic_leak
Fitting stripped on the auxiliary hydraulic circuit of skid steer loader 4.,hydraulic_leak
Blown seal on the counterbalance valve block of overhead crane winch.,hydraulic_leak
"Hose assembly rubbing on structural member, weeping oil near press 9.",hydraulic_leak
"Pinpoint leak at main supply hose fitting on hydraulic power unit #2, losing approx 1 qt per shift.",hydraulic_leak
"Hydraulic cylinder rod seal blown on press brake clamp, pooling oil on factory floor.",hydraulic_leak
"Pinhole leak on high-pressure steel line feeding main lift cylinder, spraying fluid near hot exhaust.",hydraulic_leak
"Fitting loose on return line of hydraulic drive motor for conveyor #4, needs tightening and new o-ring.",hydraulic_leak
"Cracked rubber suction hose on hydraulic pump intake, creating cavitation and minor fluid weep.",hydraulic_leak
"Severe hydraulic fluid leak from spool valve bank on stamping press #1, safety hazard.",hydraulic_leak
"Weeping seal on hydraulic actuator for ventilation damper, low priority drip pan in place.",hydraulic_leak
Main reservoir drain valve slowly dripping hydraulic oil onto containment pad.,hydraulic_leak
"Blown high-pressure hose on injection molding machine clamping unit, machine down.",hydraulic_leak
"Hydraulic leak at filter housing gasket, needs replacement element and new seal.",hydraulic_leak
Pinched O-ring on manifold block causing steady hydraulic leak near sensor wiring.,hydraulic_leak
"Leaking hydraulic cylinder end-cap seal on trash compactor ram, tripping low level alarm.",hydraulic_leak
"Pinhole in braided stainless steel hose on steering circuit, dripping onto frame.",hydraulic_leak
"Cracked hydraulic reservoir weld near return port, weeping oil under pressure.",hydraulic_leak
"Fitting stripped on hydraulic gear pump outlet, spraying fluid and dropping system pressure.",hydraulic_leak
"Seep at proportional control valve stack, wiped down area to monitor for recurrence.",hydraulic_leak
"Blown hydraulic motor shaft seal on winch drum, pooling oil in bilge.",hydraulic_leak
"Loose banjo bolt on brake hydraulic line, causing spongy pedal and minor fluid loss.",hydraulic_leak
"Cracked hardline on CNC lathe turret hydraulic indexer, leaking onto way covers.",hydraulic_leak
"Leaking drain plug on hydraulic power pack reservoir, needs thread sealant.",hydraulic_leak
"Blown wiper seal on hydraulic lift cylinder, allowing oil bypass and external drip.",hydraulic_leak
Leaking seal on rotary actuator of packaging machine indexer.,hydraulic_leak
"Fitting on accumulators weeping hydraulic fluid under load, scheduled for pack-off replacement.",hydraulic_leak
Torn hydraulic line jacket with exposed inner wire braid actively weeping fluid near pinch point.,hydraulic_leak
"Blown seal on inline check valve, hydraulic fluid leaking back and draining reservoir overnight.",hydraulic_leak
"Leaking flange gasket on main hydraulic pump suction side, drawing air into system.",hydraulic_leak
"Pin hole leak in hydraulic cooler core, contaminating cooling water with oil.",hydraulic_leak
"Crushed hydraulic hose where guide arm pinched it, causing immediate blowout and full system depressurization.",hydraulic_leak
Slow drip from proportional valve pilot line banjo fitting on the main press.,hydraulic_leak
Pinhole leak spraying fluid on main pressure line near the primary feed pump.,hydraulic_leak
Hydraulic oil pooling under the discharge fitting of the scrap conveyor drive motor.,hydraulic_leak
"Cylinder rod seal blown on lift station #3, active pooling on the shop floor.",hydraulic_leak
Weeping fitting on the return manifold of hydraulic press 2.,hydraulic_leak
Minor drip coming from the spool valve bank on the overhead crane trolley.,hydraulic_leak
Hydraulic fluid spraying from a chafed high-pressure hose on the injection mold clamp.,hydraulic_leak
"Main reservoir sight glass is leaking around the gasket, slow steady drip.",hydraulic_leak
Hydraulic leak at the quick-disconnect coupling on the auxiliary cooling fan skid.,hydraulic_leak
"Seal failure on the rotary actuator of index table B, loss of holding pressure noted.",hydraulic_leak
Heavy leak from the main hydraulic pump suction flange on the wood chipper.,hydraulic_leak
Pin-hole spray on the hydraulic line feeding the shear clamp cylinder.,hydraulic_leak
Slow leak at the threaded elbow fitting on the hydraulic elevator power unit.,hydraulic_leak
Cracked hydraulic hose near the manifold block on press brake 4.,hydraulic_leak
Fitted joint leaking on the hydraulic motor driving the parts wash conveyor.,hydraulic_leak
Hydraulic fluid bubbling past the rod wiper on cylinder #2 of the palletizer.,hydraulic_leak
Low level alarm triggered; found major split in the return hose on forklift bay 1.,hydraulic_leak
Pinhole leak on the pilot line of the main hydraulic press.,hydraulic_leak
"Leaking shaft seal on hydraulic pump unit 7, fluid pooling in catch pan.",hydraulic_leak
Weeping O-ring on the subplate of valve station 4.,hydraulic_leak
"Cracked weld on the hydraulic reservoir drain bung, active leak.",hydraulic_leak
"Hose chaffing against structural frame on the loader boom, hydraulic fluid leaking.",hydraulic_leak
"FITTING BLOWN OUT on main hydraulic manifold, immediate shut down required.",hydraulic_leak
Pin-hole leak in high-pressure supply line on stamping press 3.,hydraulic_leak
Hydraulic fluid leaking past the piston rod seal on the compactor ram.,hydraulic_leak
Leaking banjo fitting on the steering actuator of heavy haul truck 12.,hydraulic_leak
Minor seep at the flange gasket of the primary hydraulic heat exchanger.,hydraulic_leak
Seal failure on the hydraulic motor powering the rotary table.,hydraulic_leak
Hydraulic leak on the brake accumulator block of the overhead gantry.,hydraulic_leak
Blown O-ring on the quick-connect port of the test bench hydraulic circuit.,hydraulic_leak
Splitting outer jacket and spraying oil from the main feed hose on unit 9.,hydraulic_leak
"Hose burst on primary lift cylinder of scissor lift #4, pool of oil on floor, immediate tagout.",hydraulic_leak
"Weeping seal on boom extension cylinder, machine 12, top off daily.",hydraulic_leak
Heavy fluid loss from main pressure relief valve block on injection molding press #3.,hydraulic_leak
Pin-hole leak on steel braided return line of CNC lathe #5 hydraulic turret drive.,hydraulic_leak
"Cracked banjo fitting on steering actuator of forklift #8, fluid spraying under pressure.",hydraulic_leak
"Slow drip from pump shaft seal on hydraulic power pack #1, placing drip pan.",hydraulic_leak
Pinhole spray on high-pressure line feeding the clamping cylinder of die cast machine #2.,hydraulic_leak
"O-ring failure on filter housing cap, hydraulic fluid pooling on top of power unit 7.",hydraulic_leak
Tear in flexible suction hose between reservoir and pump on stamping press 4.,hydraulic_leak
Seep at manifold block port B-2 on conveyor #6 belt lift mechanism.,hydraulic_leak
"Major blow-out on main feed line of 500-ton hydraulic press, system depurated.",hydraulic_leak
Loose swivel fitting on grapple rotator circuit of material handler #1.,hydraulic_leak
"Shattered sight glass on reservoir of hydraulic power unit #9, active leak.",hydraulic_leak
Damaged rod wiper and leaking primary seal on tilt cylinder of skid steer #3.,hydraulic_leak
Slow leak from proportional valve stack O-rings on brake press #2.,hydraulic_leak
"Crushed hydraulic line running under pallet wrapper turntable, active pooling.",hydraulic_leak
Pinched O-ring on quick-disconnect coupling of mobile hydraulic cart #1.,hydraulic_leak
Heavy weeping around hydraulic motor shaft seal on drive roller conveyor #7.,hydraulic_leak
"Loose flange bolts on main pump suction port, hydraulic fluid pooling on base frame.",hydraulic_leak
"Ruptured hydraulic accumulator bladder charging line, pressure lost instantly.",hydraulic_leak
Slight oil seepage from pressure gauge snubber fitting on test bench #4.,hydraulic_leak
Blowout on hydraulic hose servicing the core pull circuit on mold machine #1.,hydraulic_leak
Split seam on rubber return line leading to oil cooler on punch press #5.,hydraulic_leak
Loose bulkhead fitting where hydraulic lines pass through chassis of gantry crane.,hydraulic_leak
Seeping seal on counterbalance valve block of overhead crane hoist motor.,hydraulic_leak
"Damaged hydraulic line rubbing against frame member on forklift #11, spraying fluid.",hydraulic_leak
"Cracked weld on hydraulic fluid reservoir seam of bender machine #3, slow seep.",hydraulic_leak
"Loose drain plug on bottom of hydraulic power pack #6, constant drip.",hydraulic_leak
Leaking shaft seal on hydraulic drive motor of automated guided vehicle #2.,hydraulic_leak
"Hydraulic oil weeping from main lift cylinder rod seal on press 3, slow drop under load.",hydraulic_leak
"Fitted new O-ring on return line banjo fitting, leak resolved on conveyor 12 drive unit.",hydraulic_leak
"Pinpoint leak spraying atomized fluid near the main pump discharge manifold, fire hazard.",hydraulic_leak
"Hydraulic fluid pooling under the primary shear actuator, torn high-pressure hose.",hydraulic_leak
Noticed a slow drip from the proportional valve subplate gaskets on stamping line B.,hydraulic_leak
Main hydraulic reservoir level dropping daily; traced to cracked suction line near strainer.,hydraulic_leak
"Slewing motor drain hose ruptured, significant oil loss on excavator swing deck.",hydraulic_leak
"Pin-hole leak on steel hydraulic line feeding clamping cylinder 2, wrapping in temporary tape.",hydraulic_leak
Weeping fitting on the pilot pressure gauge line for the hydraulic power unit.,hydraulic_leak
"Catastrophic failure of the main supply hose on the injection molding clamp unit, oil everywhere.",hydraulic_leak
"Minor seepage around the banjo bolt on the steering orbitrol valve, tightening required.",hydraulic_leak
"Hydraulic oil leaking from the case drain on the axial piston pump, motor overhaul needed.",hydraulic_leak
Seized hydraulic cylinder end cap leaking heavily during rapid cycle operations.,hydraulic_leak
"Fittings loose on the heat exchanger inlet manifold, hydraulic fluid pooling in containment pan.",hydraulic_leak
"Spool valve O-ring blown out on manifold block 4, pressure dropping when actuated.",hydraulic_leak
Cracked weld on the hydraulic reservoir return baffle causing external weeping.,hydraulic_leak
Leaking shaft seal on hydraulic motor driving roller conveyor zone 5.,hydraulic_leak
Pin-hole spray from the high-pressure hose on the hydraulic press brake backgauge.,hydraulic_leak
Main boom lift cylinder weeping fluid past the wiper seal during extension.,hydraulic_leak
Snapped mounting bracket caused excessive vibration and sheared hydraulic pressure line.,hydraulic_leak
Hydraulic fluid bubbling out from under the manifold sandwich plate on index table.,hydraulic_leak
"Slow weep observed on the brake release hydraulic cylinder fitting, forklift 7.",hydraulic_leak
Bleeder valve stripped and leaking hydraulic fluid on the punch press counterbalance circuit.,hydraulic_leak
Torn rubber boot on steering cylinder allowing hydraulic fluid bypass and external leak.,hydraulic_leak
Pin-hole puncture in braided hydraulic line rubbing against frame on conveyor 8.,hydraulic_leak
Major hydraulic leak from cracked valve body on the material hoist lowering circuit.,hydraulic_leak
"Shaft seal blown on hydraulic vane pump, heavy pooling in the drip pan underneath.",hydraulic_leak
"Hydraulic oil leaking from main pressure relief valve on Stamping Press #3, steady drip during operation.",hydraulic_leak
Pinholing on the high-pressure supply hose of Conveyor Line 2 hydraulic power unit.,hydraulic_leak
"Catastrophic failure of rod seal on lift cylinder #4, pool of oil on floor near loading dock.",hydraulic_leak
Weeping fitting at the suction line elbow on the primary hydraulic pump skid.,hydraulic_leak
"Resin press #1 main cylinder gland seal blown out, urgent leak causing pressure drop.",hydraulic_leak
Hydraulic fluid spraying from chafed return line behind the injection molding machine enclosure.,hydraulic_leak
Slow seepage around the flange bolts of the hydraulic reservoir return manifold.,hydraulic_leak
"Servo valve subplate O-ring failed on CNC Mill 4, hydraulic oil pooling in the chip pan.",hydraulic_leak
Pinpoint leak on the pilot line of the overhead crane trolley drive motor.,hydraulic_leak
Hydraulic fluid dripping from the accumulator block isolating valve on die cast machine.,hydraulic_leak
Loose fitting on the cooler return line causing minor puddle near hydraulic power pack B.,hydraulic_leak
"Rod scraper seal damaged on hydraulic press brake ram, minor external oil film present.",hydraulic_leak
Cracked banjo fitting on the steering actuator of heavy forklift #12.,hydraulic_leak
Severe hydraulic leak at the quick-disconnect couplings of the portable filter cart.,hydraulic_leak
Shaft seal failure on the main hydraulic drive pump for the shredder line; heavy loss.,hydraulic_leak
Weeping O-ring at the gauge port of the primary system pressure manifold.,hydraulic_leak
Pinhole spray from a worn rubber hose feeding the index table hydraulic motor.,hydraulic_leak
"Split hydraulic return hose underneath the scissor lift platform, pooling oil.",hydraulic_leak
Blown gasket on the main filter housing cover of hydraulic unit #7.,hydraulic_leak
Leaking shaft seal on the hydraulic fan drive motor of the diesel generator skid.,hydraulic_leak
"Fitting loose on the counterbalance valve block of boom lift #3, steady drip.",hydraulic_leak
Cracked weld near the return port on the custom hydraulic fluid reservoir.,hydraulic_leak
O-ring extrusion on the manifold sandwich plate of the punch press clamping circuit.,hydraulic_leak
Pinched hose rubbing against structural frame causing hydraulic leak on conveyor lift.,hydraulic_leak
Leaking drain plug on the bottom of the main hydraulic fluid storage tank.,hydraulic_leak
Blown cap seal on the secondary leveling cylinder of the roll former machine.,hydraulic_leak
Weeping thread sealant on the pressure transducer adapter of hydraulic press #2.,hydraulic_leak
Hydraulic oil spraying from a ruptured flexible jumper hose on the automated palletizer.,hydraulic_leak
Loose JIC fitting on the hydraulic clamp circuit causing intermittent pressure alarms.,hydraulic_leak
Degraded bulkhead fitting leaking hydraulic fluid through the equipment firewall.,hydraulic_leak
"Hydraulic leak at main suction line flange on #3 hydraulic power unit, pooling on floor.",hydraulic_leak
"Pin-hole leak spraying oil on exhaust manifold of primary stamping press, fire hazard.",hydraulic_leak
"Fitting loose on dump valve actuator, minor drip approx 1 drop/min.",hydraulic_leak
"Main boom cylinder rod seal blown out on excavator unit 7, rapid fluid loss under load.",hydraulic_leak
Cracked rubber return line near hydraulic reservoir on conveyor belt drive motor.,hydraulic_leak
"Hose chaffing against frame rail on scissor lift #12, weeping fluid during operation.",hydraulic_leak
"Pinion gearbox seal leaking heavy gear lube mixed with hyd oil, level dropping steadily.",hydraulic_leak
Quick disconnect coupling failing to seat properly on test bench hydraulic circuit.,hydraulic_leak
"Pin-hole leak on pressure gauge line at 3000 psi manifold, shutting down line.",hydraulic_leak
"Cracked weld on hydraulic fluid reservoir corner, slow seep detected during morning PM.",hydraulic_leak
"O-ring failure in sandwich valve stack on CNC mill #4, pooling in chip pan.",hydraulic_leak
"Blown high-pressure hose on bucket tilt circuit of wheel loader, zero pressure holding.",hydraulic_leak
"Seep at steering cylinder gland seal on forklift #8, top off daily required.",hydraulic_leak
Leak at spin-on return filter housing gasket on injection molding machine #2.,hydraulic_leak
"Crushed copper crush washer on banjo fitting of brake hydraulic line, weeping fluid.",hydraulic_leak
"Pinhole in steel hard line for indexer motor on assembly line B, spraying mist.",hydraulic_leak
Main hydraulic pump shaft seal leaking externally on ventilation fan drive unit.,hydraulic_leak
Loose bulkhead fitting where lines pass through enclosure wall on hydraulic press #1.,hydraulic_leak
"Split seam on suction hose feeding main hydraulic pump, pump cavitating badly.",hydraulic_leak
"Cracked plastic sight glass on hydraulic tank reservoir, leaking oil down side of unit.",hydraulic_leak
"JIC fitting loose on proportional valve manifold, tightening failed to stop drip.",hydraulic_leak
"Hydraulic cylinder end cap bolts loose, blowing oil past main barrel O-ring seal.",hydraulic_leak
"Ruptured pilot line on hydraulic shear, system pressure drops immediately on command.",hydraulic_leak
Pin-hole leak on steel brake line of overhead crane trolley drive.,hydraulic_leak
Worn rod wiper and seal kit leaking on conveyor lift cylinder #3.,hydraulic_leak
"Cracked banjo bolt on servo valve supply line, weeping under high pressure.",hydraulic_leak
"Main feed conveyor tripped thermal overload during startup, reset and checked amp draw.",electrical_fault
"Exhaust fan motor winding shorted to ground, smelling of burnt varnish.",electrical_fault
"Main breaker for HVAC unit 3 tripped repeatedly under load, suspect weak thermal trip.",electrical_fault
"Incoming power supply to PLC cabinet dropped phase, causing emergency stop across line 2.",electrical_fault
Control wiring to isolation valve 4 has insulation breakdown causing intermittent comms loss.,electrical_fault
"Blown 15A control fuse on cooling tower fan starter panel, replaced and tested.",electrical_fault
"Chiller compressor motor showing high resistance to ground on phase B, insulation failing.",electrical_fault
"Conveyor belt drive motor humming and failing to rotate, likely open winding.",electrical_fault
Main distribution panel busbar showing signs of arcing and localized overheating near breaker 4B.,electrical_fault
Hydraulic power unit motor tripped main breaker; found phase imbalance at terminal block.,electrical_fault
"Wiring harness on sorting robot chafed against frame, shorting 24V DC control circuit.",electrical_fault
"Main air compressor starter coil burned out, contactor chatter observed prior to failure.",electrical_fault
"Auxiliary cooling pump motor winding resistance out of spec, megger test failed.",electrical_fault
Limit switch wiring severed on automatic safety gate due to repeated flexing.,electrical_fault
"Transformer step-down unit smoking and tripping primary fuses, critical failure.",electrical_fault
Conveyor line 5 safety circuit open due to intermittent ground fault in emergency stop loop.,electrical_fault
"Exhaust scrubber fan motor phase C dropped out, thermal overload relay tripped instantly.",electrical_fault
Main assembly line PLC power supply unit blown fuse due to internal short.,electrical_fault
"Boiler feed pump motor terminal box filled with moisture, causing phase-to-phase short.",electrical_fault
Palletizer motor tripped breaker; found insulation breakdown on main power lead inside raceway.,electrical_fault
"Cooling fan on VFD drive unit failed, causing inverter to overheat and fault out.",electrical_fault
"Wiring to solenoid valve 12 chewed by rodents, causing short circuit and blown fuse.",electrical_fault
"Main mixing tank agitator motor seized, drawing locked-rotor amps and tripping breaker.",electrical_fault
Main breaker for packaging line tripped on fault; found burnt wiring inside junction box.,electrical_fault
"Rotary kiln drive motor winding insulation degraded, failing hi-pot test.",electrical_fault
"Emergency lighting inverter unit failed transfer test, blown internal DC fuse.",electrical_fault
Main facility chiller control panel lost phase monitoring relay signal.,electrical_fault
"Conveyor transfer motor starter contacts welded shut, tripping upstream breaker.",electrical_fault
Air handling unit supply fan motor experienced catastrophic winding failure and ground fault.,electrical_fault
"Main electrical feed cable to paint booth damaged during forklift traffic, exposed conductors.",electrical_fault
Main supply breaker for Conveyor Line 3 tripped twice today under normal load.,electrical_fault
Blown 15A control fuse on Packing Machine #2; replaced fuse but unit still dead.,electrical_fault
Cooling fan motor on Extruder 4 showing signs of winding failure with burning smell.,electrical_fault
Infeed conveyor drive motor tripped thermal overload; reset and monitored amp draw.,electrical_fault
Insulation breakdown detected on main power cable feeding Boiler Feed Pump B.,electrical_fault
"Exhaust fan #7 motor winding shorted to ground, blew main disconnect fuse.",electrical_fault
VFD fault code F014 on Conveyor Belt B drive; motor humming but not turning.,electrical_fault
Intermittent wiring fault in control cabinet for Rotary Valve 3 causing random stops.,electrical_fault
"Main 480V breaker for Air Compressor #1 tripped on overcurrent, needs megger test.",electrical_fault
"Blown 5A control fuse on Hydraulic Press #2, traced to pinched wire in safety circuit.",electrical_fault
Stator winding failure on 50HP pump motor; pulled unit for shop rebuild.,electrical_fault
Chiller unit compressor motor ground fault tripped breaker; awaiting electrician.,electrical_fault
"Limit switch wiring on Indexing Table frayed, causing erratic signal loss.",electrical_fault
"Main breaker for Assembly Line 4 keeps tripping under heavy load, suspect thermal fatigue.",electrical_fault
Blown power fuse on induction heater transformer; replaced and checked output.,electrical_fault
Exhaust blower motor smoking; winding insulation failed completely.,electrical_fault
Conveyor motor 12 terminal block burned out due to loose connection.,electrical_fault
Tripped thermal overload relay on Palletizer lift motor; reset and checked current.,electrical_fault
Megger test on Main Water Pump motor showed zero resistance on phase C.,electrical_fault
"Blown control transformer fuse on Packaging Robot #1, troubleshooting short.",electrical_fault
VFD on Mixer #3 showing earth fault alarm; motor leads checked out OK.,electrical_fault
Intermittent wiring fault in proximity sensor circuit for Pneumatic Valve 5.,electrical_fault
"Main feed breaker for the paint booth tripped; reset successfully, monitoring temps.",electrical_fault
Blown fuse on HVAC unit #2 blower motor; replaced 30A fuse and checked belt tension.,electrical_fault
Winding resistance out of balance on Centrifugal Pump #1 drive motor.,electrical_fault
Tripped breaker on 480V bus feed to Assembly Station 6; reset and tagged out.,electrical_fault
Insulation failure on crane hoist power cable; splicing in replacement section.,electrical_fault
Blown 2A glass fuse on PLC input card for Conveyor 8 photoeye.,electrical_fault
Cooling tower fan motor tripped overload; manual jog confirms seized bearings causing high amps.,electrical_fault
Blown high-voltage fuse on main plant step-down transformer; utility notified.,electrical_fault
"CB-2 tripped main breaker during startup, found short in supply line.",electrical_fault
"Blower motor 3 running hot, insulation breakdown detected on phase B winding.",electrical_fault
"Blown 15A fuse on control panel for conveyor 4, replaced and tested.",electrical_fault
"Main exhaust fan motor experiencing ground fault, insulation resistance below spec.",electrical_fault
Conveyor 12 emergency stop circuit showing intermittent open wiring fault.,electrical_fault
"Chiller compressor 2 threw thermal overload, windings show signs of thermal degradation.",electrical_fault
Assembly line 3 stepper motor failed due to internal short in phase A winding.,electrical_fault
"Exhaust scrubber pump tripped thermal relay, low resistance on motor winding phase C.",electrical_fault
"Main breaker for packaging line tripped repeatedly under load, tracing wiring fault in raceway.",electrical_fault
"Control transformer for boiler feed pump blew secondary fuse, internal short suspected.",electrical_fault
"Cooling tower fan motor failed megger test, severe insulation breakdown on winding.",electrical_fault
"Hydraulic power unit 1 motor seized, severe winding burn-out and chemical smell present.",electrical_fault
"Conveyor belt transfer station lost power, feed cable severed by sharp bracket edge.",electrical_fault
"Main air compressor tripped overcurrent protection, phase B winding shorted to ground.",electrical_fault
"VAV box 14 actuator motor blew internal fuse, wiring harness pinched in housing.",electrical_fault
"Silo rotary valve motor failed to start, phase loss detected at terminal box.",electrical_fault
Boiler igniter circuit keeps blowing control fuses due to chafed wiring harness.,electrical_fault
"Exhaust fan 7 drive motor tripped starter, internal winding failure on phase A.",electrical_fault
"Sorting line conveyor 5 drive motor shorted out, tripped main distribution breaker.",electrical_fault
"Air handler unit 2 supply fan motor tripped overload, insulation breakdown on phase C.",electrical_fault
Hydraulic press main pump motor failed insulation resistance test on phase A.,electrical_fault
"Palletizer index motor tripped thermal overload, found loose and corroded wire nut in junction box.",electrical_fault
"Chilled water pump motor failed to start, tripped breaker, internal winding short confirmed.",electrical_fault
"Exhaust hood fan motor smoked on startup, major internal winding breakdown.",electrical_fault
Packaging robot arm axis 3 power cable has intermittent open circuit due to repeated flexing.,electrical_fault
"Boiler feed water pump motor tripped breaker, megger test shows failed winding insulation.",electrical_fault
"Rotary screw compressor tripped main breaker, short circuit found in main terminal box.",electrical_fault
"Conveyor line 8 safety circuit tripped, traced to frayed wiring near photoeye sensor.",electrical_fault
Cooling fan on motor 12 shorted out and blew branch circuit fuse.,electrical_fault
"Exhaust fan 3 tripped overload relay, found high resistance on phase B winding connection.",electrical_fault
Main conveyor feed motor tripped thermal overload repeatedly under standard load.,electrical_fault
Auxiliary cooling pump motor experiencing phase imbalance causing high operating temp.,electrical_fault
"Control cabinet main circuit breaker instantly trips on reset, suspect dead short in feed wiring.",electrical_fault
"Main air compressor drive motor failed insulation resistance test, winding breakdown.",electrical_fault
Packaging line conveyor drive motor smoking; internal winding failure confirmed.,electrical_fault
Chiller unit control transformer blew primary fuse during routine startup sequence.,electrical_fault
Main intake damper actuator motor stalled and tripped thermal overload breaker.,electrical_fault
"Booster pump feed cable insulation chafed against conduit edge, causing intermittent ground fault.",electrical_fault
Exhaust scrubber fan motor stalled; thermal overload relay popped.,electrical_fault
Main assembly line PLC cabinet main breaker tripping intermittently under load.,electrical_fault
"Hydraulic power unit pump motor suffered catastrophic winding failure, heavy electrical odor present.",electrical_fault
"Wastewater lift station pump motor experiencing single-phasing, thermal overload tripped.",electrical_fault
Conveyor belt transfer station motor control circuit fuse blowing repeatedly upon start command.,electrical_fault
Cooling tower fan motor insulation breakdown detected during annual megohmmeter testing.,electrical_fault
Main exhaust fan breaker trips immediately when switched to manual override.,electrical_fault
"Boiler feedwater pump motor starter contacts welded shut, blew backup control fuse.",electrical_fault
Conveyor line 3 emergency stop circuit wiring fault causing intermittent machine drops.,electrical_fault
Air handling unit supply fan motor winding failure; high resistance ground on phase A.,electrical_fault
"Main plant air compressor star-delta starter failing to transition, blows control fuse.",electrical_fault
"Rotary screw compressor drive motor winding shorted out, safety breaker blown.",electrical_fault
Palletizer index motor thermal overload tripped; wiring harness pinched in guide rail.,electrical_fault
"Water treatment chemical dosing pump motor fused phases, internal winding burnout.",electrical_fault
Main induction furnace transformer secondary circuit breaker tripped on overcurrent.,electrical_fault
Overhead crane bridge travel motor wiring severed inside festoon cable track.,electrical_fault
"Exhaust ventilation fan motor completely dead, internal thermal fuse blown due to bearing bind.",electrical_fault
Hydraulic press main pump motor starter overload relay tripped; phase loss detected.,electrical_fault
Conveyor sortation line control panel feed breaker trips under heavy throughput.,electrical_fault
Boiler induced draft fan motor insulation degradation causing ground fault trip.,electrical_fault
Rotary airlock motor wiring burnt at terminal box due to loose connection arc.,electrical_fault
"Main feed conveyor motor tripped overload relay on startup, reset and checked amp draw running high.",electrical_fault
"Exhaust fan unit 3 throwing thermal overload repeatedly, found burnt wiring inside terminal box.",electrical_fault
"Blown 15A control fuse on line 2 PLC panel, replaced fuse and traced intermittent short to proximity sensor.",electrical_fault
"Main air compressor main breaker tripped under load, measured low insulation resistance on phase B winding.",electrical_fault
"Chiller pump 2 motor hums and fails to rotate, found open circuit in stator winding.",electrical_fault
"Cooling tower fan VFD showing earth fault alarm, megger test confirmed insulation breakdown on supply cable.",electrical_fault
"Assembly line 4 indexing motor experienced phase loss, resulting in single-phasing and burnt out windings.",electrical_fault
"Packaging machine main panel smells like burnt plastic, found loose terminal connection on main breaker.",electrical_fault
"Exhaust scrubber pump tripped thermal relay, measured high resistance across motor lead T2.",electrical_fault
"Boiler feed pump motor internal short to ground, breaker tripped instantly upon manual start.",electrical_fault
"Conveyor belt 1 emergency stop circuit showing intermittent open, traced to damaged wiring in flexible conduit.",electrical_fault
"Hydraulic power unit 3 main contactor chattering violently, replaced welded contacts and burnt coil.",electrical_fault
"Ventilation supply fan motor winding failure, megger test read zero ohms to frame ground.",electrical_fault
"Palletizer robot cabinet experienced catastrophic fuse blow on 24V power supply, shorted solenoid valve found.",electrical_fault
"Mixer agitator motor tripped thermal overload, thermal camera showed high resistance on leg C connection.",electrical_fault
"Stacker crane hoist motor failed insulation test, moisture ingress found inside terminal enclosure.",electrical_fault
"Waste water pump 1 control circuit dead, primary transformer fuse blown due to water in junction box.",electrical_fault
"Line 3 transfer conveyor tripped breaker, found chewed wiring harness underneath machine bed.",electrical_fault
"Centrifugal blower motor seized and tripped overload, discovered shorted turns in stator coil.",electrical_fault
"Rotary valve motor starter humming loudly, found blown control fuse and shorted actuator solenoid.",electrical_fault
"Dust collector motor tripped main breaker, insulation breakdown on lead-in cable inside junction box.",electrical_fault
"Wastewater aerator motor single-phased, thermal overload saved unit but winding insulation compromised.",electrical_fault
"Compressor room ventilation fan tripped breaker, found fried wiring terminal block due to high vibration.",electrical_fault
"Main intake damper actuator motor failed to respond, fuse blown and internal wiring burnt out.",electrical_fault
"Boiler induced draft fan motor experienced ground fault trip, stator winding failed megger test completely.",electrical_fault
"Conveyor transfer station photocell power line shorted to frame, blowing internal DC power supply fuse.",electrical_fault
"Chiller compressor 1 crankcase heater circuit tripped breaker, found shorted heating element inside compressor shell.",electrical_fault
"Assembly station 2 pneumatic valve manifold power lost, fuse blown due to pinched solenoid cable.",electrical_fault
"Sludge pump motor tripped thermal overload twice today, high megger readings indicate failing insulation on phase A.",electrical_fault
"Main distribution panel feeder breaker trips intermittently, found loose lug connection causing high resistance and heat.",electrical_fault
"Line 3 conveyor motor tripped thermal overload; reset and tested, pulls 14A phase C.",electrical_fault
Main exhaust fan #2 tripped main breaker; found direct short in motor leads inside terminal box.,electrical_fault
"Blown 15A control fuse on Conveyor 4 VFD input; replaced fuse, checked for binding, ok.",electrical_fault
Cooling tower fan motor winding resistance out of spec; Megger test shows 0.2 megohms to ground.,electrical_fault
Main air compressor starter coil burned out; ordered replacement contactor.,electrical_fault
Exhaust blower #3 making high-pitched hum; pulled peckerhead and found loose lug on Phase B.,electrical_fault
Hydraulic power unit #1 tripped overloads; motor insulation breakdown confirmed with insulation tester.,electrical_fault
Chilled water pump motor failed to start; 480V supply dropping to 208V on leg A.,electrical_fault
Packaging line #2 emergency stop circuit intermittent; traced to chafed wiring harness in cable track.,electrical_fault
Exhaust fan unit A tripped breaker; motor thermal switch open due to seized bearings.,electrical_fault
Agitator motor on mixing tank #4 tripping instantly upon manual start; megger showed shorted windings.,electrical_fault
Conveyor belt transfer station control panel lost 24VDC; found blown glass fuse on power supply output.,electrical_fault
"Exhaust scrubber motor smoking upon startup; internal winding short detected, tagged out.",electrical_fault
Boiler feed pump motor terminal block melted; vibration caused loose lug and high resistance arc.,electrical_fault
Palletizer index motor tripped thermal overload; measured current imbalance across all three phases at 18%.,electrical_fault
Air handling unit #5 supply fan failed to energize; control relay CR-1 coil open circuit.,electrical_fault
Coolant pump motor internal stator winding shorted to frame; replaced pump assembly.,electrical_fault
"Shredder motor main breaker trips under heavy load; checked amp draw, phase A running 15% high.",electrical_fault
Rotary screw compressor starter contactor chattering; replaced pitted contacts and coil assembly.,electrical_fault
Overhead crane bridge drive motor phase lost; found broken wire inside flexible conduit run.,electrical_fault
"Exhaust hood fan #1 blown main fuse; motor windings shorted to ground, preparing for rewind.",electrical_fault
Conveyor line 5 photo-eye wiring chewed by rodents; spliced and heat-shrunk 24V signal lines.,electrical_fault
"Centrifugal pump motor tripped thermal relay; reset overload, checked alignment and amperage, all good.",electrical_fault
Exhaust fan motor thermal overload tripped; motor drawing high amps due to phase imbalance.,electrical_fault
"Sifter motor terminal box filled with water; dried out, cleaned corrosion, and Megger tested ok.",electrical_fault
Baghouse dust collector solenoid valve bank lost power; tripped internal circuit breaker on PLC rack.,electrical_fault
Exhaust fan unit 3 throwing breaker on startup; soft start module internal thyristor shorted out.,electrical_fault
Chiller compressor crankcase heater fused shorted; replaced heater element and 10A supply fuse.,electrical_fault
Mixer tank drive motor insulation failed; Megger test reads zero ohms on phase B to ground.,electrical_fault
"Rotary airlock motor tripped thermal overload; cleared jam in rotor, reset breaker, tested OK.",electrical_fault
"Main feed conveyor motor tripped overload relay on startup, manual reset failed.",electrical_fault
"Blown 15A control fuse on exhaust fan 3 starter panel, replaced fuse and tested.",electrical_fault
"Insulation breakdown detected on 480V supply cable to chiller compressor 2, megger test showed zero ohms to ground.",electrical_fault
"Exhaust fan 1 main breaker keeps tripping under full load, current draw is above FLA.",electrical_fault
"Conveyor belt 4 drive motor making buzzing noise and failing to rotate, suspected open winding.",electrical_fault
"Short circuit in wiring harness for intake valve actuator, replacing damaged wire section.",electrical_fault
Main breaker on air compressor 3 tripped; found severe phase imbalance on L2.,electrical_fault
"Cooling tower fan motor experienced internal winding failure, smoking upon startup.",electrical_fault
Intermittent power loss on packaging line 2 control panel due to loose terminal block connection.,electrical_fault
"Blown fuse on hydraulic power unit transformer secondary, traced to pinched control wire.",electrical_fault
Trip coil activated on main 4160V breaker for primary water pump; relay showing earth fault.,electrical_fault
Motor windings on exhaust blower 2 burnt out due to blocked air intake causing thermal overload.,electrical_fault
Tripped thermal overload on conveyor 6 drive; motor running hot and emitting burning smell.,electrical_fault
"Insulation degradation on crane hoist power cable, exposing copper near the pendant control.",electrical_fault
Blown main fuse on induction furnace control board following power surge.,electrical_fault
Boiler feed pump motor failed to start; phase loss relay triggered.,electrical_fault
Motor winding failure on chemical metering pump; megger test confirmed grounded coil.,electrical_fault
Auxiliary ventilation fan breaker tripped repeatedly; high moisture in junction box caused short.,electrical_fault
"Blown control fuses on main assembly line PLC rack, traced to shorted solenoid valve coil.",electrical_fault
Tripped molded case circuit breaker on dust collector blower; reset and logged thermal trip.,electrical_fault
Severe insulation breakdown on chiller pump 1 motor leads inside terminal box.,electrical_fault
Main breaker for air dryer tripped instantly upon energizing; compressor shorted internally.,electrical_fault
Blown 30A fuse on palletizer motor starter; motor seized due to jammed gearbox.,electrical_fault
"Intermittent electrical fault on sorting line optical sensor wiring harness, replacing crimp connectors.",electrical_fault
"Exhaust blower motor windings shorted to housing, tripping ground fault protection.",electrical_fault
"Tripped thermal overload on wastewater pump 2; manual reset successful, monitoring amp draw.",electrical_fault
Blown control transformer fuse on hydraulic press panel; shorted limit switch cable found.,electrical_fault
Motor winding short on ventilation unit 3; unit out of service pending rewinding.,electrical_fault
"Tripped breaker on 24V DC power supply for conveyor sorting gates, traced to chaffed wire.",electrical_fault
"Insulation failure on main feed pump motor leads, replacing damaged heat shrink and cabling.",electrical_fault
"MCC-3 main breaker tripped again on overload, reset and checked amp draw running high at 48A.",electrical_fault
"Conveyor 2 drive motor smelling like burnt varnish, winding insulation failure suspected on phase B.",electrical_fault
"Exhaust fan unit 4 main supply wiring chewed by rodents inside junction box, exposed copper shorting out.",electrical_fault
"Blown 15A control fuse on line 2 of packaging line PLC, replaced fuse but it popped immediately on startup.",electrical_fault
"Main air compressor #1 motor starter contactor welded shut, unit kept running after stop command issued.",electrical_fault
"Cooling tower pump 2 motor shorted to ground, megger test showed zero ohms on phase A windings.",electrical_fault
"Incoming power feed to hydraulic press loose at terminal block, causing intermittent phase loss and chatter.",electrical_fault
"Auxiliary lube pump motor winding open on phase C, need to pull motor for rewinding this shift.",electrical_fault
"Chiller unit 3 control panel dead, found primary 5A fuse blown due to shorted control transformer.",electrical_fault
"Main intake damper actuator motor internal wiring burnt out, manual override stuck in closed position.",electrical_fault
"Boiler feedwater pump breaker tripped on instantaneous overcurrent, check for locked rotor condition.",electrical_fault
"Conveyor 7 emergency stop safety circuit fault, traced to crushed wiring harness under side guard.",electrical_fault
"Extruder heater band zone 4 shorted out to barrel, tripped ground fault breaker.",electrical_fault
"Exhaust scrubber fan motor making loud humming noise, single-phasing due to burnt contact in starter.",electrical_fault
"Robotic arm controller showing severe insulation breakdown on main power whip, replace cable.",electrical_fault
"Palletizer motor terminal box filled with condensation, resulting in phase-to-ground fault and blown fuses.",electrical_fault
Primary ventilation fan starter overload relay tripped repeatedly; reset and monitored current at 52A.,electrical_fault
"Hydraulic unit 5 solenoid valve coil burned open, machine halted mid-cycle with error code E-14.",electrical_fault
Dust collector blower motor failed megger test; moisture ingress caused total insulation failure.,electrical_fault
"Main distribution panel bus bar showing signs of thermal arcing on phase A lug, urgent repair needed.",electrical_fault
"Rotary air dryer control circuit fuse keeps blowing, traced to shorted wire in internal enclosure.",electrical_fault
"Boiler igniter transformer primary winding shorted out, no spark on burner startup sequence.",electrical_fault
"Transfer car drive motor locked up, thermal overload tripped and motor smoking heavily.",electrical_fault
"Air compressor 2 starter overload heater element burned out, replaced element and verified calibration.",electrical_fault
"Overhead crane bridge travel motor phase imbalance detected, measure 14A, 14A, and 22A across phases.",electrical_fault
"Mixer tank agitator motor main terminal lug melted off due to loose connection, re-terminated wire.",electrical_fault
"Packaging line 4 photo-eye sensor wiring severed by moving guard, shorting 24V DC supply.",electrical_fault
"Wastewater lift station pump 1 tripped thermal overload relay, manual reset failed, winding shorted.",electrical_fault
"Chiller compressor 2 crankcase heater wiring burnt at terminal connection, replace whip.",electrical_fault
"Assembly line 1 main disconnect switch contacts pitted and burned, causing voltage drop under load.",electrical_fault
Tripped main breaker on Conveyor Line 3 feed panel; reset once but tripped again immediately under load.,electrical_fault
Blown 15A control fuse on Exhaust Fan #2 starter; traced to intermittent short in damper actuator wiring.,electrical_fault
Chilled water pump motor winding failed insulation test (megger read 0.2 megohms); pulling motor for rewinding.,electrical_fault
Intermittent ground fault on Packager 4 variable frequency drive; suspect degraded shielding on motor cable.,electrical_fault
Staple line palletizer main breaker trips on startup; visual inspection shows chafed wiring harness inside the cabinet.,electrical_fault
Exhaust blower motor smoking on Paint Booth B; thermal overload relay tripped and stator windings fried.,electrical_fault
Main air compressor #1 throwing phase imbalance alarm; found loose terminal connection at the main disconnect.,electrical_fault
Conveyor belt transfer station control panel lost 24V DC power; primary fuse blown due to pinched sensor wire.,electrical_fault
Booster pump motor stalled and tripped thermal overload; insulation breakdown detected on phase C winding.,electrical_fault
Chiller compressor #2 control circuit fuse keeps blowing; traced to water ingress in terminal junction box.,electrical_fault
Overhead crane bridge motor tripped breaker; found burnt wiring harness inside the pendant control station.,electrical_fault
Cooling tower fan #3 tripped overload relay; motor drawing high amps due to partial winding short.,electrical_fault
Rotary screw compressor displays ground fault error; megger test confirms motor winding insulation failure.,electrical_fault
Pallet wrapper turntable motor stalled and tripped thermal breaker; internal wiring shorted against frame.,electrical_fault
"Exhaust fan #1 main breaker tripped during shift change; reset successfully, monitoring motor amp draw.",electrical_fault
Hydraulic power unit #4 motor failed to start; 30A time-delay fuse blown and burnt smell near contactor.,electrical_fault
Conveyor merge line sensor power supply dead; 24V power distribution block fuse blown due to shorted photoceye.,electrical_fault
Boiler feedwater pump motor phase-loss relay tripped; found loose lug inside starter enclosure.,electrical_fault
Sump pump #2 tripped thermal overload; motor windings soaked and insulation resistance reading zero.,electrical_fault
Main assembly line PLC cabinet lost power; incoming feeder breaker tripped due to transient electrical surge.,electrical_fault
"Exhaust scrubber fan motor making humming noise; thermal overload tripped, phase B winding open.",electrical_fault
Baghouse dust collector shaker motor tripped breaker; found chaffed control wiring inside terminal box.,electrical_fault
Air handling unit #3 supply fan tripped thermal overload; motor insulation breakdown on high-speed winding.,electrical_fault
Transfer car #1 drive motor tripped circuit breaker; found severe arc damage on motor lead connection.,electrical_fault
Rotary valve actuator fuse blown on Silo 2; solenoid coil shorted internally and needs replacement.,electrical_fault
Cooling fan motor on Induction Furnace 1 tripped breaker; phase to ground short confirmed with megger.,electrical_fault
Conveyor belt belt-rip sensor circuit keeps tripping; loose wiring termination at the junction box.,electrical_fault
Main plant air compressor #3 tripped feeder breaker; catastrophic winding failure on main drive motor.,electrical_fault
Ventilation exhaust fan motor thermal overload tripped; low voltage on phase A causing motor to drag.,electrical_fault
Pallet lift motor stalled and blew control fuse; temporary wire bypass melted due to high resistance short.,electrical_fault
Main feed conveyor stopped abruptly and tripped 100A breaker in MCC-2; smell of ozone near drive motor.,electrical_fault
"Exhaust fan #3 motor is humming and pulling high amps, thermal overload relay keeps tripping after 2 mins.",electrical_fault
"Cooling tower fan motor winding resistance is reading zero to ground, insulation breakdown confirmed with megger.",electrical_fault
"Auxiliary lube pump motor failed to start, terminal box filled with water and corroded wiring.",electrical_fault
Main air compressor main breaker tripped on earth leakage fault; suspect damaged feeder cable in conduit.,electrical_fault
"Palletizer index motor running hot, phase imbalance detected at starter with 15% drop on L2.",electrical_fault
Boiler draft fan actuator showing intermittent positioning errors due to chafed control wiring in the hinge.,electrical_fault
Chilled water pump motor shorted internally; tripped upstream protective fuse and scorched the terminal studs.,electrical_fault
Conveyor belt transfer station emergency stop circuit won't reset; traced to pinched wire under safety gate.,electrical_fault
Rotary screw compressor main drive motor failed insulation test at 500V; winding breakdown on phase C.,electrical_fault
Exhaust scrubber recirculation pump tripped thermal overload; found loose terminal connection melting the wire nut.,electrical_fault
Hydraulic power unit #2 motor clicks on contactor pull-in but won't turn; blown fuse on leg A.,electrical_fault
Main assembly line PLC power supply fried after a power surge; burnt smell and dead LED indicators.,electrical_fault
Boiler feedwater pump motor smoking on startup; winding failure confirmed via megaohm meter reading <1M ohm.,electrical_fault
Cooling fan on air compressor intercooler seized and blew the primary control fuse.,electrical_fault
Conveyor line 3 sorting diverter solenoid stuck; burnt coil and shorted wiring harness.,electrical_fault
Main plant HVAC air handler unit tripping breaker due to insulation breakdown in supply fan motor.,electrical_fault
Wastewater lift station pump #1 failed to kick on; thermal overload tripped and reset button jammed.,electrical_fault
Mixing tank agitator motor making a loud buzzing noise and failing to rotate; single-phasing due to blown fuse.,electrical_fault
"Overhead crane bridge travel motor shorted out mid-lift, dropping the main line breaker.",electrical_fault
Dust collector rotary airlock motor stalled and blew thermal overload heater elements.,electrical_fault
Hydrate injection pump motor terminal box melted from high resistance connection on phase B.,electrical_fault
Main plant transformer secondary side showing phase loss; suspected blown HRC fuse in primary isolator.,electrical_fault
Production line 1 main control panel lost 24VDC power; secondary fuse blown due to pinched sensor wire.,electrical_fault
Emergency generator battery charger failed to output; internal fuse blown and wiring harness scorched.,electrical_fault
Air compressor #4 star-delta starter failed to transition; tripped main breaker with severe arc flash.,electrical_fault
Cooling water booster pump motor winding failure; ground fault detected by protective relay.,electrical_fault
Pallet wrapper turntable motor tripping thermal overload; high amp draw due to shorted winding turns.,electrical_fault
Ventilation supply fan motor failed to start; blown primary fuse and heavy corrosion on supply cables.,electrical_fault
"Main feed conveyor motor tripped overload relay, reset and checked draw, pulling 12A over FLA.",electrical_fault
Exhaust fan unit #2 tripped main breaker; found phase imbalance and motor windings showing ground fault.,electrical_fault
"Chiller compressor #4 blown control fuse on starter panel, replaced fuse and traced intermittent short to crankcase heater.",electrical_fault
Cooling tower fan motor failed insulation test with Megger; winding resistance near zero on phase B to ground.,electrical_fault
Packaging line conveyor PLC input module fried due to water ingress in main junction box.,electrical_fault
"Main air compressor starter chatter observed, contactor points heavily pitted and welded shut.",electrical_fault
"Pneumatic valve actuator on line 3 unresponsive; 24V DC control signal missing, found severed wire in cable tray.",electrical_fault
Boiler feed water pump motor humming but not turning; capacitor blown and rotor locked.,electrical_fault
Palletizer motor tripped thermal overload; insulation breakdown detected on lead wire inside terminal box.,electrical_fault
Rotary screw compressor control panel throwing Phase Loss alarm; incoming L2 leg dead at main disconnect.,electrical_fault
Wastewater submersible pump tripped breaker again; megger test confirms shorted stator windings.,electrical_fault
Conveyor belt drive motor smoking upon startup; opened terminal box and found melted wire insulation on phase A.,electrical_fault
"HVAC air handler unit #1 breaker keeps tripping instantly under load; checked motor megger, failed completely.",electrical_fault
Assembly line indexing motor lost phase C; traced fault to loose terminal screw inside main control cabinet.,electrical_fault
Exhaust blower motor failed to start; thermal overload tripped and main fuse blown on 480V feed.,electrical_fault
"Boiler igniter transformer shorted out, blew primary control fuse and scorched terminal block.",electrical_fault
Chemical dosing pump motor winding insulation degraded; ground fault relay tripped repeatedly.,electrical_fault
Overhead crane hoist motor tripped thermal breaker during heavy lift; phase imbalance measured at 15%.,electrical_fault
"Conveyor transfer station limit switch wiring severed by falling debris, causing short circuit and blown 10A fuse.",electrical_fault
Exhaust fan starter coil burned out; replaced contactor and verified correct voltage across L1-L3.,electrical_fault
Air dryer refrigeration compressor tripped internal thermal overload; motor windings tested open.,electrical_fault
Main plant ventilation fan motor smoking; stator windings burnt out due to severe phase loss.,electrical_fault
Hydraulic power unit pump motor breaker tripped on startup; phase C wire burnt at contactor terminal.,electrical_fault
Incoming power feed to PLC panel shorted out; rodent chewed through insulation on 120V supply lines.,electrical_fault
"Cooling water pump #2 motor failed to start; thermal relay tripped, manual reset failed, windings burnt.",electrical_fault
Main assembly line emergency stop circuit showing intermittent fault; traced to frayed wiring harness under table.,electrical_fault
Ventilation damper actuator motor stalled and blew internal protection fuse; actuator housing hot to touch.,electrical_fault
Screw feeder motor tripped thermal overload; found shorted winding on phase B-C after megger test.,electrical_fault
Exhaust scrubber fan motor making loud humming noise; tripped breaker due to single-phasing condition.,electrical_fault
Centrifugal pump motor ground fault breaker tripped; insulation breakdown on lead wire inside junction box.,electrical_fault
"Tripped main breaker on Conveyor Line 3 control panel, reset and held under light load.",electrical_fault
"Blown 10A control fuse on Exhaust Fan 2 starter, replaced and verified motor rotation.",electrical_fault
"Intermittent thermal overload trip on Chilled Water Pump 1 motor, check windings next PM.",electrical_fault
Insulation breakdown detected on Conveyor 5 drive motor during routine megger test.,electrical_fault
"Main breaker for Air Compressor B tripped due to phase imbalance, investigating feed lines.",electrical_fault
"Short circuit in proximity sensor wiring on Packaging Line 1 indexer, rewired terminal block.",electrical_fault
"Motor winding failure on Exhaust Fan 4, strong burnt odor present, requisitioning replacement.",electrical_fault
"Blown fuse on Main Assembly Line transformer secondary, replaced and tested output voltage.",electrical_fault
"Exhaust Fan 3 motor tripping thermal overload, found high resistance on phase C connection.",electrical_fault
"Ground fault trip on Boiler Feed Pump 2, insulation resistance on motor leads reads zero.",electrical_fault
"Wiring fault inside junction box for Conveyor 2 photo-eye, repaired severed sensor lead.",electrical_fault
"Tripped breaker on 480V supply to Paint Booth 1 ventilation motor, reset successfully.",electrical_fault
"Blown control transformer fuse on HVAC Unit 3, traced to shorted actuator solenoid.",electrical_fault
"Insulation failure on crane hoist pendant cable, replaced entire 50ft tether assembly.",electrical_fault
"Chiller Compressor 1 tripped on internal thermal cutout, low voltage suspected on L2.",electrical_fault
"Intermittent ground fault on Conveyor 7 drive, found chaffed wire harness rubbing frame.",electrical_fault
"Blown 5A fuse on Sortation Line PLC input card, replaced fuse and cleared error.",electrical_fault
"Tripped feeder breaker for Hydraulic Press 4, motor windings show signs of severe overheating.",electrical_fault
"Wiring short at limit switch on Assembly Station 2 pneumatic cylinder, re-terminated leads.",electrical_fault
"Blown fuse on cooling tower fan starter, motor pulls high amp draw on startup.",electrical_fault
"Insulation breakdown on Washdown Pump 3 stator windings, pulling from service for rewind.",electrical_fault
"Tripped breaker for Conveyor 4 drive motor, thermal overload relay needs replacement.",electrical_fault
"Blown main control fuse on Boiler 2 burner management panel, replaced and verified ignition.",electrical_fault
"Ground fault on Roller Table 1 drive motor, megger test confirms fried phase B winding.",electrical_fault
"Intermittent tripped breaker on Air Dryer 2, cleaned corroded contacts in starter bucket.",electrical_fault
"Blown fuse on Conveyor 6 photocell circuit, traced to pinched wire under guide rail.",electrical_fault
"Insulation breakdown on mixing tank agitator motor leads, re-taped and heat-shrunk splices.",electrical_fault
"Tripped thermal overload on Exhaust Fan 1, motor drawing 15% over full load amps.",electrical_fault
"Blown 2A fuse on Fire Damper 4 control module, replaced and tested manual override.",electrical_fault
"Motor winding failure on Assembly Line 3 index drive, emitting heavy smoke under power.",electrical_fault
"Main conveyor drive motor tripped thermal overload during startup, reset and checked current draw running high at 48A.",electrical_fault
"Exhaust fan #3 failed to start due to blown control circuit fuse, replaced 5A slow-blow fuse and verified operation.",electrical_fault
"Chiller compressor #2 showing low insulation resistance on phase C during megger test, scheduling rewind.",electrical_fault
Main distribution panel bus bar showing signs of thermal stress and discoloration around breaker slot 14.,electrical_fault
"Assembly line 2 photo-eye sensor lost power, found severed wiring harness inside articulated cable track.",electrical_fault
Exhaust scrubber blower motor tripped breaker; found phase-to-ground short in stator winding.,electrical_fault
Cooling tower fan motor making humming noise and failing to turn; manual shaft rotation confirms locked rotor from fried windings.,electrical_fault
Boiler feed pump #1 auxiliary control relay chatter resulting in intermittent electrical fault alarms on HMI.,electrical_fault
Packer machine proximity switch wiring pulled loose from terminal block due to excessive vibration.,electrical_fault
"Main air compressor star-delta starter failed to transition to delta, tripping main breaker after 5 seconds.",electrical_fault
Palletizer index motor smells of burnt varnish; current draw exceeds FLA and thermal overload is locked out.,electrical_fault
"HVAC air handler unit unit #4 control transformer primary winding open, zero voltage on secondary 24V side.",electrical_fault
"Water booster pump starter contactor pitted badly on L2, causing single-phasing and motor chatter.",electrical_fault
Conveyor belt transfer station estop circuit staying open; traced fault to damaged wiring run in overhead conduit.,electrical_fault
"Boiler draft fan motor insulation breakdown detected during routine PM megger test, reading 0.2 megohms.",electrical_fault
Pneumatic valve manifold lost all power LEDs; checked incoming 24VDC supply and found shorted solenoid coil on valve 6.,electrical_fault
"RO water skid feed pump tripped thermal overload relay, found loose terminal lug on phase B wire.",electrical_fault
Main assembly line PLC input card channel 8 dead due to electrical surge from nearby inductive load.,electrical_fault
"Exhaust hood exhaust fan starter coil burned out, preventing remote start from kitchen control panel.",electrical_fault
"Hydraulic power unit #2 main motor failed to start, phase monitor relay flashing red indicating phase loss.",electrical_fault
Conveyor motor VFD displaying F015 ground fault error whenever ramp-up initiates.,electrical_fault
"Chilled water pump #3 auxiliary contact welded shut, keeping run status light illuminated while stopped.",electrical_fault
"Stacker crane hoist motor brake rectifier failed, preventing brake release and tripping VFD overcurrent fault.",electrical_fault
Rotary air dryer control panel lost power entirely; found main 30A fuse blown and input line shorted.,electrical_fault
Packaging line #1 thermal sealer heating element wiring insulation degraded and shorted against metal frame.,electrical_fault
"Ventilation supply fan belt guard vibration rubbed through insulation on motor power cable, causing intermittent tripping.",electrical_fault
"Centrifugal pump motor terminal box filled with condensation, causing flashover and tripping breaker.",electrical_fault
Assembly cell robot controller showing power supply fault code; internal 48V supply voltage dropping under load.,electrical_fault
"Wastewater agitator motor failed with shorted turns in winding phase A, breaker tripped instantly on reset.",electrical_fault
Overhead crane bridge drive motor thermal switch open continuously due to severe internal winding degradation.,electrical_fault
Main supply breaker for Conveyor Line 3 tripped unexpectedly during shift startup.,electrical_fault
"Exhaust fan motor #2 smoking and drawing high amp, winding failure suspected.",electrical_fault
"Blown control fuse on packing machine PLC input card, replaced with 2A fast-blow.",electrical_fault
Intermittent communication loss on chiller unit due to frayed control wiring in conduit.,electrical_fault
Exhaust blower #4 breaker tripping immediately upon manual start command.,electrical_fault
"Water pump #1 motor failed to start, phase imbalance measured at 18 percent.",electrical_fault
Main assembly line tripped out due to ground fault on transformer T-2.,electrical_fault
"Cooling tower fan motor internal short, heavy burning smell from terminal box.",electrical_fault
Limit switch wiring severed on pneumatic valve station 6 by moving bracket.,electrical_fault
"Air compressor #3 auxiliary contactor welded shut, caused main breaker trip.",electrical_fault
"Low voltage alarm on hydraulic power unit #2 control circuit, traced to loose terminal.",electrical_fault
"Main feed conveyor motor windings grounded out, requiring immediate rewind.",electrical_fault
"Blown 10A fuse on hydraulic press safety circuit, replaced and verified operation.",electrical_fault
Overload relay on exhaust fan #1 keeps tripping after 20 minutes of runtime.,electrical_fault
Main air compressor starter panel arc damage on L2 terminal block.,electrical_fault
"Chilled water pump #3 motor humming but not rotating, single-phasing due to dropped leg.",electrical_fault
"Conveyor belt transfer station sensor wiring chewed by rodents, replaced section.",electrical_fault
Boiler feed pump motor insulation failure resulting in immediate ground fault trip.,electrical_fault
Emergency stop circuit on packaging line open; traced to broken wire inside push button station.,electrical_fault
Main breaker for HVAC air handler #4 tripped on thermal overload.,electrical_fault
Exhaust fan #3 belt driven motor seized bearing leading to tripped thermal overloads.,electrical_fault
Blown control power transformer fuse on primary side of stamping press press #2.,electrical_fault
"Coolant pump motor winding shorted to ground, unit dead in water.",electrical_fault
Main incoming power feed to CNC mill showing phase loss on phase B.,electrical_fault
"Hydraulic unit #4 main breaker trips under heavy load, fuses check ok.",electrical_fault
Conveyor line 5 photo-eye sensor wiring shorted against steel frame.,electrical_fault
"Main ventilation fan motor making loud humming noise, thermal overload tripped.",electrical_fault
"Blown 5A control fuse on boiler burner management system, cause unknown.",electrical_fault
Air compressor motor thermal overload relay keeps dropping out after 10 mins runtime.,electrical_fault
"Main feed 400V breaker tripped instantly on startup of #2 cooling tower fan, smelling of burnt insulation.",electrical_fault
"Exhaust fan motor #3 running extremely hot with a low-frequency hum, likely single-phasing due to lost leg.",electrical_fault
"Incoming power supply to packing line conveyor PLC intermittent, dropping out under heavy load.",electrical_fault
"Blown 15A control fuse on main hydraulic press #1; replaced and tested, blew again immediately upon cycle start.",electrical_fault
Chilled water pump #4 drive throwing ground fault alarm; megger test showed zero resistance on phase A winding.,electrical_fault
"Conveyor belt drive motor terminal box filled with water, causing severe short and tripping sub-panel breaker.",electrical_fault
Emergency stop circuit on palletizer showing open fault; traced to frayed wiring harness near pivot arm.,electrical_fault
Exhaust blower motor seized and smoking; windings completely burned out from prolonged overload.,electrical_fault
Proximity sensor on sorting line valve losing power intermittently due to pinched cable in articulating arm.,electrical_fault
Boiler feed pump motor insulation breakdown detected during routine testing; megger reading below 2 megohms.,electrical_fault
Main breaker for assembly line 2 tripped due to momentary phase imbalance and overcurrent spike.,electrical_fault
Cooling fan on 50HP extrusion motor dead; thermal overload tripped after 20 mins of continuous operation.,electrical_fault
Control panel door safety interlock switch wiring sheared off by vibration on punch press #3.,electrical_fault
Main 480V distribution panel feeding the HVAC unit showing arcing marks and loose bus bar connections.,electrical_fault
Submersible sump pump in pit B tripped thermal overload; motor windings shorted to ground.,electrical_fault
Lighting circuit in bay 4 intermittent; found water intrusion and melted wire nuts in junction box.,electrical_fault
Induction furnace cooling pump motor failed; teardown reveals catastrophic shorted turns in stator winding.,electrical_fault
"Air dryer control transformer primary fuse blown; replaced fuse, unit operational but running hot.",electrical_fault
Conveyor belt #5 variable frequency drive displaying Earth Fault code upon acceleration ramp-up.,electrical_fault
Exhaust scrubber fan motor making loud buzzing noise; found phase loss at contactor output terminals.,electrical_fault
"Boiler igniter transformer failed internally, blowing the 5A control circuit fuse on burner management panel.",electrical_fault
"Main cooling tower water pump #1 motor terminal studs corroded and loose, causing high resistance and heat.",electrical_fault
Pallet wrapper turntable motor tripping thermal overload; measured current draw exceeds full load amps by 25%.,electrical_fault
"Overhead crane bridge travel motor brake coil open-circuited, preventing brake release.",electrical_fault
"Chiller compressor #2 crankcase heater shorted out, blowing main branch circuit breaker.",electrical_fault
Conveyor system photo-eye sensor wiring chewed by rodents near junction box 12.,electrical_fault
"Exhaust duct damper actuator motor dead; internal winding open-circuited, no response to 24V signal.",electrical_fault
"Air compressor #3 star-delta timer relay stuck in star position, causing main breaker to trip out.",electrical_fault
Mixer tank agitator motor experiencing intermittent ground fault trips when washing down equipment.,electrical_fault
"Blown 15A control fuse on conveyor line 3 main panel, replaced and tested OK.",electrical_fault
"Motor winding failure on exhaust fan #2, high resistance detected on phase C to ground.",electrical_fault
"Tripped 400A main breaker on HVAC chiller unit, reset attempted but it instantly tripped again.",electrical_fault
"Severe insulation breakdown on feed pump motor leads, scheduling immediate rewiring.",electrical_fault
"Wiring fault inside junction box for chilled water valve actuator, intermittent signal loss.",electrical_fault
"Cooling tower fan motor tripped thermal overload, found loose terminal connection on phase A.",electrical_fault
"Blown glass fuse in PLC cabinet for packaging line, sourcing replacement part.",electrical_fault
"Short circuit in proximity sensor wiring on palletizer arm, causing erratic machine stops.",electrical_fault
Main breaker for air compressor #4 tripped due to ground fault on intake heater circuit.,electrical_fault
"Megger test on conveyor drive motor #12 showed zero resistance, winding shorted to frame.",electrical_fault
"Blown control power transformer fuse on hydraulic press unit, traced to pinched wire harness.",electrical_fault
"Tripped overload relay on exhaust scrubber pump, motor pulling high amperage on phase B.",electrical_fault
Damaged conduit and frayed wiring on assembly line robot arm after physical impact.,electrical_fault
"Blown ceramic fuses on induction furnace heating element, replaced three units and verified continuity.",electrical_fault
Insulation breakdown on chiller compressor power cable inside terminal enclosure.,electrical_fault
"Tripped thermal trip on transfer pump #1, motor windings show signs of severe overheating.",electrical_fault
"Intermittent tripped breaker on ventilation fan unit, replaced worn magnetic trip unit.",electrical_fault
"Blown 5A fuse on auto-lubricator control board, unit dead.",electrical_fault
Phase imbalance causing main breaker to trip on 50HP exhaust blower motor.,electrical_fault
"Shorted solenoid valve coil blew PLC output card fuse, replaced coil and fuse.",electrical_fault
High resistance ground fault detected on dust collector motor leads during routine PM.,electrical_fault
"Blown fast-acting fuse on laser cutter power supply, unit failed to boot.",electrical_fault
"Tripped feeder breaker for wastewater lift station, motor windings flooded and shorted.",electrical_fault
"Damaged wiring harness on indexing conveyor motor, rodent chew marks visible.",electrical_fault
"Blown control fuse on boiler feed pump starter panel, reset and tested operation.",electrical_fault
"Insulation degradation on crane hoist motor brake coil, causing intermittent failure to release.",electrical_fault
"Tripped breaker on 480V air dryer unit, charred insulation found on main supply lug.",electrical_fault
"Blown fuse on chiller water flow switch circuit, bypassed temporarily until replacement arrives.",electrical_fault
"Winding failure on emergency backup generator exciter, immediate overhaul required.",electrical_fault
"Tripped breaker on packaging line heat seal bar, found shorted heating element wiring.",electrical_fault
"MCC-2 feed pump motor tripped on overload; reset and checked amp draw, found phase C pulling 15% high.",electrical_fault
"Blown 30A control fuse on primary feed to conveyor line B starter panel; replaced and tested, zero-ohm check passed.",electrical_fault
"Exhaust fan #3 motor winding failure; smelled burning insulation, megger test showed short to ground on phase A.",electrical_fault
"Main 400A breaker for HVAC chiller #2 tripped under load; arc flash inspection clear, resetting now.",electrical_fault
Conveyor belt drive motor experiencing intermittent grounding issues due to frayed power cable near tensioner.,electrical_fault
Exhaustive wiring faults found in main junction box of cooling tower fan #1 after water ingress fried terminal strip.,electrical_fault
Chiller compressor #4 control circuit dead; tracing 24VDC supply revealed loose terminal screw at safety relay.,electrical_fault
Insulation breakdown on 480V supply cable to agitator motor #2; sparking observed during startup sequence.,electrical_fault
"Main breaker for assembly line 4 feeder tripped instantly on close; downstream short suspected, isolating now.",electrical_fault
Exhaust fan motor thermal overload tripped repeatedly; cleaned heavy dust buildup and checked connections.,electrical_fault
Blown 10A fuse on VFD control board for primary mix pump; replaced fuse and verified PWM output to motor.,electrical_fault
"Critical failure on exhaust scrubber fan; stator windings shorted out completely, motor smoking upon startup.",electrical_fault
Cooling tower fan #2 tripped main breaker; insulation test on feed cable failed with reading below 1 megohm.,electrical_fault
Feed screw motor starter coil burned out; replaced contactor assembly and verified auxiliary dry contacts.,electrical_fault
Lighting transformer secondary fuse blown; traced short to damaged conduit run over press brake #3.,electrical_fault
"Hydraulic power unit pump motor won't start; tripped thermal overload relay, manual reset failed to hold.",electrical_fault
Submersible sump pump #1 blew ground fault breaker; megger test confirms motor winding insulation failure.,electrical_fault
"Intermittent tripped breaker on air compressor #3; found loose lug in main distribution panel, torqued to spec.",electrical_fault
Severe wiring faults inside operator station for roller conveyor; frayed control wires causing erratic stop signals.,electrical_fault
"Main exhaust blower motor failed to start; blown fuses on legs A and B, upstream short identified.",electrical_fault
"Boiler feed water pump motor phase imbalance detected; leg B voltage low, terminal block connections oxidized.",electrical_fault
"Conveyor transfer station motor tripped thermal overload; amp draw nominal, relay likely weak and needs replacement.",electrical_fault
Blown high-voltage fuse on step-down transformer feeding packaging line main panel; replaced and tested voltages.,electrical_fault
"Milling machine spindle motor tripped on thermal overload; coolant leaked into terminal box, drying and sealing.",electrical_fault
"Extruder drive motor overheating at 105C, thermal trip engaged on VFD.",overheating
"Cooling fan on #3 hydraulic power unit seized, oil temp reached 185F.",overheating
"Conveyor belt return roller bearing failing, housing smoking due to friction.",overheating
"Air compressor stage 2 discharge temp high, intercooler needs descaling.",overheating
"Main exhaust fan motor running hot, amp draw normal, suspect bad grease.",overheating
"Gearbox #4 oil temp alarm tripped at 92C under load, checked level and it's low.",overheating
"Submersible sump pump thermal overload tripped twice today, pull for inspection.",overheating
"Injection molding press oil cooler plugged with scale, hydraulic temp over 130F.",overheating
"Chiller compressor head running extremely hot, checking refrigerant charge.",overheating
"Exhaust blower bearing hot to touch, vibration readings also elevated.",overheating
"Boiler feed pump motor frame temp at 95C, check alignment and cooling fins.",overheating
"Mixing tank agitator gearbox smoking, internal gears likely stripped.",overheating
"Vacuum pump running at 88C, ambient room temp too high, need ventilation.",overheating
"Line 2 main drive motor tripped on overtemp, cooling fan shroud packed with dust.",overheating
"Hydraulic power pack reservoir at 145F, proportional valve erratic.",overheating
"Pelletizer cutter motor overheating after 20 mins run time, check bearings.",overheating
"Cooling tower fan gearbox oil temp high, sight glass shows milky fluid.",overheating
"Induction heater transformer cooling circuit flow fault, running hot.",overheating
"Centrifuge motor bearing temp spike, grease fitting was plugged.",overheating
"Wastewater pump #2 wet well high temp warning, running dry intermittently.",overheating
"Blower motor terminal box hot, loose connection on phase B causing imbalance.",overheating
"Packaging line sealer bar temperature runaway, solid state relay shorted.",overheating
"Diesel backup generator block heater failed, coolant temp low then overheated on load.",overheating
"Roller mill main bearing glowing, total lack of lubrication, shut down immediately.",overheating
Stamping press clutch solenoid overheating and burning out repeatedly.,overheating
"Hose on hydraulic press pinches under cycle, fluid overheating rapidly.",overheating
"AHU supply fan motor winding temp alarm, belt tension too high.",overheating
"Sludge pump seal flush water pressure lost, stuffing box overheating.",overheating
"Rotary screw compressor oil separator hot, thermal bypass valve stuck.",overheating
"Drawbench carriage motor overheated during heavy pull, check brake drag.",overheating
"Feed-water pump motor running hot, IR gun shows stator frame at 95C under normal load.",overheating
"Extruder gearbox oil temp alarm tripped at 88C, inspected cooler and found fins completely plugged with dust.",overheating
"Line 3 hydraulic power unit overheating, reservoir temp reached 68C due to failed cooling fan solenoid.",overheating
"Main exhaust fan motor bearing smoking and throwing grease, immediate shutdown required.",overheating
"Chiller compressor discharge line extremely hot to the touch, suction superheat out of spec.",overheating
"Conveyor drive motor thermal overload relay popped twice this shift, ambient temp in tunnel is 45C.",overheating
"Injection molding machine nozzle heater band shorted out, causing localized thermal runaway.",overheating
Boiler feed pump outboard bearing housing vibrating heavily and running at 105C.,overheating
"Air compressor #2 high oil temp shutdown triggered, thermal bypass valve stuck closed.",overheating
"Cooling tower circulation pump motor fan shroud dented, restricting airflow and causing high winding temps.",overheating
"Extruder #4 barrel zone 3 heater running 40C above setpoint, solid state relay welded shut.",overheating
"Vacuum pump exhaust air temp exceeding safe limits, oil mist separator saturated.",overheating
Palletizer indexer servo motor throwing over-temp faults during rapid cycling.,overheating
"Main line air compressor intercooler fouled, causing second-stage discharge temp to spike.",overheating
"Sifter drive gearbox showing thermal discoloration on housing, oil level was critically low.",overheating
Draft fan motor on boiler #1 tripping breaker on thermal overload after 20 mins run time.,overheating
Hydraulic press main cylinder oil cooler leaking water and running hot at 72C.,overheating
"Slitter rewind motor overheating intermittently, cooling fins caked in paper dust and adhesive.",overheating
Batch mixer planetary gearbox making whining noise and running noticeably hotter than usual.,overheating
"Booster pump #3 gland seal leaking excessively, friction causing shaft sleeve to overheat.",overheating
"Wasterwater aeration blower discharge piping glowing dull red, check valve stuck partially closed.",overheating
"Sinter plant exhaust fan motor bearings at 85C, grease lines verified clear but needs relubrication.",overheating
"Die-cast machine hydraulic reservoir overheating, proportional valve bypassing internally.",overheating
"Main line conveyor pulley bearing failure imminent, housing surface temp at 112C via thermography.",overheating
"Air dryer regeneration heater relay stuck on, outlet air temp dangerously high.",overheating
"Rotary kiln drive motor thermal cutout activated, ambient room temp near kiln is 50C.",overheating
"Submersible sump pump ran dry due to float switch failure, thermal switch shut it down.",overheating
Extruder feed throat cooling jacket scale buildup causing high barrel temp alarms.,overheating
"Paint booth fresh air make-up unit motor thermal tripped, belts loose causing high slip.",overheating
"Centrifugal pump mechanical seal flush line blocked, stuffing box running extremely hot.",overheating
"Extruder main drive motor running hot at 92C under load, thermal trip imminent.",overheating
"Hydraulic power unit #2 oil temp reached 71C, cooler core blocked with debris.",overheating
"Exhaust fan bearing housing smoking and vibrating, temp gun reads 110C.",overheating
Conveyor 4 gear reducer oil is dark and boiling over through the breather cap.,overheating
"Chilled water pump #1 casing hot to touch, suction strainer completely plugged.",overheating
Injection molding clamp motor tripped on overload due to high winding temps.,overheating
Compressor stage 3 discharge air temp alarm cleared after manual reset.,overheating
Main air compressor oil separator running 15F above normal operating specs.,overheating
"Cooling tower fan gearbox low on lube, pinion gear area running at 85C.",overheating
"Boiler feed pump #3 inboard bearing failed temp check, smelling like burnt grease.",overheating
"Vacuum pump exhaust manifold glowing dull red, check inline cooling water flow.",overheating
"Line 2 palletizer drive motor fan shroud clogged with dust, blowing hot air.",overheating
"Mixer agitator gearbox seal blew out, heavy thermal breakdown of synthetic oil.",overheating
"Hydraulic press oil reservoir temp gauge pegged at max 80C, heat exchanger fouled.",overheating
"Centrifugal pump #5 mechanical seal flushing line restricted, stuffing box overheating.",overheating
Air handler unit supply fan motor winding insulation breakdown causing high temps.,overheating
"Pelletizer cutter motor thermal overload tripped twice during shift, needs IR scan.",overheating
"Roller mill drive pulley slipping, friction causing severe bearing overheating.",overheating
"Emergency generator radiator core plugged with bugs, high coolant temp warning.",overheating
"Sifter motor overheating after 2 hours run time, check grease levels.",overheating
"Hydraulic manifold block too hot to touch on station 6, proportional valve sticking.",overheating
"Pulverizer main shaft bearing temp peaked at 105C, schedule immediate shutdown.",overheating
Booster pump #2 thrust bearing failure indicated by sudden spike in casing temp.,overheating
"Extruder barrel zone 4 heater band stuck on, thermal limit switch tripped.",overheating
Deaerator feed pump bearing housing vibrating and running 40F over ambient.,overheating
Wastewater submersible pump thermal switch tripped on high stator temp.,overheating
Draw bench hydraulic unit shut down on high oil temp interlock at 75C.,overheating
"Mixing tank jacket cooling water valve failed shut, batch temp exceeded 95C.",overheating
Sludge pump eccentric drive overheating due to excessive belt tension.,overheating
Main extruder drive motor tripping on thermal overload after 20 mins of high-load operation.,overheating
Gearbox on line 2 conveyor running hot to the touch; measured housing temp at 195°F with IR gun.,overheating
Hydraulic power unit #3 shutting down due to excessive fluid temp alarms hitting 150°F.,overheating
Exhaust fan motor bearings smoking and emitting a burning odor; immediate shutdown required.,overheating
Chilled water circulation pump #1 casing overheating due to suspected air lock and low flow.,overheating
"Compressor stage 2 discharge air temp reaching 280°F, exceeding OEM limits.",overheating
"Cooling fan on main hydraulic press motor is missing shroud fins, causing localized thermal spikes.",overheating
Pelletizer cutter motor running extremely hot under normal load; amp draw is slightly elevated.,overheating
"Auxiliary lube oil pump heat exchanger plugged with scale, causing oil inlet temp to spike.",overheating
"Boiler feed pump outboard bearing temp trending upward over the last 3 shifts, currently at 172°F.",overheating
"Vacuum pump drive coupling slipping, generating heavy friction and high housing temps.",overheating
"Extruder barrel zone 4 heater band stuck ON, causing catastrophic local overheating of polymer.",overheating
Cooling tower fan gearbox oil breaking down rapidly from chronic high operating temps.,overheating
"Main air compressor oil cooler fins caked in dust and lint, restricting airflow and causing thermal trip.",overheating
Hydraulic manifold block overheating near proportional valve V-12 due to internal bypass.,overheating
"Conveyor drive motor pulley misaligned, causing belt friction and severe motor casing heat.",overheating
Submersible sump pump running dry; thermal switch failed to trip before stator burned out.,overheating
Chiller compressor #2 high discharge temp fault active; refrigerant charge appears low.,overheating
Industrial oven recirculation fan motor bearings dry and squealing with high surface temp.,overheating
Injection molding clamp motor overheating during fast-cycle runs; cooling loop needs flush.,overheating
Hydraulic reservoir oil temp gauge reading 165°F; oil cooler solenoid valve is not opening.,overheating
Draft fan motor on boiler #2 throwing thermal overload codes during peak firing rate.,overheating
"Sludge pump #4 running hot; packing gland overtightened, starving the shaft of lubrication.",overheating
Rotary airlock drive gearbox showing paint discoloration from severe overheating.,overheating
Reactor agitator VFD faulting on motor overtemp; thermistor circuit verified working.,overheating
Hydraulic press main pump casing hot and cavitating badly under load.,overheating
Paint booth exhaust blower motor bearing failure causing high vibration and rapid heat buildup.,overheating
"Air dryer regeneration valve stuck, causing localized heat soak on downstream piping.",overheating
"Mixing tank drive motor cooling fins clogged with product dust, causing motor to run at 210°F.",overheating
Stamping press brake motor overheating due to frequent cycling and worn friction pads.,overheating
"Main hydraulic pump #2 casing hot to touch, operating at 185°F under normal load.",overheating
"Conveyor drive motor #4 thermal overload tripped twice this shift, needs grease.",overheating
"Exhaust fan #3 motor smoking upon startup, pulled breaker immediately.",overheating
"Hydraulic reservoir temp hit 160°F, cooler fan not kicking on at setpoint.",overheating
"Extruder barrel zone 3 heater band running 40°C over set temp, solid state relay stuck closed.",overheating
"Main air compressor oil temp alarm active, intercooler partially blocked with scale.",overheating
Gearbox on line 2 right-angle drive howling and showing 90C on thermal gun.,overheating
Submersible sump pump housing overheating due to dry run condition.,overheating
"Chilled water circulation pump seal flush line restricted, stuffing box running hot.",overheating
"Cooling tower fan gearbox oil level low, thermal cutout tripped.",overheating
Injection molding clamp motor pulling high amps and casing overheating.,overheating
"Rotary screw compressor discharge air temp reaching 220°F, thermal bypass valve stuck.",overheating
Packaging line conveyor gearbox leaking synthetic oil and running hot.,overheating
Main ventilation AHU supply fan motor bearing failure causing localized heating.,overheating
Boiler feedwater pump #1 outboard bearing temp reading 195°F on handheld meter.,overheating
"Agitator drive motor on mixing tank #5 emitting burning smell, stator likely damaged.",overheating
Hydraulic press main cylinder packing gland leaking and running warm.,overheating
Draft fan motor on furnace tripping thermal overload after 20 mins run time.,overheating
Vacuum pump oil turning dark and operating well above normal thermal limits.,overheating
Line 6 palletizer hoist motor excessively hot after continuous cycle.,overheating
"Primary crusher drive coupling misaligned, causing severe vibration and heat buildup.",overheating
Air handler return fan bearing grease degraded due to high ambient temp.,overheating
"Turbine lube oil cooler fouled, oil temp creeping past 145°F limit.",overheating
"Emergency generator radiator core plugged with debris, high temp shutdown imminent.",overheating
"Screw feeder drive motor thermal relay tripped, gearbox output shaft too hot to touch.",overheating
"Centrifugal pump mechanical seal failing, friction causing extreme stuffing box heat.",overheating
Pneumatic transfer blower motor cooling fins packed with dust and overheating.,overheating
Wastewater lift station pump #2 running hot on thermal imaging camera.,overheating
"Extruder gearbox cooling loop flow restricted, warning light illuminated on HMI.",overheating
"Sludge dewatering centrifuge drive bearing temp spiked to 85°C, shut down for inspection.",overheating
Motor winding temp on Main Exhaust Fan 2 tripped high-temp cutout at 105C.,overheating
"Hydraulic power unit #3 oil reservoir reaching 145F under continuous load, cooler core fouled.",overheating
"Conveyor belt drive gearbox smoking, thermal imaging shows housing at 180F.",overheating
"Chilled water circulation pump outboard bearing housing hot to the touch, needs grease purge.",overheating
"Extruder barrel zone 4 heater band stuck on, temp exceeded setpoint by 40 degrees.",overheating
Air compressor stage 2 discharge air hitting 220F due to failing aftercooler fan.,overheating
"Boiler feedwater pump motor running hot, draw is 12% over FLA.",overheating
"Cooling tower fan gearbox oil temp alarm active at 175F, sight glass shows low level.",overheating
Submersible sump pump thermal overload tripped; motor housing coated in sludge.,overheating
"Extruder main drive motor frame at 85C, intake filter clogged with dust.",overheating
"Vacuum pump oil turning dark and smelling burnt, unit overheating after 2 hours.",overheating
Stacker crane lift motor thermal switch tripped during rapid cycling.,overheating
Pelletizer cutter head gearbox bearing failure causing severe localized overheating.,overheating
"AHU-4 supply fan motor running at 90C, check belt tension and pulley alignment.",overheating
Hydraulic manifold block overheating near proportional valve #2.,overheating
"Main air compressor oil separator temp high, shutdown imminent at 210F.",overheating
"Rotary kiln drive motor cooling fan disconnected, motor casing overheating rapidly.",overheating
Reactor agitator gearbox running 30 degrees above normal operating baseline.,overheating
"Wastewater screw pump upper bearing smoking, lack of lubrication evident.",overheating
"Injection molding machine nozzle heater thermocouple failing, barrel overheating.",overheating
Exhaust blower motor bearing grease melted and leaked onto housing.,overheating
Hydraulic steering unit pump overheating during heavy steering maneuvers.,overheating
"Boiler induced draft fan bearing temp reading 195F on SCADA, needs immediate inspection.",overheating
"Line 3 conveyor motor thermal overload tripped twice today, ambient temp high in pit.",overheating
"Compressor intercooler blocked, stage 3 discharge temp redlining.",overheating
Mixing tank agitator drive coupling hot and vibrating excessively.,overheating
"Chiller compressor head getting too hot to touch, suction superheat out of spec.",overheating
"Emergency generator radiator core plugged with debris, coolant temp hit 215F during test.",overheating
Main extruder drive motor tripping on high winding temp after 2 hrs at 80% load.,overheating
Gearbox #3 oil temp reached 195F; found cooling fan blade loose and broken off.,overheating
"Hydraulic power unit reservoir running hot at 140F, cooler core is caked in dust and lint.",overheating
Exhaust fan #2 bearing housing smoking; grease fitting was bone dry and packed with old grit.,overheating
Compressor stage 2 discharge air temp alarm active; intercooler water flow restricted.,overheating
"Chilled water circulation pump outboard seal running hot to touch, checked alignment and it's off by 40 mils.",overheating
"Main conveyor drive reducer housing hot (175F), oil level was 2 quarts low in sight glass.",overheating
"Extrusion barrel zone 4 heater band stuck on, surface temp over 550F.",overheating
Vacuum pump motor thermal overload tripped; ambient temp in electrical room is 98F due to AC failure.,overheating
"Injection molding press oil temp hitting 130F threshold, heat exchanger bypass valve stuck open.",overheating
Boiler feed water pump #1 inboard bearing at 180F; thermal imaging shows friction at the packing gland.,overheating
"Air compressor #4 oil separator discharge temp high, service technician needed for filter/oil change.",overheating
Palletizer motor smoking and smelling like burnt insulation during heavy cycle times.,overheating
Mixer agitator gearbox overheating; drained oil and found heavy bronze flakes in the sample.,overheating
"Hydraulic press line 2 main pump casing hot, suction strainer completely plugged with debris.",overheating
"Induction heater coil cooling water outlet temp at 160F, low flow switch failed to trip alarm.",overheating
"Pneumatic valve manifold solenoids running excessively hot, internal short suspected on bank B.",overheating
"Centrifugal fan #5 motor thermal overload tripped, amperage draw is 15% above FLA.",overheating
Main line drive motor blowing thermal fuses; cooling fins packed with cardboard dust.,overheating
"Hydraulic reservoir #7 hitting 150F limit, thermal expansion valve on water circuit is stuck.",overheating
Extruder gear reducer high temp warning at 170F; oil cooler water pressure is too low at 15 psi.,overheating
"Deaerator feed pump bearing getting hot, coupling guard rubbing against the rotating shaft.",overheating
Chiller compressor head #2 overheating due to low refrigerant charge and condenser fouling.,overheating
"Slitter knife motor thermal trip; gearbox lubrication is degraded, needs immediate flush and fill.",overheating
Hydraulic power pack oil temp alarm; solenoid valve unloader is failing to cycle properly.,overheating
Exhaust blower motor overheating; drive belts slipping and squealing under load.,overheating
"Wastewater submersible pump thermal switch open, unit running dry due to stuck float switch.",overheating
Cooling tower fan gearbox temp spike at 190F; gearbox oil level dropped below critical minimum.,overheating
"Extrusion line 3 main drive motor fan cowl dented, blocking cooling airflow across fins.",overheating
Hydraulic press proportional valve block running hot; pressure drop across valve is abnormally high.,overheating
"Conveyor line 3 drive motor running hot to touch, measured casing temp at 185°F under load.",overheating
Main exhaust fan motor tripping internal thermal overload after 20 mins of continuous operation.,overheating
"Hydraulic power unit #2 fluid temp spiked to 160°F, heat exchanger fan not kicking on.",overheating
"Extruder barrel zone 4 heater band stuck on, controller showing runaway temp condition.",overheating
"Centrifugal pump #1 outboard bearing smoking, heavy vibration and high thermal readings.",overheating
"Air compressor #3 high stage discharge temp alarm active, intercooler needs descaling.",overheating
"Cooling tower circulation pump motor housing extremely hot, grease purging from seal.",overheating
"Packaging line indexer gearbox thermal fault tripped, lube oil level low and degraded.",overheating
"Chiller compressor 2 shutting down on high oil temp, checked site glass and oil is foaming.",overheating
"Extrusion line drive inverter fan failed, VFD overheating and derating frequency.",overheating
"Mixing tank agitator gearbox smoking and smelling like burnt gear oil, shut down immediately.",overheating
"Boiler feed pump motor thermal overload relay popped, stator temp reading 240°F with IR gun.",overheating
"Hydraulic press main cylinder oil temp at 155°F, reservoir cooling loop restricted by debris.",overheating
"Stamping press clutch brake assembly overheating, friction plates slipping and glazed.",overheating
AHU supply fan motor running high amps and overheating due to loose belt tension.,overheating
Rotary screw compressor oil separator discharge temp hitting 220°F trip threshold.,overheating
"Vacuum pump #4 motor thermal cutoff tripped, unit located in hot mezzanine area.",overheating
"Wastewater submersible pump thermal trip active, likely running dry due to stuck float.",overheating
"Diesel generator radiator core clogged with dust, engine coolant temp reaching 215°F.",overheating
"Injection molding machine hydraulic oil cooler fouled, operating 30 degrees above normal.",overheating
"Pneumatic transfer blower motor bearing seized and smoking, breaker tripped instantly.",overheating
"Sifters drive motor thermal switch open, cooling fins caked in flour dust.",overheating
CNC spindle chiller flow error coupled with spindle housing running very hot.,overheating
"Palletizer motor brake dragging, causing severe heat buildup on the drive assembly.",overheating
"Primary crusher main bearing high temp alarm triggered, autolube line blocked.",overheating
Washdown pump motor terminal box melted from high resistance connection on L2.,overheating
"Paint booth exhaust motor overheating, heavy overspray buildup on housing fins.",overheating
"Sludge press drive reducer running extremely hot, oil level check shows water contamination.",overheating
"Transfer conveyor take-up bearing burning up, pillow block housing glowing dull red.",overheating
"Auxiliary boiler feedwater pump bearing assembly hot, alignment checked out of spec.",overheating
Motor winding temp reached 115C on conveyor 3 drive before thermal trip.,overheating
"Exhaust fan 2 drive end bearing running hot at 88C, grease is burnt.",overheating
"Hydraulic power unit 4 oil cooler fins plugged with dust, fluid temp hitting 65C.",overheating
"Main air compressor stage 2 discharge pipe glowing red, unloading valve stuck.",overheating
Chiller pump 1 mechanical seal leaking and housing hot to the touch.,overheating
Planetary gearbox on mixer B smoking; drained oil and found metal shavings.,overheating
Boiler feed pump motor thermal overload tripped twice this shift.,overheating
"Extrusion line 2 main drive motor fan cowl clogged with debris, running high.",overheating
"Hydraulic press 6 reservoir temp gauge pegged at 70C, cooler fan dead.",overheating
Cooling tower circulation pump bearing housing temp spiked to 92C.,overheating
"Induction heater coil cooling water flow switch failing, unit shutting down on high temp.",overheating
Vacuum pump oil turning dark and smelling burnt due to continuous heavy load.,overheating
Right angle gearbox on palletizer line overheating and making grinding noise.,overheating
"Air handling unit 5 supply fan motor hot, belt guard rubbing against pulley.",overheating
"Injection molding machine nozzle heater thermocouple out of calibration, overheating melt.",overheating
Slitter rewind motor temp limit reached after 20 mins of high speed run.,overheating
Hydraulic manifold block too hot to touch near proportional valve V-12.,overheating
"Exhaust blower motor bearings dry and smoking, tripped breaker.",overheating
"Boiler ID fan bearing housing thermal probe disconnected, casing extremely hot.",overheating
Main spindle chiller flow low alarm causing CNC mill to overheat during heavy cut.,overheating
"Boiler feedwater pump 2 inboard bearing running at 95C, needs grease urgently.",overheating
Compressor room ventilation fan failure caused ambient temp to reach 45C.,overheating
Conveyor belt drive pulley bearing seized and casing cherry red.,overheating
Stamping press clutch housing overheating during rapid cycle operation.,overheating
Wastewater submersible pump thermal overload tripped; motor housing boiling hot.,overheating
"Hydraulic lift table pump motor smoking under load, thermal breaker tripped.",overheating
"Boiler room makeup air damper stuck shut, causing drive motors to overheat.",overheating
"Mixing tank 3 agitator gearbox seal blown, oil leaked out, unit overheating.",overheating
"Emergency generator radiator core blocked with chaff, high temp shutdown active.",overheating
Conveyor drive motor running hot to touch after 20 mins of continuous load.,overheating
"Gearbox #3 oil temp reached 195F, shutdown interlock tripped.",overheating
Main hydraulic power unit overheating due to low fluid level and plugged cooler fins.,overheating
Exhaust fan motor thermal overload relay keeps tripping on line 2.,overheating
Feed water pump casing overheating; suspect internal recirculation and worn wear rings.,overheating
"Compressor stage 2 discharge air temp alarm at 240F, check intercooler water flow.",overheating
"Extruder barrel zone 4 heater band stuck on, localized temp spiked to 450C.",overheating
"Cooling tower circulation pump bearing temp elevated at 180F, needs grease.",overheating
"Cooling fan on air compressor failed, unit shut down on high oil temp.",overheating
Hydraulic press main pump vibrating heavily and running unusually hot.,overheating
"Sander feed motor smoking, thermal cutout failed, unit immediately locked out.",overheating
"Chiller compressor head getting too hot, suction pressure is way too low.",overheating
Boiler induced draft fan bearing housing hot; check alignment and lube.,overheating
"Vacuum pump oil turning dark and running hot, needs flush and oil change.",overheating
"Pellet mill gearbox overheating, water-cooling solenoid valve was closed.",overheating
"Stacker crane traction motor hot after ascending ramp, check brake drag.",overheating
"Mixer agitator gearbox seal leaking, oil level low, unit running hot.",overheating
Centrifuge motor bearing failure causing high vibration and thermal rise.,overheating
Air handler supply fan motor overheating on high speed setting.,overheating
"Hydraulic reservoir temp hitting 145F, heat exchanger fouled with scale.",overheating
"Pneumatic rotary actuator seizing up from friction, thermal limit reached.",overheating
Primary crusher drive motor tripping on thermal overload during hard ore run.,overheating
"Cooling tunnel blower motor failing, bearing temp 95C.",overheating
Submersible sump pump running dry and thermal switch opened.,overheating
"Injection molding machine oil cooler plugged, hydraulic unit shutting down on high temp.",overheating
"Emergency generator radiator blocked with debris, test run aborted due to high coolant temp.",overheating
"Main line exhaust blower vibrating and running hot, check for belt slip.",overheating
"Hydraulic lift table cylinder housing hot on descent, valve binding.",overheating
"Line 3 exhaust fan motor running hot to the touch, tripping thermal overload every 20 mins.",overheating
"Conveyor 2 drive gearbox smoking, oil level critically low and sight glass burned dark.",overheating
Extruder barrel zone 4 heater band failing open causing localized overheating condition.,overheating
"Chiller compressor 1 discharge temp alarm active, head pressure spiking at 280 psi.",overheating
Secondary cooling pump outboard bearing housing at 190°F due to failed grease fitting.,overheating
"Air compressor stage 2 intercooler thermal shutdown, ambient room temp near 105°F.",overheating
"Packaging line 6 servo drive showing fault code for heatsink overtemp, fan stopped.",overheating
"Boiler feed water pump motor fan shroud missing, motor casing too hot for bare hand.",overheating
"Mixer agitator gearbox overheating after continuous batch run, oil viscosity broken down.",overheating
"Exhaust blower belt slipping, causing motor to pull high amps and run extremely hot.",overheating
"Hydraulic press main cylinder packing tight, causing friction heat on return stroke.",overheating
"Substation transformer panel exhaust louvers blocked, internal ambient temp high.",overheating
"Vaku-pump 3 running above rated operating temp, thermal cutoff tripped twice today.",overheating
Roll grinder spindle bearings screaming and overheating within 10 mins of startup.,overheating
Pneumatic valve manifold solenoids overheating and burning out coils intermittently.,overheating
"Water treatment clarifier drive motor thermal relay tripped, gearbox very hot.",overheating
"Asphalt feed conveyor tail pulley bearing seized, friction generated extreme heat.",overheating
"Centrifugal pump gland seal flushing water interrupted, stuffing box overheating.",overheating
Air handler unit supply fan motor winding temp alarm triggered on SCADA.,overheating
"Pellet mill main drive motor running at 95C, thermal overload set point needs check.",overheating
Stamping press clutch solenoid overheating during high-speed production run.,overheating
"Vacuum furnace diffusion pump cooling water flow switch fault, casing overheating.",overheating
Diesel fire pump engine high coolant temp fault logged on controller panel.,overheating
"Sludge press hydraulic manifold oil temp hitting 160°F, heat exchanger fouled.",overheating
"Paint booth intake fan motor running hot, greased bearings yesterday but still warm.",overheating
Injection molding machine mold temperature controller showing high limit alarm.,overheating
Raw material feed screw drive motor overheating under heavy particle load.,overheating
Chilled water loop circulation pump vibration and high bearing temp noted on round.,overheating
"Extruder drive motor running at 92C, tripping thermal overload every 2 hours under heavy load.",overheating
"Cooling fan blade cracked on main exhaust blower, housing temp elevated to 85C.",overheating
Hydraulic power unit #2 fluid temp hitting 145F; heat exchanger core fouled with scale.,overheating
"Booster pump #3 outboard bearing housing smoking, IR gun shows 185C surface temp.",overheating
Conveyor belt drive gearbox thermal alarm tripped; oil level is low and sight glass is black.,overheating
"Main air compressor stage 2 discharge temp high at 235F, intercooler fins clogged with dust.",overheating
Chiller water loop circ pump motor overheating due to failing winding insulation on phase C.,overheating
"Injection molding press toggle linkage bearing seizing, localized temp spike at 110C.",overheating
Vane pump casing hot to the touch; bypass valve stuck open causing fluid shear and heat buildup.,overheating
Pelletizer cutter motor pulling high amps and throwing high temp fault after 15 mins run time.,overheating
"Exhaust fan unit 7 drive belt slipping, causing motor to run hot at 78C.",overheating
Hydraulic press oil reservoir temp reached 130F; oil cooler solenoid valve failed shut.,overheating
"Submersible sump pump running dry, thermal cutoff tripped.",overheating
"Air handler supply fan bearing grease purged out, housing temp at 105C.",overheating
Gear reducer on mixing tank #4 leaking synthetic lube and running extremely hot.,overheating
"Vacuum pump oil turning dark and smoky, exhaust temp sensor reads 210F.",overheating
"Extruder barrel zone 4 heater band stuck on, temperature runaway observed at 340C.",overheating
"Centrifugal pump mechanical seal flush line plugged, stuffing box temp reading 160F.",overheating
Wastewater aerator blower motor overheated and tripped breaker; intake filter choked.,overheating
Hydraulic steering unit gear pump whining loudly and casing is hot.,overheating
Paint booth make-up air unit burner housing overheating past safety limit switch.,overheating
"Main line conveyor motor cooling fins caked in flour dust, internal temp 88C.",overheating
"Slurry pump gland seal flush water pressure lost, bearing housing temp skyrocketing.",overheating
"Diesel generator radiator core plugged with debris, coolant temp warning light active.",overheating
"Rotary screw compressor oil separator element saturated, discharge air temp 240F.",overheating
"Palletizer index motor brake dragging, causing severe thermal buildup in the hub.",overheating
Pneumatic valve manifold solenoids failing from ambient temp exceeding 50C in control cab.,overheating
"Boiler feedwater pump #1 inlet strainer clogged, cavitation causing severe pump heating.",overheating
"Stamping press clutch pack slipping and smoking, immediate shutdown required.",overheating
Industrial chiller compressor head running exceptionally hot; refrigerant charge low.,overheating
"Exhaust fan motor running hot to the touch, tripping thermal overload after 20 mins of continuous operation.",overheating
Hydraulic power unit #3 showing fluid temp alarms at 165F; cooler core appears heavily fouled with dust.,overheating
Line 2 conveyor drive gearbox smoking and emitting a burning gear oil smell under normal load.,overheating
"Main air compressor stage 2 discharge air temp spiked to 240F, suspect failing unloader valve.",overheating
"Chilled water circulation pump outboard bearing housing is burning hot; greased fitting, but no temp drop observed.",overheating
"Extruder barrel zone 4 heater band running in constant alarm status, thermocouple verified accurate.",overheating
VFD cooling fan failure caused drive unit to overheat and fault out on overtemp.,overheating
"Extrusion line main drive motor temp reading 95C at 80% load, needs infrared scan to check for rotor bar issues.",overheating
"Boiler feed pump #1 mechanical seal flush line restricted, causing stuffing box to overheat and flash water to steam.",overheating
Robotic arm joint 3 servo motor thermal shutdown during palletizing cycle.,overheating
Cooling tower makeup water pump motor casing measured at 180F; winding insulation breakdown suspected.,overheating
"Wastewater submersible pump tripped on thermal overload, pulled unit and found debris wrapped around impeller shaft.",overheating
Main hydraulic press oil temp reached 140F limit; manual inspection shows heat exchanger bypass valve stuck open.,overheating
"Pneumatic transfer blower motor bearing failed, housing glowing red from friction.",overheating
Centrifugal blower bearing on HVAC unit #4 throwing grease and running at 210F.,overheating
"Extruder gear reducer oil cooler water flow is restricted, oil temp climbing steadily toward critical trip point.",overheating
"Air compressor lube oil temp high alarm active, intercooler needs chemical descaling.",overheating
"Diesel generator radiator core clogged with cottonwood lint, engine coolant temp reached 225F during weekly test.",overheating
"Pasteurizer recirc pump motor cooling fins caked in product residue, restricting airflow and causing high stator temps.",overheating
"Secondary crusher drive belt slipping badly, pulley hubs overheating due to high friction.",overheating
"Glue melter tank temp controller failed closed, adhesive degraded and carbonized inside the reservoir.",overheating
"Induction heater coil cooling lines blocked with scale, unit shutting down on thermal protection limit.",overheating
Winding temp on 500HP induction motor reached alarm threshold; filter vents clogged and room ambient temp is 105F.,overheating
"Vacuum pump oil reservoir boiling hot, exhaust filter saturated and restricting discharge airflow.",overheating
Sludge press hydraulic pack overheating due to low fluid level and heavy continuous cycling.,overheating
Main line air compressor aftercooler failure resulted in downstream air temps exceeding 180F.,overheating
Substation transformer top oil temp reading 85C above ambient; schedule immediate thermographic inspection.,overheating
"Chiller compressor head pressure high, running hot due to lack of condenser water flow.",overheating
Extruder gear pump drive motor drawing high amps and overheating on startup.,overheating
"Stacker crane traction motor thermal sensor open circuit, motor housing too hot to hold hand on.",overheating
"Main drive motor on conveyor 3 running hot at 85C, thermal trip engaged twice today.",overheating
"Hydraulic power unit #2 oil temp reaching 140F, cooler fan not kicking on.",overheating
Booster pump bearing housing smoking and radiating excessive heat under load.,overheating
"Extruder barrel zone 4 heater band stuck on, causing material degradation.",overheating
Gearbox on exhaust fan B emitting burning smell; oil level verified low.,overheating
Main air compressor stage 2 discharge air temp alarm active at 215F.,overheating
Chiller water loop pump motor drawing high amps and casing feels hot to the touch.,overheating
"Cooling tower fan V-belts slipping, causing fan speed drop and high motor temp.",overheating
Vacuum pump exhaust air temp exceeds OEM spec by 30 degrees F.,overheating
Overhead crane bridge motor thermal overload tripped after 10 mins of continuous use.,overheating
Centrifuge motor stator temp spike logged on HMI; shutdown initiated by operator.,overheating
Roller bearing on conveyor 12 tail pulley seized and throwing sparks.,overheating
"Submersible sump pump running dry due to stuck float, thermal cutoff failed.",overheating
Air handler unit supply fan motor bearing temp running at 92C.,overheating
"Rotary screw compressor oil separator temp high, service required immediately.",overheating
"Main line booster pump gland seal water flow restricted, stuffing box overheating.",overheating
Pelletizer cutter motor tripping on electronic thermal overload.,overheating
Agitator gearbox on mix tank 3 leaking synthetic oil and running extremely hot.,overheating
Extruder gear reducer lube oil temp alarm active; cooling water valve was closed.,overheating
Exhaust blower motor housing too hot to touch; clean filters and check alignment.,overheating
Hydraulic steering pump overheating due to internal bypass valve stuck open.,overheating
"Pneumatic transfer blower motor pulling 15% over FLA, fan guard packed with dust.",overheating
Wastewater scum pump running hot on thermal cycle; check impeller for ragging.,overheating
Drive roller bearing temp on packaging line 4 elevated at 78C.,overheating
Primary boiler feed pump motor rear bearing hot; grease fitting stripped.,overheating
Cooling fan for variable frequency drive faulting out on heatsink over temp.,overheating
Silo rotary valve motor gearbox seizing up from lack of lubrication.,overheating
High pressure wash pump thermal relief valve dumping hot water continuously.,overheating
"Motor casing temp reached 95C under full load, tripping thermal overload on conveyor 3 drive.",overheating
"Gearbox output shaft bearing smoking and running hot, immediate shutdown required.",overheating
Hydraulic power unit oil temp hitting 78C due to plugged cooler core.,overheating
"Exhaust fan motor winding temp alarm active, intake filters caked with dust.",overheating
"Extruder zone 4 barrel heater relay stuck closed, causing severe local overheating.",overheating
"Main air compressor discharge air temp sensor failing high, tripping high-temp safety switch at 110C.",overheating
"Centrifugal pump thrust bearing housing hot to touch, lube oil level low in sight glass.",overheating
Boiler feed pump motor pulling high amps and running hot after coupling realignment.,overheating
"Cooling tower fan gearbox oil temp over 85C, thermal breakdown noted in fluid sample.",overheating
"Pneumatic valve actuator solenoid body excessively hot, cycling continuously without pause.",overheating
Chiller refrigerant compressor head temp spiking during peak ambient load.,overheating
"Submersible sump pump stator winding insulation degraded from running dry, thermal cut-out tripped.",overheating
"Mixer agitator gearbox breather plugged, pressure buildup causing severe overheating of casing.",overheating
"Induction heater coil cooling water flow restricted by scale, unit shutting down on overtemp.",overheating
"Vacuum pump oil reservoir running at 90C, ambient room ventilation inadequate.",overheating
"Line 2 conveyor drive motor fan shroud missing, motor overheating and smelling of hot varnish.",overheating
"Hydraulic press oil cooler bypass valve stuck open, fluid temp at 82C.",overheating
"Exhaust blower bearing grease purged out, housing temp 105C with audible vibration.",overheating
"Diesel generator turbocharger housing glowing dull red, coolant circulation sluggish.",overheating
"Pasteurizer recirc pump seal flush water pressure lost, stuffing box running extremely hot.",overheating
"Pellet mill main drive motor thermal overload fault on startup, high bearing temps.",overheating
"Air handler supply fan belt slipping, pulley friction causing high shaft temp.",overheating
Injection molding machine hydraulic manifold block overheating near proportional valve.,overheating
"Sludge pump motor cooling fins packed with debris, running well above rated temp.",overheating
"Robotics controller cabinet internal temp at 50C, filter fan failure.",overheating
"Clinker cooler drive gearbox oil cooler fouled, high temp alarm active.",overheating
"Agitator motor bearing housing hot, excessive grease applied during last PM.",overheating
Wastewater submersible mixer thermal switch open due to overload and high basin temp.,overheating
Emergency fire pump diesel engine high coolant temp warning during weekly test.,overheating
"Main exhaust fan motor running hot to the touch, thermal overload tripped twice today.",overheating
"Hydraulic power unit #3 fluid temp reached 175°F, cooler core needs chemical flush.",overheating
Extruder gearbox oil temp alarm active; high speed shaft bearing showing early failure signs.,overheating
Chiller compressor #2 discharge temp high due to low refrigerant charge.,overheating
"Conveyor drive motor smoking under heavy load, amp draw is 15% above FLA.",overheating
Main air compressor oil reservoir overheating; thermal bypass valve stuck closed.,overheating
"Boiler feed pump #1 outboard bearing temp at 190°F, grease line is blocked.",overheating
Primary hydraulic press oil temp hit 160°F before manual shutdown.,overheating
Sludge pump motor thermal switch tripping after 20 mins of continuous run time.,overheating
Vacuum pump oil separator hot and emitting burning smell; intake filter clogged.,overheating
"Roller line drive motor fan shroud packed with dust, causing motor to overheat.",overheating
"Submersible sump pump running dry, housing extremely hot.",overheating
Plant air compressor stage 2 intercooler outlet temp reading 240°F.,overheating
Packaging line conveyor gearbox overheating; worm gear stripped.,overheating
Mixer motor thermal overload kicked out during high viscosity batch.,overheating
Hydraulic cylinder rod scoring causing rapid fluid heating in circuit B.,overheating
"Exhaust blower bearing temp up to 185°F, needs immediate grease purge.",overheating
Boiler draft fan motor bearing failure causing severe vibration and heat.,overheating
"Pneumatic actuator solenoid valve body hot, coil insulation degrading.",overheating
Rotary screw compressor thermal bypass valve failed; oil not passing through cooler.,overheating
Wastewater pump #4 motor winding temp alarm at 125C.,overheating
Chilled water loop circulating pump motor overheating due to restricted suction.,overheating
"Hot oil pump mechanical seal flush line plugged, seal face smoking.",overheating
Centrifugal blower motor overheating; phase imbalance measured at 4.2%.,overheating
Deaerator feed pump bearing housing temp spiked to 210°F within one hour.,overheating
Granulator mill motor tripping thermal overloads on startup.,overheating
Hydraulic power pack reservoir oil temp at 170°F; oil cooler fan motor dead.,overheating
"Exhaust fan motor housing running hot to touch, approx 85C at bearings.",overheating
"Hydraulic power unit #3 throwing high oil temp alarm at 145F, cooler core blocked with debris.",overheating
Main extruder gearbox overheating after 4 hours of continuous high-load run.,overheating
"Cooling fan blade missing on drive motor, causing rapid thermal cutout trips.",overheating
"Centrifugal pump #2 casing hot, checked alignment and found coupling severely misaligned.",overheating
"Conveyor drive pulley bearing grease is degraded, housing smoking under heavy load.",overheating
Chiller water loop pump motor drawing high amps and overheating on phase C.,overheating
"Hydraulic reservoir on press line 4 running hot, thermal valve stuck closed.",overheating
Exhaust blower motor tripped on overload; stator temp reached critical threshold.,overheating
Boiler feed pump #1 inboard bearing operating 40F above normal baseline.,overheating
"Extruder barrel zone 3 heater band stuck ON, causing localized thermal runaway.",overheating
Cooling tower fan gearbox oil temp gauge pegged in the red zone.,overheating
Submersible sump pump running dry and overheating before float switch engaged.,overheating
Vacuum pump oil turning dark and smoking due to restricted intake filter.,overheating
Mixer agitator gearbox seal leaking; unit running dry and extremely hot.,overheating
"Main line conveyor motor hot to touch, thermal overload relay needs replacement.",overheating
"Hydraulic press oil cooler fan not engaging, fluid temp climbing past 150F.",overheating
"Air compressor intercooler blocked with scale, causing high 3rd stage discharge temps.",overheating
Emergency generator coolant temp high during weekly load bank test.,overheating
Ventilation air handler motor bearings screaming and running hot; needs immediate grease.,overheating
Hydraulic fluid temp alarm on injection molding machine; heat exchanger fouled.,overheating
Chiller compressor head overheating due to low refrigerant charge and starved evaporator.,overheating
"Main drive motor for roller mill overheating, thermal overload tripped twice today.",overheating
"Hydraulic power pack oil temp at 160F, bypass valve stuck open.",overheating
Exhaust fan on paint booth motor seized from heat and lack of lubrication.,overheating
Boiler draft fan motor operating at 95C; ambient room temp is also too high.,overheating
"Rotary screw compressor oil separator failing, sending hot oil downstream and overheating unit.",overheating
"Main exhaust fan motor running hot to touch after 20 mins of operation, thermal overload tripped twice today.",overheating
High temp alarm triggered on extruder gearbox; oil cooler inlet line is restricted with scale buildup.,overheating
"Hydraulic power unit #3 fluid temp hit 165°F under normal load, reservoir cooling fan inop.",overheating
"Infeed conveyor drive motor smoking and smelling of burnt insulation, immediately locked out for safety.",overheating
"Compressor stage 2 discharge air temp reading 40F above normal threshold, suspected bypass valve leakage.",overheating
"Chilled water circulation pump outboard bearing housing running at 185F, needs grease and alignment check.",overheating
"Extruder barrel zone 4 heater band running uncontrolled, surface temp exceeded 500F before manual shutdown.",overheating
Severe galvanic corrosion observed on SS flange and carbon steel pipe spool near acid wash line.,corrosion
"Heavy rust and scale build-up inside 4-inch cooling water supply header, causing restricted flow to compressor 2.",corrosion
Pitting corrosion noted on the casing of boiler feed water pump 3 during routine PM inspection.,corrosion
"Exhaust fan 1 housing rusted through near the baseplate mounting bolts, creating excessive vibration.",corrosion
Heavy scaling and oxidation on cooling tower makeup water control valve actuator.,corrosion
Condensate return line pinhole leak due to internal corrosion near heat exchanger unit 5.,corrosion
Flange face corrosion on crude oil transfer pump suction line causing minor weeping.,corrosion
Heavy rust accumulation on conveyor belt 4 drive pulley bearings and mounting brackets.,corrosion
Corroded threads on fire water deluge valve main stem; valve failed manual exercise test.,corrosion
Severe oxidation on emergency diesel generator exhaust manifold thermal wrap brackets.,corrosion
Pitting and scaling on chiller unit 2 evaporator water box internal divider plate.,corrosion
Corrosion products bridging the electrical terminals inside the outdoor HVAC unit disconnect box.,corrosion
Rotary air compressor intercooler drain trap plugged with heavy rust scale and particulate.,corrosion
Heavy rust on roof-mounted exhaust fan 3 ductwork elbow requiring immediate patch.,corrosion
Galvanic corrosion between aluminum handrail and structural steel platform near tank farm.,corrosion
Severe pitting on agitator shaft seal flush lines for reactor vessel 1.,corrosion
Chilled water pump 2 baseplate severely degraded by rust; motor alignment compromised.,corrosion
Scale build-up restricting flow through sample cooler coil for steam drum 3.,corrosion
Corroded linkage on boiler 1 forced draft damper actuator causing erratic air control.,corrosion
Internal corrosion and thinning detected via UT testing on condensate storage tank nozzle N2.,corrosion
"Rust scaling inside electrical enclosure NEMA 4x latch mechanism, door jammed.",corrosion
"Pitted valve seat on high-pressure steam bypass valve, causing slight passing.",corrosion
Heavy rust on fire suppression system dry pipe riser check valve bonnet bolts.,corrosion
Corrosion on waste water sump pump 2 guide rails causing binding during lift operations.,corrosion
Scaling and corrosion on plate heat exchanger 1 titanium plates affecting thermal efficiency.,corrosion
Rust-jacketing on carbon steel piping beneath insulation near ammonia refrigeration unit.,corrosion
"Corroded grounding strap on exterior transformer pad, high resistance reading.",corrosion
Severe pitting corrosion on propeller blades of cooling tower fan cell 4.,corrosion
Scale build-up inside air compressor aftercooler causing high discharge temps.,corrosion
"Heavy rust on underground fuel oil fill port cap threads, unable to seal properly.",corrosion
Severe rust accumulation on the 4-inch discharge spool piece causing minor weeping at the flanged gasket.,corrosion
Cooling tower water pump #2 casing heavily pitted from galvanic action near the bronze impeller mating surface.,corrosion
"Flange bolts on main steam line manifold heavily scaled and seized, require hot-work cutting for removal.",corrosion
Exhaust fan housing on roof unit 4 has rusted completely through at the base mounting brackets.,corrosion
Instrument air dryer pre-filter drain valve jammed shut due to internal white rust and particulate scale build-up.,corrosion
Severe oxidation on battery bank rack tier 3; terminal connectors showing heavy green copper sulfate scale.,corrosion
"Rotary airlock valve rotor blades pitted and worn down from corrosive material handling, losing pneumatic seal.",corrosion
Condensate return line pinhole leak caused by internal wall thinning from carbonic acid corrosion near elbow joint.,corrosion
Fire suppression sprinkler main riser flange showing active red rust bleeding through red paint coating.,corrosion
Boiler feedwater pump suction strainer basket plugged with heavy iron oxide scale flaking off piping interior.,corrosion
Chilled water makeup line isolation valve stem pitted and leaking packing gland due to electrochemical attack.,corrosion
Severe atmospheric corrosion on outdoor electrical disconnect switch enclosure; latch mechanism frozen solid.,corrosion
Conveyor idler roller bearings seized up entirely due to salt-spray corrosion in the washdown bay.,corrosion
"Gearbox vent breather port plugged with iron scale, causing internal pressure buildup and shaft seal blowout.",corrosion
Pitting corrosion observed on the leading edge of ID fan rotor blades; balancing weights loose.,corrosion
Anchor bolts for compressor skids heavily corroded at concrete interface; torque integrity compromised.,corrosion
Galvanic corrosion evident between aluminum instrument housing and carbon steel mounting bracket on line 12.,corrosion
HVAC ductwork seam separation above cleanroom 2 caused by acidic vapor condensation and rust-out.,corrosion
Fuel oil day tank bottom plate showing heavy scale and pitting during internal inspection; patch required.,corrosion
"Emergency generator exhaust manifold flanged connection rusted through, leaking hot combustion gases.",corrosion
"Hydraulic power unit reservoir interior showing rust flaking off head plate, contaminating servo oil.",corrosion
Gate valve on raw water intake stuck open; stem threads stripped due to aggressive scale accumulation.,corrosion
Overhead crane bridge rail support brackets showing severe flaking rust and section loss.,corrosion
"Centrifugal blower casing interior encrusted with heavy chemical scale, reducing volumetric output.",corrosion
Pneumatic actuator cylinder body scored internally from moisture intrusion and rust pitting on the piston wall.,corrosion
Cooling water heat exchanger tubes plugged with calcium scale and iron oxide tubercles on the inlet side.,corrosion
"Potable water booster pump baseplate severely oxidized, causing motor-to-pump shaft misalignment.",corrosion
"Sump pit level float switch bracket rusted away, causing switch to hang horizontally and fail to trip.",corrosion
"Ammonia refrigeration piping insulation soaked with moisture, resulting in severe external pipe scaling.",corrosion
Exhaust stack guy wires rusted down to 50% strand diameter near anchor points; immediate replacement needed.,corrosion
"Severe scaling and rust build-up inside 4-inch cooling water supply header, reducing flow by 30%.",corrosion
Flange bolts on primary condensate return pump severely corroded; weeping minor amounts of water at 45 psi.,corrosion
Galvanic corrosion observed between the aluminum housing and stainless steel mounting bracket on Exhaust Fan 02.,corrosion
"Exhaust fan ductwork bottom panel has rusted through, creating a 3-inch hole and air leak.",corrosion
Heavy white scale accumulation inside heat exchanger tubes; thermal transfer efficiency dropping rapidly.,corrosion
Corrosion pitting on the impeller blades of Feedwater Pump B causing cavitation and high vibration.,corrosion
"Main gate valve stem heavily rusted, stuck half-open during emergency shutdown test.",corrosion
Pitted casing on chemical transfer pump 3; patch holding temporarily but needs immediate replacement.,corrosion
Severe rust scaling on structural I-beams supporting Conveyor Line 4 drive motor.,corrosion
"Condensate drain line completely blocked by iron oxide scale, causing AHU pan overflow.",corrosion
Corroded electrical conduit on rooftop chiller unit; wires exposed to moisture and weather.,corrosion
Surface rust and scaling on exterior of compressed air receiver tank; hydro test recommended.,corrosion
Flange gasket failure on fuel oil line due to heavy flange face corrosion.,corrosion
Corrosion buildup on cooling tower louvers restricting airflow to the intake plenums.,corrosion
Pitting corrosion on stainless steel mixing tank bottom plate near the drain valve.,corrosion
"Heavy rust on linkage arms of damper actuator, causing sticking in cold position.",corrosion
Boiler feedwater piping showing red rust at threaded joints; minor leaks developing.,corrosion
Scale deposits restricting water flow through induction furnace cooling coils.,corrosion
Severe galvanic reaction between copper pipe and steel hanger in basement utility corridor.,corrosion
Exterior corrosion on emergency diesel generator fuel tank vent pipe; cap rusted shut.,corrosion
Rotary airlock valve rotor blades worn down by abrasive iron scale buildup.,corrosion
"Chilled water pump baseplate completely rusted through, motor alignment drifting out of spec.",corrosion
Heavy surface scale on boiler blowdown valve body; requires descaling and wire brushing.,corrosion
Corrosion on limit switch brackets of automated sorting conveyor causing false fault signals.,corrosion
"Rust perforation on steam trap body, blowing live steam continuously.",corrosion
Internal scale build-up in RO system pre-filter housing causing high differential pressure.,corrosion
Corroded sprinkler pipe hanger in warehouse zone 3 needs immediate replacement.,corrosion
Drive coupling guard rusted to frame on conveyor 7; had to be cut off for maintenance access.,corrosion
"Severe rust on secondary containment sump pump float switch leads, intermittent operation.",corrosion
Pitted valve seat on steam isolation valve preventing tight shutoff during PM.,corrosion
Heavy scale build-up inside 4-inch cooling water supply line causing 30% flow restriction.,corrosion
"Flange bolts on primary boiler feed pump heavily oxidized and seized, requires torching for removal.",corrosion
Severe galvanic corrosion observed between stainless steel pipe spool and carbon steel structural support.,corrosion
Cooling tower fan motor housing suffering from advanced flaking rust and pitting.,corrosion
"Discharge valve body eroded by rust perforation, minor process leak detected at 45 psi.",corrosion
Conveyor idler roller bearings jammed due to rust intrusion in damp washdown bay.,corrosion
Severe pitting corrosion on internal impeller blades of effluent transfer pump #3.,corrosion
"Air compressor receiver tank bottom seam showing orange peel scaling, needs NDT thickness check.",corrosion
"Exhaust duct joints rusted through near scrubber outlet, causing fugitive vapor escape.",corrosion
Emergency diesel generator heat exchanger tubes fouled with heavy mineral scale and rust deposits.,corrosion
Severe oxidation on electrical grounding strap connecting main intake frame to earth rod.,corrosion
Pneumatic actuator cylinder body pitted and leaking air past seals due to internal moisture corrosion.,corrosion
Rotary airlock valve casing eroded by abrasive rust flakes from upstream cyclone separator.,corrosion
"Severe rust accumulation on overhead crane bridge rail, causing stuttering travel motion.",corrosion
Hydraulic power unit reservoir interior coated in rust scale; fluid contamination suspected.,corrosion
Fire sprinkler branch line pinhole leak caused by internal corrosion near elbow joint.,corrosion
Boiler feedwater economizer tubes experiencing accelerated external corrosion and scaling.,corrosion
"Main sewage lift station guide rails heavily corroded, threatening structural integrity of carriage.",corrosion
"Chilled water circulation pump baseplate rusted out completely, motor alignment currently out of spec.",corrosion
Heavy rust scale on diesel fuel storage tank vent pipe and flame arrestor screen.,corrosion
"Pitting corrosion evident on steam trap body threads, leaking high-pressure condensate.",corrosion
"Exhaust fan damper louvers rusted shut in open position, preventing proper building ventilation.",corrosion
Centrifugal blower housing interior pitted from acidic flue gas condensate exposure.,corrosion
"Corrosion products flaking off internal walls of process water tank, clogging downstream strainers.",corrosion
Severe rust bridging between stator windings and frame on wash-down duty conveyor motor.,corrosion
Solenoid valve manifold block heavily oxidized; bleed ports completely plugged with scale.,corrosion
"Gearbox breather vent corroded solid, leading to internal pressure build-up and shaft seal blowout.",corrosion
Structural support legs of ammonia refrigeration condenser severely rusted at concrete interface.,corrosion
Internal corrosion and scale build-up inside heat exchanger shell side restricting thermal transfer efficiency.,corrosion
Potable water booster pump suction manifold heavily corroded with reddish-brown tubercules.,corrosion
"Severe rust build-up on the discharge flange of North Water Pump #2, leaking approx 2 GPM.",corrosion
Galvanic corrosion evident where aluminum housing meets steel mounting bracket on Conveyor C-12 drive motor.,corrosion
Heavy scale accumulation inside 4-inch cooling water supply line causing restricted flow to Heat Exchanger HX-04.,corrosion
Pitting corrosion noted on the stainless steel impeller blades of Centrifugal Pump P-105 during routine overhaul.,corrosion
Flange bolts on Steam Header Valve V-203 are heavily rusted and seized; replacement required during next outage.,corrosion
"Corrosion products flaking off the interior walls of Air Receiver Tank TK-01, clogging downstream desiccant filters.",corrosion
Exhaust fan EF-03 mounting frame severely oxidized and structurally compromised near the roof curb.,corrosion
Heavy rust scale on Gearbox GB-08 casing; oil sight glass obscured and breather vent completely plugged.,corrosion
Pitting observed on Compressor #3 intercooler tubes resulting in minor pressure drop and moisture carryover.,corrosion
Corrosion on electrical conduit fitting near Ammonia Scrubber pump causing ground fault trip on Starter MCC-4.,corrosion
Emergency eyewash station supply pipe heavily rusted at the floor penetration; pipe wall thickness compromised.,corrosion
Rotary Airlock Valve RLV-02 rotor vanes eroded due to product moisture combined with galvanic corrosion.,corrosion
Cooling tower structural beam showing advanced surface scale and localized pitting near basin waterline.,corrosion
Boiler feedwater pump non-return valve stuck open due to mineral scale build-up on internal guide rails.,corrosion
Flange leakage on Acid Transfer Line V-50 due to gasket degradation accelerated by chemical corrosion.,corrosion
"Drive chain on Packaging Line Conveyor heavily corroded and stiff, causing jerky movement and product jams.",corrosion
Pitting on shaft sleeve of Boiler Circulating Pump #1 leading to premature mechanical seal failure.,corrosion
Rust accumulation jamming the linkage on Louver Actuator LA-09 for the main HVAC intake duct.,corrosion
Heavy scale build-up inside Plate Heat Exchanger PHE-02 plates; delta P across unit exceeds 15 psi limit.,corrosion
Corrosion spots perforating the bottom drain leg of Instrument Air Dryer vessel AD-01.,corrosion
Anchor bolts for Exhaust Blower EB-01 base severely rusted away; unit vibrating excessively during startup.,corrosion
Gate valve GV-11 stem threads stripped due to rust build-up in outdoor unheated valve pit.,corrosion
Severe galvanic reaction between copper grounding strap and galvanized steel conduit on Transformer T-3.,corrosion
Condenser water return line pipe wall thinned significantly by internal corrosion near elbow joint EL-14.,corrosion
"Rust scale fouling the magnetic pickup sensor on Sludge Pump #4, causing erratic RPM readings on PLC.",corrosion
"Corrosion on fire sprinkler main riser flange in basement storage area, slow weeping leak noted.",corrosion
Pitting corrosion discovered on agitator shaft of Batch Tank BT-02 during quarterly preventative maintenance.,corrosion
"Heavy oxidation on electrical disconnect switch enclosure for Chiller CH-01, door latch rusted shut.",corrosion
Severe galvanic corrosion observed on the stainless-steel mounting bolts of recirculation pump #2 flange.,corrosion
"Flange face on boiler feed water valve #3 pitted heavily from oxidation, causing minor gasket weep.",corrosion
"Exhaust fan housing severely rusted through near the baseplate, creating a vibration hazard and air leak.",corrosion
"Corrosion products flaking off internal walls of compressed air receiver tank, clogging downstream filter element.",corrosion
"Severe pitting on the impeller blades of cooling tower pump B, resulting in reduced discharge pressure.",corrosion
Conveyor roller bearings seized due to rust intrusion from washdown cycle exposure.,corrosion
Corrosion build-up locking manual isolation valve in the open position; cannot actuate for scheduled PM.,corrosion
Heavy rust scale on structural support legs of acid storage tank; requires scraping and recoating.,corrosion
Condensate return line pitted and leaking pinhole water spray near steam trap station 4.,corrosion
"Severe oxidation on electrical enclosure hinge and latch assembly, door hard to secure properly.",corrosion
Pitting corrosion on compressor intercooler tubes leading to localized air-to-water leakage.,corrosion
Heavy rust accumulation on fire sprinkler main header pipe near the loading dock ceiling.,corrosion
Glycol pump mechanical seal failed prematurely due to abrasive rust particles circulating in the fluid loop.,corrosion
"Corrosion bridging the clearance gap between the motor fan guard and housing, causing scraping noise.",corrosion
Severe rust scale inside HVAC air handling unit drain pan blocking the condensate trap outlet.,corrosion
Pitting on gear teeth of industrial mixer gearbox due to water contamination in the oil sump.,corrosion
Flange bolts on fuel oil transfer line heavily corroded; unable to apply proper torque during reassembly.,corrosion
Corrosion on exhaust stack guy wires showing strand thinning near anchor points.,corrosion
Heavy scaling on internal baffles of blowdown tank restricting routine sludge drainage.,corrosion
"Rust pitting on the shaft sleeve of boiler feed pump #1, accelerating packing wear and gland leakage.",corrosion
Corrosion on pneumatic actuator mounting bracket causing alignment shift on emergency shutoff valve.,corrosion
Heavy oxidation on exterior of ammonia refrigeration receiver vessel; requires immediate surface prep and paint.,corrosion
Pitting corrosion discovered on internal screw flight of sludge dewatering conveyor.,corrosion
Rust accumulation causing sticking linkage on main steam damper actuator assembly.,corrosion
Severe galvanic reaction between aluminum housing and steel mounting bracket on conveyor sensor #5.,corrosion
Corrosion crust bridging electrical ground strap connection to the main water chiller chassis.,corrosion
Pitting on emergency diesel generator raw water heat exchanger end bell requires weld repair.,corrosion
Heavy scale build-up inside steam sterilizer chamber drain lines causing slow cycle discharge.,corrosion
Corrosion-induced thinning on the bottom plate of the chemical day tank; urgent replacement needed.,corrosion
"Flange bolts on discharge valve V-204 heavily oxidized and stripped during routine PM, replacement required.",corrosion
"Pitting corrosion observed on the stainless steel impeller of boiler feed pump #3, vibration increasing.",corrosion
Severe rust accumulation on exterior housing of exhaust fan EF-12 near the chemical washdown area.,corrosion
Galvanic corrosion present where aluminum bracket meets steel structural frame on conveyor C-7 drive motor.,corrosion
"Condensate drain line completely blocked by iron oxide scale, overflowing onto MCC room floor.",corrosion
"Heavy rusting on access door hinges of air handling unit AHU-5, doors currently seized shut.",corrosion
Corrosion pitting on internal walls of chemical mix tank TK-101; non-destructive testing recommended.,corrosion
Pneumatic actuator air supply line ruptured due to internal rust flaking clogging the solenoid valve.,corrosion
"Severe galvanic reaction at brass-to-steel union on domestic hot water header, weeping minor droplets.",corrosion
Rusted out mounting feet on backup generator exhaust silencer causing dangerous vibration harmonics.,corrosion
Corrosion layer on electrical ground strap for compressor CM-2; cleaned and re-terminated.,corrosion
Scale build-up restricting movement of butterfly valve disc on cooling tower return line.,corrosion
"Shaft sleeve severely pitted from acid vapor exposure on metering pump MP-1, leaking seal flush water.",corrosion
"Heavy orange scaling inside closed-loop chilled water expansion tank sight glass, level unreadable.",corrosion
Corrosion perforated the sheet metal housing of outdoor lighting transformer T-4.,corrosion
Flange gasket failure on acid transfer line due to deep pitting on the mating metal face.,corrosion
"Rust-jacketing on structural I-beam supporting monorail hoist; integrity compromised, needs evaluation.",corrosion
Heavy oxidation on terminal strip inside outdoor junction box JB-14 causing intermittent sensor dropouts.,corrosion
"Severe rust scaling inside rotary airlock valve housing, causing rotor to bind against the casing.",corrosion
Pitting corrosion on turbine flow meter rotor blades causing erratic pulse output readings.,corrosion
Condenser tube sheet showing widespread galvanic corrosion and pitting near sacrificial anodes.,corrosion
"Excessive scale build-up inside steam trap ST-8 body, unit stuck in open position blowing live steam.",corrosion
Heavy corrosion on manual chain hoist gears; unit fails drop test and must be removed from service.,corrosion
Flange connection on caustic soda line leaking due to severe chemical corrosion on bolt threads.,corrosion
Rust accumulation jamming the gravity louver linkage on makeup air unit MAU-2.,corrosion
Pitting corrosion discovered on propeller blades of cooling tower fan #4 during monthly inspection.,corrosion
Stiff operation of sluice gate actuator caused by rust build-up on the lead screw threads.,corrosion
Heavy scale accumulation restricting drain port on oil-water separator vessel.,corrosion
"Severe corrosion on underground fire hydrant stem nut, valve cannot be fully exercised.",corrosion
"Severe pitting corrosion observed on 4-inch carbon steel discharge line near flange connection, wall thickness reduced by 40%.",corrosion
Heavy rust accumulation on feed water pump casing causing minor weeping at the mechanical seal gland.,corrosion
"Flange bolts on primary cooling water return valve heavily oxidized and seized, requires cutting torch for removal.",corrosion
Heavy scale build-up inside plate heat exchanger channels restricting flow and dropping differential pressure across unit.,corrosion
"Galvanic corrosion evident where copper instrumentation line contacts stainless steel manifold frame, minor pitting present.",corrosion
"Exhaust fan housing severely rusted through at baseplate mounts, causing excessive vibration and motor misalignment.",corrosion
Condensate return line pinhole leak due to internal scale corrosion and pitting near elbow joint.,corrosion
"Heavy oxidation on exterior of emergency generator fuel tank fill port, surrounding deck grating showing flaking rust.",corrosion
Conveyor idler roller bearings seized due to rust ingress from high-humidity washdown area.,corrosion
Cooling tower structural support beams showing advanced atmospheric corrosion and flaking scale near basin waterline.,corrosion
"Severe corrosion on actuator linkage for emergency shutdown valve, preventing full stroke movement during routine test.",corrosion
"Internal surfaces of air receiver tank heavily scaled with flash rust and moisture deposits, requires abrasive blasting.",corrosion
"Air compressor intercooler tubes choked with mineral scale and rust debris, discharging high temp air to line.",corrosion
"Rust accumulation locking manual isolation valve stem on fire water header; penetrating oil applied, still stuck.",corrosion
Pitting corrosion on stainless steel mixing tank agitator shaft just above liquid level interface.,corrosion
"Boiler feedwater pump baseplate severely degraded by rust and chemical splash, motor alignment shifting.",corrosion
"Heavy scale build-up inside domestic hot water booster heater tank, reducing thermal transfer efficiency.",corrosion
"Corrosion bridging terminal box studs on outdoor exhaust blower motor, causing intermittent ground fault trips.",corrosion
Gate valve body showing deep rust pitting and weeping through wall near bonnet flange.,corrosion
Severe galvanic corrosion between aluminum instrument enclosure and galvanized mounting bracket on roof rack.,corrosion
Chilled water pump discharge check valve flanged heavily rusted with active weeping at gasket face.,corrosion
Internal rust scale breaking loose in compressed air main and clogging point-of-use regulators.,corrosion
Exhaust stack guy wires showing heavy surface rust and fraying near anchor turnbuckles.,corrosion
"Severe atmospheric corrosion on outdoor electrical disconnect handle mechanism, padlock hasp rusted solid.",corrosion
"Gearbox breather port clogged with rust scale and moisture condensation, causing internal pressure build-up and seal leak.",corrosion
"Centrifugal blower impeller blades coated in heavy rust scale, throwing wheel out of dynamic balance.",corrosion
"Sump pump float switch linkage encrusted with iron bacteria scale and rust, hanging up in 'on' position.",corrosion
"Severe pitting on interior weld seams of chemical dosing mix tank, wall thickness compromised.",corrosion
Fire sprinkler branch line showing heavy exterior scale and rust weeping at threaded tee fitting.,corrosion
Hydraulic power unit reservoir top plate heavily rusted with paint bubbling and flaking into breather cap.,corrosion
Heavy rust accumulation on feed water pump casing flange causing minor weeping at the gasket.,corrosion
Severe galvanic corrosion observed on stainless-to-carbon steel spool piece near heat exchanger inlet.,corrosion
Pitting corrosion noted on the internal impeller blades of boiler feed pump #3.,corrosion
Heavy scale build-up inside the 4-inch cooling water supply header reducing flow by roughly 25 percent.,corrosion
Exhaust fan housing base severely rusted through; unit vibrating excessively and requires immediate structural pad repair.,corrosion
Flange bolts on primary acid line are heavily corroded and seized; requires cutting torches for removal during overhaul.,corrosion
Corrosion pitting found on agitator shaft seal area causing minor lube oil contamination.,corrosion
Cooling tower structural cross-member suffering from advanced red rust and metal loss; critical safety hazard.,corrosion
Internal pipe scale restricting suction line pressure on air compressor #2.,corrosion
Severe oxidation on main breaker enclosure door hinges; latch mechanism stuck open.,corrosion
Pitted valve seat on 6-inch gate valve allowing bypass leakage under high pressure.,corrosion
Heavy scaling on condenser tube sheet inhibiting proper heat transfer efficiency.,corrosion
Corrosion on conveyor roller bearings causing seized idlers and shredded belt edges.,corrosion
Rust scaling inside the compressed air receiver tank; drain valve plugged solid with debris.,corrosion
Galvanic reaction between aluminum housing and steel mounting bolts on rooftop HVAC exhaust fan.,corrosion
Severe pitting corrosion on chemical metering pump head; replacement required urgently.,corrosion
Heavy rust bloom on fire sprinkler main line hanging bracket in zone 4 warehouse.,corrosion
Scale accumulation inside pasteurizer heat exchanger plates resulting in elevated discharge temp.,corrosion
Corrosion damage to limit switch arm on overhead crane trolley; travel stop failing intermittently.,corrosion
Pitted shaft sleeve on boiler blowdown pump causing premature mechanical seal failure.,corrosion
Severe atmospheric corrosion on outdoor chiller electrical control panel enclosure door seal.,corrosion
Scale build-up in reverse osmosis pre-filter housing obstructing flow and tripping low pressure alarm.,corrosion
Rusted-out floor pan and motor mount on sump pump assembly #1; unit shifting during start-up.,corrosion
Corrosion perforation on condensate return line elbow near steam trap station #6.,corrosion
Heavy oxidation on emergency generator exhaust manifold flange bolts; shearing during torque check.,corrosion
Pitting on internal walls of pneumatic receiver vessel; UT test required to verify remaining wall thickness.,corrosion
"Rust scale fouling strainer basket on fuel oil supply skid, causing high differential pressure drop.",corrosion
Galvanic corrosion evident where copper grounding braid attaches to galvanized structural steel column.,corrosion
Severe scaling inside industrial dishwasher water heating coil; element failing due to localized overheating.,corrosion
Rusted linkage arms on butterfly valve actuator resulting in sluggish modulation and position error.,corrosion
Heavy scale build-up inside 4-inch cooling water supply line causing restricted flow to the main compressor heat exchanger.,corrosion
Severe galvanic corrosion observed on the stainless steel flange bolting at acid transfer pump discharge; immediate replacement required.,corrosion
"Flange face pitting detected on bypass valve V-204, resulting in minor chemical weeping during high-pressure cycles.",corrosion
Heavy rust accumulation on conveyor belt idler rollers #12 through #18 causing seizing and belt slippage.,corrosion
Corrosion pitting found on the boiler feed pump suction bell during internal inspection.,corrosion
"Severe scale formation inside the tube bundle of heat exchanger HE-03, reducing thermal transfer efficiency by 35 percent.",corrosion
Rusted out mounting bracket on level transmitter LT-105; instrument is currently hanging by conduit.,corrosion
Corroded threads on emergency eye-wash station supply valve causing it to leak when actuated.,corrosion
Severe oxidation on electrical enclosure door hinges for MCC-3; doors will not latch properly.,corrosion
Internal scale build-up in condensate return line restricting flow back to the boiler room.,corrosion
Flange bolts on condensate return pump completely oxidized and snapped during routine torque check.,corrosion
Pitting corrosion on the impeller blades of cooling tower pump #2 causing cavitation and vibration.,corrosion
Heavy rust on the structural support legs of caustic storage tank TK-88; structural assessment recommended.,corrosion
Corroded valve stem on main steam isolation valve preventing full closure during recent test.,corrosion
"Scale and rust clogging the spray nozzles on scrubber unit SC-1, leading to high pressure drop.",corrosion
Heavy rust scale on fire water deluge system header pipe near section 4; requires wire brush and coating.,corrosion
Pitting corrosion observed on the mechanical seal flush line for boiler feed pump #1.,corrosion
Corroded linkage arm on pneumatic damper actuator preventing proper modulation of fresh air intake.,corrosion
Heavy scaling on the internal walls of RO feed water skid piping.,corrosion
Rusted-out drain valve on compressed air receiver tank #3 is completely seized in the closed position.,corrosion
Corrosion damage to safety guard mounting tabs on hydraulic press #4; guard is loose.,corrosion
Internal pipe scale breaking loose and plugging inline strainer ahead of utility pump #2.,corrosion
Severe rust on gear reducer housing for conveyor drive motor CD-9; oil sight glass obscured.,corrosion
Flange leakage due to severe gasket face corrosion on high-pressure steam trap station.,corrosion
"Oxidation build-up on limit switch contacts for automated gate valve GV-11, causing intermittent signal loss.",corrosion
Corroded grease fittings on main exhaust fan bearings; unable to connect grease gun for monthly lubrication.,corrosion
Severe scale build-up inside the domestic hot water recirculation loop piping causing low pressure at remote fixtures.,corrosion
Pitting on the casing of chemical metering pump #2 leading to minor product leakage onto concrete pad.,corrosion
Severe galvanic corrosion observed on flange bolts connecting discharge spool to check valve.,corrosion
Flange face pitting found on boiler feedwater pump suction nozzle; gasket weeping slightly.,corrosion
"Exhaust fan housing severely rusted through near bottom scroll, vibration increasing.",corrosion
Severe scale accumulation in heat exchanger tubes reducing heat transfer efficiency by 30%.,corrosion
Condensate return line pinhole leak due to internal corrosion near 90-degree elbow.,corrosion
"Corrosion on motor enclosure fins and junction box, cover screws seized.",corrosion
Severe pitting on agitator shaft in mix tank 2; requires weld buildup or replacement.,corrosion
"Flange bolts on steam header severely oxidized, snapping off during torque check.",corrosion
"Heavy rust scale inside compressed air receiver tank bottom drain port, clogging auto-drain.",corrosion
Valves on acid wash skid showing exterior acid attack and heavy metal loss on bodies.,corrosion
Rotor blades on induced draft fan eroded and pitted from fly ash and moisture.,corrosion
Cooling tower structural members showing advanced oxidation and section loss at base plates.,corrosion
"Gate valve stem pitted and scored, causing packing gland leak that cannot be isolated.",corrosion
Severe corrosion on electrical conduit fitting entering outdoor chiller control panel.,corrosion
Pitted valve seat on 6-inch water main isolation valve preventing 100% shutoff.,corrosion
"Boiler blowdown line thinned by internal corrosion, pipe wall thickness critical.",corrosion
"Rust flaking off structural steel supports above brine tank, dropping debris into product.",corrosion
"Gearbox breather plugged with rust scale, causing internal pressure and seal blowout.",corrosion
Pump casing bolt threads stripped due to rust-jacking between mating surfaces.,corrosion
Heavy scaling on immersion heating elements inside hot water wash tank.,corrosion
Condenser water pump baseplate heavily corroded and grout cracked under motor mount.,corrosion
Chilled water pipe insulation soaked and outer aluminum jacket corroded through.,corrosion
Pitting corrosion on hydraulic reservoir interior walls near oil level sight glass.,corrosion
Exhaust ductwork on diesel backup generator rusted out at roof penetration.,corrosion
Fire sprinkler piping in wet pipe system showing heavy exterior scale and weeping joints.,corrosion
Severe oxidation on cable tray mounting brackets inside corrosive chemical storage area.,corrosion
Rotary airlock valve rotor tips worn and pitted due to moisture in pneumatic line.,corrosion
Corrosion on emergency eyewash station supply piping preventing proper flow rate.,corrosion
"Severe rust accumulation on the exterior casing of centrifugal pump P-102, causing minor flaking and paint delamination.",corrosion
Galvanic corrosion observed at the flange connection between the SS pipe and carbon steel manifold on HX-04.,corrosion
"Heavy scale build-up inside the internal tubing of condenser unit C-12, reducing water flow by roughly 15%.",corrosion
"Corroded mounting bolts on exhaust fan EF-08; two bolts snapped off during vibration check, unit requires immediate re-anchoring.",corrosion
"Heavy rust layer on conveyor belt rollers along line B, causing squeaking and increased drag on the drive motor.",corrosion
Flange face corrosion on block valve HV-204 resulting in a slow weep leak of process water; gaskets and studs need replacement.,corrosion
Surface oxidation and rust scale on the structural support frame of cooling tower CT-01 near the basin overflow.,corrosion
"Pitted valve seat on steam isolation valve SV-15 due to high-temperature corrosion and condensate attack, failing leak test.",corrosion
Severe galvanic reaction between aluminum housing and steel bracket on junction box JB-44 near the chemical washdown area.,corrosion
"Heavy internal scale deposits choking the cooling water jacket of air compressor AC-02, causing high discharge temps.",corrosion
"Corrosion pitting on the shaft sleeve of boiler feed pump BFP-01, leading to premature mechanical seal failure.",corrosion
Rusted out wire mesh guard on drive belt of exhaust blower EB-05; sharp edges present a safety hazard.,corrosion
"Extensive scale build-up inside plate heat exchanger PHE-02, causing high pressure drop across the secondary loop.",corrosion
External corrosion on underground fuel line riser near tank farm manifold; protective wrapping is compromised.,corrosion
"Severe rust pitting on the internal walls of chemical mixing tank TK-10, requiring grit blasting and recoating.",corrosion
"Corroded electrical conduit fittings on outdoor chiller unit CH-03, moisture ingress detected in control panel.",corrosion
Heavy scale and rust accumulation restricting movement of manual damper linkage on AHU-04 fresh air intake.,corrosion
"Pitting corrosion on turbine blades of steam turbine ST-01, identified during annual borescope inspection.",corrosion
Rust-locked adjustment bolt on conveyor belt tensioner assembly on line 3; unable to adjust tracking.,corrosion
Galvanic corrosion between copper tubing and steel support clip on refrigeration line for cold room #2.,corrosion
Heavy scale and mineral deposits clogging the spray nozzles on scrubber tower recirculation pump skid.,corrosion
Corroded grease fittings (zerks) on main pillow block bearings of conveyor CV-10; unable to grease properly.,corrosion
Surface rust on structural cross-members of jib crane JC-02 following roof leak over the winter months.,corrosion
"Pitting on the wetted parts of chemical metering pump MP-05, causing loss of dosing pressure and erratic flow.",corrosion
"Heavy oxidation on battery terminal connections for backup generator UPS-1, resulting in a low voltage alarm.",corrosion
"Corroded valve stem on gate valve GV-88, making it completely immovable during the semi-annual PM test.",corrosion
"Scale build-up on immersion heating elements in wash tank WT-03, causing extended heat-up times and high energy draw.",corrosion
Severe rusting of anchor bolts and baseplate on primary exhaust stack ID fan; high vibration noted.,corrosion
"Pitting corrosion on the internal housing of positive displacement blower PDB-02, causing drop in volumetric efficiency.",corrosion
Heavy rust accumulation on the exterior casing of feed water pump 02.,corrosion
Severe galvanic corrosion observed at the flange connection between the stainless steel pipe and carbon steel valve body.,corrosion
Cooling tower fan blade assembly showing signs of pitting along the leading edges.,corrosion
"Flange studs on main steam header heavily oxidized, require immediate replacement during next outage.",corrosion
Internal scale build-up restricting flow through heat exchanger tube bundle #4.,corrosion
"Severe rust-through on condensate return line elbow, active leak detected.",corrosion
Exhaust fan motor housing covered in surface rust due to chemical exposure.,corrosion
Conveyor roller bearings seized up due to internal rust contamination from moisture ingress.,corrosion
Pitting corrosion evident on the impeller vanes of boiler feedwater pump B.,corrosion
Scale accumulation inside the chiller condenser tubes reducing overall thermal efficiency.,corrosion
Emergency fire suppression valve bonnet heavily corroded and difficult to operate manually.,corrosion
Rust flaking off overhead structural supports above mixing tank 1.,corrosion
Galvanic reaction between aluminum mounting bracket and steel frame causing localized pitting.,corrosion
"Severe scaling inside domestic hot water heater tank bottom, flush required.",corrosion
"Pitting corrosion on compressor intercooler tubes, low pressure alarm triggered.",corrosion
Rotary air lock housing eroded by rust on the discharge chute.,corrosion
"Heavy oxidation on electrical enclosure exterior, gasket seal compromised by rust jacking.",corrosion
Corroded linkage on control damper actuator causing stuck position.,corrosion
Scale build-up in cooling jacket of air compressor #3 leading to high temp trips.,corrosion
Rust perforation on chemical drain pipe near neutralizer pit.,corrosion
Impeller shaft sleeve on transfer pump scored and pitted from rust particles.,corrosion
Heavy scale deposits restricting flow meter ports on main loop.,corrosion
Corrosion on underground fuel line cathodic protection test station wires.,corrosion
"Bolts on manway cover of pressure vessel rusted solid, need torch to remove.",corrosion
Pitting on gearbox breather cap allowing moisture entry and oil contamination.,corrosion
Accumulated rust scale blocking strainer basket on suction side of booster pump.,corrosion
Severe oxidation on structural legs of outdoor storage silo.,corrosion
Corroded valve stem on gate valve 12 preventing full closure.,corrosion
Finned tube coils on HVAC air handler choked with rust scale and debris.,corrosion
"Flange bolts on acid dilution line heavily corroded, torque check failed.",corrosion
Severe galvanic corrosion observed on SS flange bolts connecting to carbon steel header on cooling tower pump #2.,corrosion
Heavy scale build-up inside 4-inch recirculation water pipe restricting flow by approx 40%.,corrosion
"Pitting corrosion on the impeller blades of centrifugal feed pump 3, causing cavitation and loss of head pressure.",corrosion
Exhaust fan #5 motor housing heavily rusted with flaking paint; vibration isolator bolts seized.,corrosion
Advanced oxidation on fire suppression system main line near valve assembly; replace compromised section ASAP.,corrosion
Rotary air compressor intercooler drain valve jammed shut due to internal rust and scale accumulation.,corrosion
Flange leakage on boiler feed water line caused by gasket failure accelerated by heavy external pipe scale.,corrosion
Heavy surface rust on conveyor belt drive roller bearings; squealing noise on start-up.,corrosion
Cooling tower make-up water line strainer completely clogged with iron oxide scale debris.,corrosion
Severe crevice corrosion under mounting pads of boiler exhaust draft fan #1.,corrosion
Scale build-up inside plate heat exchanger channels causing high differential pressure alarm.,corrosion
Pitting corrosion on stainless steel mixing tank bottom drain valve seat; minor chemical drip noted.,corrosion
Structural corrosion on HVAC air handler unit frame base rails near condensation drain pan.,corrosion
Rust accumulation on emergency diesel generator fuel tank fill neck and surrounding deck plating.,corrosion
Seawater intake valve actuator covered in marine growth and heavy galvanic rust; manual override stuck.,corrosion
"Heavy iron scale flaking off inside steam condensate return pipe, plugging steam trap #12.",corrosion
Corroded electrical conduit fitting on outdoor exhaust fan motor; potential moisture ingress.,corrosion
Pitted valve stem on steam isolation valve #4 packing gland causing steam leak.,corrosion
Red rust trails on structural support beams underneath acid wash conveyor line.,corrosion
Severe galvanic corrosion between aluminum mounting bracket and galvanized steel ductwork.,corrosion
Scale build-up on domestic hot water mixing valve restricting flow to wing B showers.,corrosion
"Flaking rust on fire hydrant exterior body; needs wire brushing, primer, and top coat.",corrosion
Pitting corrosion on hydraulic power unit reservoir lid allowing moisture contamination of oil.,corrosion
Severe corrosion on underground fire main gate valve stem extension and operating nut.,corrosion
Cooling water chiller condenser tubes partially fouled with calcium scale and rust deposits.,corrosion
Rust seized the manual damper linkage on makeup air unit 3.,corrosion
Severe oxidation on overhead crane runway rail splice plates and bolt assemblies.,corrosion
Pitting on chemical metering pump stainless steel head assembly; chemical leak detected.,corrosion
Heavy external corrosion on ammonia refrigeration suction line insulation jacket supports.,corrosion
Rust-jacketing on concrete anchor bolts holding main exhaust stack guy wires; immediate structural check needed.,corrosion
Severe rust pitting on the exterior casing of Boiler Feed Pump #2 near the discharge flange.,corrosion
Flange bolt corrosion on high-pressure steam line valve V-104; requires immediate replacement before leakage occurs.,corrosion
Galvanic corrosion observed where aluminum ducting meets the steel exhaust fan housing on AHU-3.,corrosion
"Condensate drain line heavily scaled and completely plugged, causing overflow into the electrical enclosure.",corrosion
Severe rust accumulation on the conveyor belt drive roller bearings; unit is making a loud grinding noise.,corrosion
Internal corrosion on gate valve GV-208 preventing a complete shut-off during routine isolation.,corrosion
Pitting corrosion discovered on the stainless steel mixing tank interior wall near the bottom drain valve.,corrosion
Heavy rust scale flaking off the structural support legs of Chiller Unit #1; structural integrity needs assessment.,corrosion
Corroded electrical conduit fitting on outdoor exhaust fan motor causing intermittent ground faults.,corrosion
"Severe pitting on the impeller vanes of Centrifugal Pump #4, resulting in a 15% drop in discharge pressure.",corrosion
Rust binding the manual override lever on pneumatic control valve PV-112.,corrosion
"Heavy scale build-up inside the domestic hot water recirculation pump housing, severely reducing flow rate.",corrosion
Corrosion on the terminal posts of the backup generator starter battery; cleaning and terminal replacement required.,corrosion
Air compressor receiver tank showing internal scale and rust flakes collecting in the bottom drain trap.,corrosion
Severe galvanic corrosion between copper piping and steel hanger brackets on the main chilled water header.,corrosion
Rust-frozen linkage on damper actuator DA-05 preventing automated fresh air intake adjustment.,corrosion
"Heavy rust on the exterior fins of the roof-mounted condenser unit, reducing overall heat transfer efficiency.",corrosion
Scale accumulation inside the steam trap assembly is preventing proper condensate discharge on Line B.,corrosion
Heavy rust layer on safety relief valve spring; pop-test failed due to binding in the coils.,corrosion
Severe corrosion on the baseplate of Conveyor C-12 drive motor; anchor bolts are rusted through.,corrosion
Internal pipe scale breaking loose and clogging inline strainer downstream of the main water meter.,corrosion
Corroded bracket on limit switch LS-09 causing misread on the automated sorting line position.,corrosion
Heavy rust build-up on the chain drive and sprockets of Packaging Line #2 palletizer.,corrosion
Pitting corrosion observed on the submerged portion of the sump pump casing in Pit B.,corrosion
Severe corrosion on the intake louvers of Emergency Generator #1 radiator housing.,corrosion
Flange bolts on the fuel oil supply line heavily rusted and pitted; torque check required.,corrosion
Scale build-up on cooling tower basin float valve causing continuous overflow and water waste.,corrosion
Severe rust pitting observed on the exterior housing of intake fan motor #2 during routine inspection.,corrosion
Flange bolts on primary chemical feed pump heavily corroded; requires immediate replacement to prevent leaks.,corrosion
Galvanic corrosion evident where stainless steel piping connects to carbon steel header on line B.,corrosion
Exhaust fan ductwork showing extensive scale build-up and flaking rust near the roof discharge elbow.,corrosion
"Condensate return pump baseplate completely rusted through, causing severe motor vibration and misalignment.",corrosion
Corrosion on pneumatic actuator mounting bracket for ESD valve #4 needs cleaning and recoating.,corrosion
Internal pitting discovered on boiler feed water pump impeller during scheduled overhaul.,corrosion
"Severe rust accumulation on conveyor roller bearings in wet washdown zone, causing 3 rollers to seize.",corrosion
Cooling tower structural cross-members showing heavy surface rust and section loss near basin waterline.,corrosion
"Gate valve stem threads heavily scaled and pitted, making manual isolation extremely difficult.",corrosion
Air compressor receiver tank bottom drain port clogged with rust scale and debris.,corrosion
Severe galvanic reaction between copper tubing and aluminum frame on AHU-3 cooling coil.,corrosion
Fire water deluge system riser showing heavy external corrosion and flaking paint near floor penetration.,corrosion
Heavy scaling inside plate and frame heat exchanger plates causing high delta-P across unit.,corrosion
Exhaust damper linkage seized due to rust build-up in pivot bushings.,corrosion
Chemical storage tank vent line completely blocked by corrosive salt crust.,corrosion
Main breaker cabinet door hinges rusted solid; technician had to force enclosure open for electrical PM.,corrosion
"Severe pitting on shipboard ballast pump shaft sleeve, causing excessive mechanical seal leakage.",corrosion
Hydraulic power unit reservoir top plate covered in rust scale; potential contamination risk.,corrosion
Rotary air lock valve housing internal vanes worn down due to abrasive product scale build-up.,corrosion
Emergency eyewash station supply pipe heavily rusted at elbow; risk of structural failure if bumped.,corrosion
Turbine lube oil cooler tubes choked with rust scale from untreated makeup water.,corrosion
Conveyor belt take-up screw threads rusted and seized in adjustment bracket.,corrosion
Centrifugal blower housing showing deep pit corrosion near discharge scroll.,corrosion
Steam trap body eroded and leaking due to acidic condensate corrosion over time.,corrosion
Diesel generator exhaust manifold covered in heavy surface rust and flaking scale.,corrosion
Sump pump float switch arm bound up by heavy mineral scale and rust deposits.,corrosion
Air intake louvers on makeup air unit stuck open because operating arms are rusted in place.,corrosion
Refrigeration compressor suction line insulation saturated and pipe exterior heavily oxidized.,corrosion
Severe galvanic corrosion observed on SS316 flange connecting the main seawater supply line to the heat exchanger.,corrosion
Heavy scale build-up inside the 4-inch recirculation pipe causing restricted water flow and high delta P.,corrosion
Flange bolts on condensate pump suction side rusted solid; unable to torque during PM.,corrosion
Pitting corrosion visible on the impeller blades of cooling tower water pump #2.,corrosion
"Exhaust fan housing severely oxidized around mounting brackets, creating vibration hazard.",corrosion
Rust accumulation on safety relief valve spring mechanism; valve failed annual bench test.,corrosion
"Pneumatic actuator air supply line corroded through, causing continuous pressure leak.",corrosion
Heavy rust scale inside fire sprinkler main header near zone 4 isolation valve.,corrosion
Corrosion pitting found on stage 3 casing of boiler feedwater pump during teardown.,corrosion
Conveyor drive roller bearings seized due to rust intrusion from chemical washdown area.,corrosion
Corrosion on electrical ground strap connecting main transformer to earth grid.,corrosion
"Heavy scale build-up on cooling tower basin drain valve, preventing complete closure.",corrosion
Internal pipe corrosion detected via UT testing on steam condensate return line; wall thickness at 40%.,corrosion
"Severe rust on damper linkages in HVAC air handler unit #5, causing them to stick half-open.",corrosion
Gate valve body weeping through pinhole rust leak on raw water intake line.,corrosion
Surface rust scaling on structural base frame of primary air compressor skid.,corrosion
Galvanic reaction causing rapid thread corrosion on copper-to-steel piping adapter at chiller plant.,corrosion
Corrosion buildup inside pneumatic solenoid valve exhaust port causing sluggish actuator response.,corrosion
Heavy scale in tube bundle of shell-and-tube oil cooler restricting thermal transfer efficiency.,corrosion
Anchor bolts for exhaust scrubber motor heavily corroded and sheared off on one side.,corrosion
Flange gasket failure caused by heavy flange face corrosion on acid transfer line.,corrosion
Rust on limit switch actuator arm preventing proper close signal on automatic isolation valve.,corrosion
Centrifugal blower housing interior pitted from chemical vapor exposure over time.,corrosion
Corrosion-induced thinning on emergency diesel fuel day tank overflow pipe.,corrosion
Sump pump check valve flapper rusted open due to acidic mine water exposure.,corrosion
Heavy scale accumulation on domestic hot water booster heater elements.,corrosion
Surface corrosion on conveyor belt idler rollers causing squealing and belt drag.,corrosion
Pitting corrosion on turbine flow meter body on the caustic soda dosing skid.,corrosion
"Severe scale build-up inside 4-inch cooling water supply valve, actuator unable to achieve full stroke.",corrosion
"Heavy rust pitting on centrifugal pump casing flange, weeping water at 45 PSI operating pressure.",corrosion
"Galvanic corrosion observed where copper drain line meets steel tank fitting, needs dielectric union.",corrosion
"Severe oxidation on exhaust fan motor housing and mounting bolts, vibration readings elevated.",corrosion
Heavy rust accumulation on conveyor idler roller bearings causing belt drag and motor overload.,corrosion
"Discharge temp sensor on #3 main air compressor reading erratic, jumping between 120F and 250F.",sensor_malfunction
"Inlet pressure transmitter PT-102 showing zero output, loop power verified good at 24VDC.",sensor_malfunction
"Conveyor belt speed sensor lost signal, causing intermittent zero-speed faults on line 4.",sensor_malfunction
"Chilled water flow meter reading 0 GPM despite pump running at 60Hz, check impellers.",sensor_malfunction
"Hydraulic press main ram position LVDT out of calibration, off by 3.5mm at bottom dead center.",sensor_malfunction
"Vibration sensor on exhaust fan motor #2 reporting high frequency spikes, check mounting stud.",sensor_malfunction
"Boiler steam pressure gauge transmitter stuck at 150 psi, actual gauge reads 120 psi.",sensor_malfunction
Cooling tower basin level ultrasonic sensor failing intermittently during heavy rain.,sensor_malfunction
"Reactor vessel skin temp TC broken wire at terminal block, displaying max scale.",sensor_malfunction
"Exhaust gas O2 sensor on boiler #1 drifting high, needs calibration gas check.",sensor_malfunction
"Gearbox lube oil temp sensor erratic, loose wiring at plug.",sensor_malfunction
"Hydraulic unit #4 filter dp switch stuck closed, replacing pressure differential sensor.",sensor_malfunction
"Silo #2 weight load cell #3 reading negative under full load, recalibrate strain gauge.",sensor_malfunction
Air handling unit supply fan airflow switch failed to trip on loss of flow.,sensor_malfunction
"Boiler feedwater flow meter erratic output, likely air trapped in impulse lines.",sensor_malfunction
"Line 2 accumulation roller pneumatic proximity sensor misaligned, failing to detect cartons.",sensor_malfunction
Chiller compressor suction pressure transducer calibration drifted -15 psi.,sensor_malfunction
"Main stack continuous emissions monitor temp probe shorted out, reading -40F.",sensor_malfunction
"Pasteurizer holding tube RTD sensor loose in thermowell, slow response time.",sensor_malfunction
"Hydraulic clamping cylinder magnetic reed switch broken, position not registering on HMI.",sensor_malfunction
Induction furnace cooling water inlet flow transmitter giving intermittent 4-20mA drops.,sensor_malfunction
"Compressor stage 2 intercooler pressure sensor reading high, verify with mechanical gauge.",sensor_malfunction
Wasterwater lift station level float switch stuck in high position due to grease buildup.,sensor_malfunction
Fan #5 vibration accelerometer cable damaged by chaffing against ductwork.,sensor_malfunction
"Extruder barrel zone 3 thermocouple reading ambient, heater band not actually failing.",sensor_malfunction
"Palletizer lift table optical sensor blocked by dust, clean lens and realign.",sensor_malfunction
Air compressor oil reservoir level sight glass sensor giving false low alarm.,sensor_malfunction
Boiler drum level differential pressure transmitter zero drift observed during blowdown.,sensor_malfunction
"Conveyor transfer chute jam proximity sensor intermittent, replace PNP sensor.",sensor_malfunction
Hydraulic press safety light curtain receiver sensor out of alignment or failing.,sensor_malfunction
"PT-102 discharge pressure transmitter reading erratic spikes, no corresponding process change observed.",sensor_malfunction
"Chiller #3 outlet temp sensor failed high, locking out compressor on safety circuit.",sensor_malfunction
"Conveyor 4 inductive proximity sensor misaligned, failing to detect pallet position at merge.",sensor_malfunction
"Vibration probe on main exhaust fan #2 showing flatline zero output, suspect loose wiring.",sensor_malfunction
"Magmeter on chemical dosing line intermittent dropouts, erratic flow totalizer readings.",sensor_malfunction
Boiler steam header pressure transducer calibration drifted 15 psi high.,sensor_malfunction
"Hydraulic press main cylinder LVDT feedback lost, axis stalled mid-stroke.",sensor_malfunction
"Cooling tower makeup water level float switch stuck, causing overflow alarm.",sensor_malfunction
"Compressor stage 2 interstage pressure sensor showing negative psi, probable blown element.",sensor_malfunction
"Baghouse inlet diff pressure sensor plugged with dust, reading zero across all loads.",sensor_malfunction
"Reactor vessel RTD thermocouple wire severed inside thermowell, error code on PLC.",sensor_malfunction
"HVAC supply air temp sensor reading ambient instead of duct temp, actuator hunting.",sensor_malfunction
Rotary kiln drive motor bearing accelerometer cable severed by falling debris.,sensor_malfunction
Pneumatic valve #4 feedback potentiometer failing to reach 100% open limit.,sensor_malfunction
"Stoker boiler undergrate air flow transmitter erratic, PID loop cycling wildly.",sensor_malfunction
"Fire pump diesel engine oil temp gauge pegged max, sender shorted to ground.",sensor_malfunction
"Line 2 accumulation roller photo-eye blocked by dust, false part present signal.",sensor_malfunction
Wastewater lift station ultrasonic level sensor losing echo in heavy foam.,sensor_malfunction
"Extruder barrel zone 5 heater thermocouple loose, intermittent open circuit fault.",sensor_malfunction
"Clinker cooler speed sensor optical pickup dirty, rpm readout flickering.",sensor_malfunction
"AHU return air humidity sensor saturated, HVAC unit stuck in dehumidification mode.",sensor_malfunction
"Elevator pit sump pump level float tangled, failing to trigger auto-start.",sensor_malfunction
Generator alternator winding temp RTD phase B open circuit alarm on HMI.,sensor_malfunction
Filter press hydraulic oil level/temp combo probe displaying garbled Modbus data.,sensor_malfunction
"Ammonia refrigeration suction pressure transducer reading 20 psi low, iced up.",sensor_malfunction
"Paster cooling tunnel speed follower encoder failing, tracking loss on line.",sensor_malfunction
"Oxidation ditch DO probe reading erratic due to fouled membrane, needs clean/cal.",sensor_malfunction
"Turbine lube oil header pressure switch chattering, causing nuisance low-oil trips.",sensor_malfunction
Silo 3 top-mounted radar level transmitter returning invalid distance error.,sensor_malfunction
"Paint booth exhaust airflow velocity pitot tube blocked with overspray, alarm active.",sensor_malfunction
"TT-01 temp transmitter reading high on discharge line, actual temp is normal with IR gun.",sensor_malfunction
"Flow meter erratic output on water feed loop, causes dosing pump surge.",sensor_malfunction
"Conveyor belt speed sensor intermittent, triggers false zero-speed faults.",sensor_malfunction
"Chiller compressor oil pressure transducer stuck at 0 psi, needs immediate replacement.",sensor_malfunction
"Main exhaust fan vibe sensor dead, no signal reaching PLC rack 3.",sensor_malfunction
"Reactor vessel temp probe drifting up 15C, batch heating cycle compromised.",sensor_malfunction
"Hydraulic press pressure sensor calibration off by 200 bar, part rejection high.",sensor_malfunction
"Boiler steam flow DP cell plugged with condensate, reading zero.",sensor_malfunction
Cooling tower level sensor showing full when basin is actually empty.,sensor_malfunction
Air compressor discharge temp element broken wire at terminal block.,sensor_malfunction
"Packing line 2 proximity sensor loose on bracket, missing bottle counts.",sensor_malfunction
Boiler feedwater flow meter losing 4-20mA signal intermittently.,sensor_malfunction
"Furnace zone 3 thermocouple open circuit, high temp alarm active.",sensor_malfunction
Hydraulic power unit oil temp gauge pegged at max scale.,sensor_malfunction
RO skid inlet pressure transducer body cracked and leaking.,sensor_malfunction
"Air intake filter diff pressure gauge stuck, maintenance overdue alert.",sensor_malfunction
"Glue pot temp controller fluctuating wildly, heater relay chattering.",sensor_malfunction
"Silo 4 radar level sensor covered in dust, reading erratic heights.",sensor_malfunction
"Conveyor photoeye blocked by debris, line stopped.",sensor_malfunction
Exhaust stack O2 sensor failure causing burner trim loop fault.,sensor_malfunction
"Vibration spike on motor 4 outboard bearing, check accelerometer mount.",sensor_malfunction
"Chilled water supply temp sensor wet well flooded, shorted out.",sensor_malfunction
Stamping press top dead center resolver lost zero reference.,sensor_malfunction
"Air dryer dew point sensor reading -80C constantly, desiccant wet.",sensor_malfunction
"Ammonia compressor suction pressure transmitter erratic, capacity control hunting.",sensor_malfunction
"Tank 12 magnetic level float stuck halfway, high-level interlock bypassed.",sensor_malfunction
Boiler drum level DP transmitter high side line frozen.,sensor_malfunction
Main air header pressure sensor calibration drifted down 15 psi.,sensor_malfunction
"Rotary kiln shell scanner infrared sensor lens dirty, false hot spot alarms.",sensor_malfunction
"Line 6 reject gate limit switch arm bent, position feedback lost.",sensor_malfunction
"Inlet temp sensor T-102 showing erratic readings, fluctuating wildly between 50C and 90C.",sensor_malfunction
Flow meter FI-304 on cooling loop showing zero flow despite pump running at 100%.,sensor_malfunction
Vibration probe on main exhaust fan motor reporting intermittent signal dropouts.,sensor_malfunction
"Discharge pressure transmitter PT-401 stuck reading 150 psi, actual line pressure verified at 85 psi.",sensor_malfunction
"Conveyor belt speed sensor faulted, causing frequent VSD drive faults.",sensor_malfunction
"Chiller compressor oil temp reading -40F, open circuit suspected on RTD.",sensor_malfunction
Hydraulic press position encoder losing zero reference during homing cycle.,sensor_malfunction
Boiler steam pressure transducer calibration drifted out of spec by +15 psi.,sensor_malfunction
Air compressor discharge temp switch chattering and tripping unit prematurely.,sensor_malfunction
Tank level radar unit LR-205 showing erratic surface levels in surge tank.,sensor_malfunction
Magnetic pickup speed sensor on extruder gearbox failing intermittently at high RPM.,sensor_malfunction
"Exhaust gas temp thermocouple TC-11 broken tip, displaying max scale.",sensor_malfunction
"Cooling tower basin level ultrasonic sensor wet face covered in algae, giving false high level.",sensor_malfunction
Boiler feed water flow transmitter output frozen at 4mA.,sensor_malfunction
"Booster pump suction pressure gauge transducer dead, PLC showing comm loss.",sensor_malfunction
"Main line vibration sensor on crusher showing flatline trace, check BNC cable.",sensor_malfunction
"Pneumatic actuator valve feedback pot out of calibration, does not report 100% open.",sensor_malfunction
Refrigeration unit low side pressure transducer leaking and giving false low reading.,sensor_malfunction
"Furnace zone 3 pyrometer lens dirty, reading 100C low compared to handheld thermal gun.",sensor_malfunction
"Hydraulic oil reservoir level switch stuck closed, causes continuous alarm.",sensor_malfunction
"Centrifuge vibration accelerometer bolt sheared off, sensor hanging by wire.",sensor_malfunction
"AHU supply air temp sensor calibration off by 8 degrees, spaces overheating.",sensor_malfunction
"Raw material feed auger proximity sensor misaligned, missing tooth counts.",sensor_malfunction
Line 4 motor winding RTD phase C open circuit fault on VFD display.,sensor_malfunction
"Water treatment plant pH probe reading erratic, needs calibration and cleaning.",sensor_malfunction
"Air intake DP sensor rubber tubing disconnected, reading zero differential.",sensor_malfunction
"Stoker boiler drum level DP cell frozen, bypass valves stuck.",sensor_malfunction
Rotary kiln shell scanner pyrometer missing rotation pulse signal.,sensor_malfunction
Wastewater effluent magmeter displaying empty pipe alarm while full.,sensor_malfunction
"Emergency generator fuel tank level sender stuck at empty, gauge needs replacement.",sensor_malfunction
"Inlet temp sensor T-104 reading erratic spikes, causing unnecessary chiller trips.",sensor_malfunction
Discharge pressure transmitter PT-202 showing 0 psi with intact wiring.,sensor_malfunction
"Conveyor belt 3 speed sensor losing signal at high RPM, intermittent tracking faults.",sensor_malfunction
"Boiler flame detector failing to register UV signal on startup, needs cleaning or replacement.",sensor_malfunction
"Compressor 2 vibration sensor cable damaged by chaffing against frame, bad readings.",sensor_malfunction
Cooling tower return flow meter FT-11 floating wildly between 50 and 500 GPM.,sensor_malfunction
"Hydraulic press main cylinder LVDT feedback sensor out of calibration, causing positioning errors.",sensor_malfunction
"Exhaust fan 4 bearing temp RTD shorted out, showing -50F on PLC screen.",sensor_malfunction
"Reactor feed pump suction pressure gauge transducer dead, no 4-20mA loop current.",sensor_malfunction
HVAC unit 1 supply air temp sensor stuck at 72F regardless of setpoint.,sensor_malfunction
Line 2 accumulation roller photo-eye sensor dirty and failing to detect boxes.,sensor_malfunction
Air compressor stage 2 intercooler pressure sensor drifting high by 15 psi.,sensor_malfunction
"Chilled water loop flow switch stuck closed, safety interlock bypassed.",sensor_malfunction
Stacker crane Z-axis laser distance sensor throwing error code E-04 intermittently.,sensor_malfunction
"Booster pump vibration probe loose on mounting stud, giving false high readings.",sensor_malfunction
"Furnace 3 thermocouple TC-09 broken ceramic sheath, erratic millivolt output.",sensor_malfunction
"RO water skid conductivity sensor recalibration needed, reading off-scale high.",sensor_malfunction
Extruder barrel zone 3 heater temp sensor loose in thermowell.,sensor_malfunction
"Baghouse differential pressure gauge reading zero across filters, lines plugged.",sensor_malfunction
Emergency generator fuel level ultrasonic sensor stuck at empty despite full tank.,sensor_malfunction
Air handling unit damper actuator feedback pot failing to reach 100 open.,sensor_malfunction
"Centrifuge vibration accelerometer dead channel, card swap required.",sensor_malfunction
"CIP return line turbidity sensor coated in scale, false clean readings.",sensor_malfunction
Stamping press tonnage monitor load cell zero drift exceeding tolerance.,sensor_malfunction
"Deaerator tank pressure transmitter frozen at 12 psi, diaphragm ruptured.",sensor_malfunction
Pneumatic valve positioner smart chip failing to communicate HART protocol.,sensor_malfunction
"Main air header dew point sensor soaked with oil carryover, erratic RH data.",sensor_malfunction
"Coolant loop magnetic flowmeter error light flashing, empty pipe alarm active.",sensor_malfunction
"Mill motor winding RTD phase B open circuit, alarm on HMI.",sensor_malfunction
Tank farm level radar transponder losing lock on product surface during agitation.,sensor_malfunction
"TE-101 discharge temp transmitter erratic, fluctuating wildly between 120F and 250F, needs calibration or replacement.",sensor_malfunction
"Cooling water flow switch on Main Air Compressor 3 stuck closed, tripping interlocks on startup.",sensor_malfunction
"Vibration sensor on motor DE bearing reading zero on PLC, inspect signal cable and junction box.",sensor_malfunction
Suction pressure gauge on Feed Pump B showing 15 psi high compared to analog backup.,sensor_malfunction
"Conveyor belt 4 alignment limit switch smashed by fallen debris, replace prox sensor and bracket.",sensor_malfunction
"Boiler feedwater pressure transmitter failed low, causing low-pressure alarm on HMI.",sensor_malfunction
"Chiller 2 return water temp sensor reading open circuit, check wiring terminal strip.",sensor_malfunction
"Hydraulic press main cylinder LVDT feedback erratic, causing positioning errors during press cycle.",sensor_malfunction
"Exhaust fan 7 vibration spike logged by accelerometer, likely loose mounting stud or bearing wear.",sensor_malfunction
"Boiler stack O2 sensor reading constant 0%, calibration gas test failed.",sensor_malfunction
"Compressor stage 2 interstage pressure transmitter dead, no 4-20mA signal at rack.",sensor_malfunction
"Line 2 accumulation roller prox sensor intermittently losing target, packaging jams occurring.",sensor_malfunction
Reactor 1 skin thermocouple snapped off thermowell during high-temp batch.,sensor_malfunction
"RO Unit 1 permeate flow meter giving erratic pulse count, clean paddlewheel assembly.",sensor_malfunction
"Primary hydraulic pump case drain temp sensor shorted, causing spurious high-temp shutdown.",sensor_malfunction
Baghouse DP gauge stuck at 4.5 inches WC despite cleaning cycle.,sensor_malfunction
"Elevator top limit switch failed open, car not stopping correctly at floor 4.",sensor_malfunction
"Air intake DP transmitter tubing plugged with condensation, clear lines and re-zero.",sensor_malfunction
"Silo 3 radar level sensor reading 100% full when bin is empty, check antenna buildup.",sensor_malfunction
Hydraulic power unit oil temp switch leaking and failing to trip at 140F setpoint.,sensor_malfunction
"AHU 3 supply air temp sensor drifting 8 degrees high, recalibrate against handheld meter.",sensor_malfunction
"Boiler drum level DP cell equalizing valve left cracked open, reading false high level.",sensor_malfunction
"Stamping press tonnage monitor load cell out of calibration, yielding inconsistent part thickness alarms.",sensor_malfunction
"Main boiler flame scanner failing to detect burner ignition, clean lens and check sight tube.",sensor_malfunction
"Pneumatic valve 104 positioner feedback pot worn out, hunting continuously between 0 and 100%.",sensor_malfunction
Centrifuge bearing vibration probe wire severed by vibrating guard.,sensor_malfunction
Wastewater lift station bubbler tube system showing erratic level due to air line leak.,sensor_malfunction
"Air compressor lube oil pressure transducer erratic output, verify with mechanical gauge.",sensor_malfunction
"TE-01 temp sensor on main extruder showing erratic jumps up to 450F, process tripping out.",sensor_malfunction
"Discharge pressure transmitter on boiler feed pump #2 dead, 4-20mA loop open.",sensor_malfunction
"Conveyor belt speed sensor intermittent, controller dropping fault code E-14.",sensor_malfunction
"Cooling tower fan vibe sensor wiring frayed, needs replacement before vibration analysis today.",sensor_malfunction
Chilled water flow meter stuck at 0 GPM despite pumps running at 60Hz.,sensor_malfunction
"Hydraulic press top dead center proximity switch out of alignment, causing cycle delays.",sensor_malfunction
Compressor stage 2 intercooler pressure gauge reading 15 psi high compared to local gauge.,sensor_malfunction
"Boiler exhaust gas O2 sensor failing calibration check, stuck lean.",sensor_malfunction
"Reactor vessel RTD #3 reading open circuit, panel showing -50F fault.",sensor_malfunction
In-line mass flow meter on chemical feed line lost 24V power supply.,sensor_malfunction
Pneumatic valve positioner feedback signal drifting by 10% on CV-104.,sensor_malfunction
Main air compressor discharge temp probe shearing off in thermowell due to water hammer.,sensor_malfunction
Conveyor #5 jam detector photocell dirty and misaligned.,sensor_malfunction
Hydraulic reservoir level sensor floating and giving false low oil alarms.,sensor_malfunction
"Vibration spike on exhaust fan motor bearing #1, accelerometer likely loose.",sensor_malfunction
"Rotary kiln pyrometer lens coated in dust, giving low temperature readings.",sensor_malfunction
Line 3 wrapper photo-eye sensor intermittent in bright ambient light.,sensor_malfunction
Air handling unit supply temp sensor reading ambient instead of duct temp.,sensor_malfunction
"Boiler feedwater flow transmitter output erratic, dampening parameter needs check.",sensor_malfunction
Centrifugal pump suction pressure switch chattering on startup.,sensor_malfunction
"Stoker grate speed encoder dropping pulses, causing speed mismatch alarm.",sensor_malfunction
"Gearbox oil temp sensor shorted to ground, PLC fault code active.",sensor_malfunction
HVAC chilled water return temp sensor calibration is off by 8 degrees.,sensor_malfunction
Packer machine home position magnetic reed switch broken in half.,sensor_malfunction
Air compressor oil pressure transducer reading zero despite 50 psi on mechanical gauge.,sensor_malfunction
"Exhaust stack opacity monitor zero drift out of spec, optical lens needs cleaning.",sensor_malfunction
Motor winding RTD on 500HP blower showing phase imbalance error.,sensor_malfunction
Tank level radar sensor losing signal return through heavy foam.,sensor_malfunction
Fire suppression system flow switch stuck in tripped position after test.,sensor_malfunction
Chiller refrigerant suction pressure transducer leaking at process connection.,sensor_malfunction
"TE-102 discharge temp sensor reading high by 45F, calibration check needed.",sensor_malfunction
"PT-401 pressure transmitter erratic, output jumping between 0 and 150 psi.",sensor_malfunction
"Conveyor belt 3 speed encoder giving zero pulses, line halted.",sensor_malfunction
Vibration sensor on motor M-205 reporting intermittent open circuit.,sensor_malfunction
"TT-303 thermocouple snapped off in reactor thermowell, replacement required.",sensor_malfunction
"Exhaust fan 2 speed feedback sensor loose on shaft, causing drive fault.",sensor_malfunction
Level sensor LT-104 showing tank empty when physically at 80 percent.,sensor_malfunction
"Compressor 1 discharge pressure transducer drifting high, recalibration failed.",sensor_malfunction
"Hydraulic press main ram position LVDT signal lost, machine won't cycle.",sensor_malfunction
"Boiler steam flow meter reading negative values, check impulse lines.",sensor_malfunction
Cooling tower fan vibration probe wiring chewed by rodents.,sensor_malfunction
"Line 4 photoeye sensor misaligned due to vibration, product jamming.",sensor_malfunction
"FT-502 magnetic flow meter display blank, no 24V power to head.",sensor_malfunction
"Furnace zone 3 thermocouple reading erratic, loose terminal screw.",sensor_malfunction
"Rotary airlock speed sensor failing intermittently, triggers fault code F-12.",sensor_malfunction
"Hydraulic unit B oil temp sensor shorted to ground, trips alarm.",sensor_malfunction
Extruder barrel pressure sensor output frozen at max scale.,sensor_malfunction
"Conveyor 5 proximity sensor damaged by pallet impact, needs swap.",sensor_malfunction
Air compressor stage 2 intercooler pressure transmitter leaking oil into housing.,sensor_malfunction
Boiler feedwater flow transmitter erratic during high demand.,sensor_malfunction
P-101 suction pressure gauge and transmitter mismatch by 15 psi.,sensor_malfunction
"HVAC supply air duct temp sensor giving erratic readings, causes damper hunting.",sensor_malfunction
Vibration accelerometer on turbine bearing 1 showing dead channel.,sensor_malfunction
"Robotic arm joint 3 encoder failing, positional drift observed.",sensor_malfunction
"ST-201 steam trap temperature sensor disconnected, wire pulled out.",sensor_malfunction
Mixer 2 agitator current sensor giving false overload warnings.,sensor_malfunction
Dust collector DP sensor tubing plugged with particulate matter.,sensor_malfunction
"Emergency fire damper limit switch stuck open, status light dark on HMI.",sensor_malfunction
"Chilled water supply temp sensor erratic, building cooling unstable.",sensor_malfunction
"TE-101 discharge temp transmitter erratic, fluctuating by +/- 50F under steady state, needs calibration check.",sensor_malfunction
"RO-204 pressure sensor reading zero on main hydraulic line, confirmed gauge on skid shows 2500 psi.",sensor_malfunction
"FT-302 chilled water flow meter lost 4-20mA output signal, PLC showing comms fault.",sensor_malfunction
"LS-12 limit switch on conveyor 4 takeoff jammed open, pallet staging backup occurring.",sensor_malfunction
"Vib-sensor on primary exhaust fan #2 throwing high alarm, checked manually with handheld meter and vibration is actually normal.",sensor_malfunction
"TE-405 lube oil temp RTD reading open circuit, compressor tripped on high temp interlock.",sensor_malfunction
"PT-11 vacuum pressure transducer drifting negative, causing automated vacuum packer to fail cycle start.",sensor_malfunction
ZS-09 valve position indicator on main steam block reads closed when valve is manually verified 100% open.,sensor_malfunction
FT-501 acid wash flow transmitter scaling off by 30pct compared to batch tank level drop.,sensor_malfunction
"TE-202 stator winding temp sensor on 500HP motor shorted to ground, locking out drive start.",sensor_malfunction
"PIT-608 reactor vessel pressure sensor diaphragm ruptured, process gas leaking into conduit.",sensor_malfunction
LT-33 raw water tank ultrasonic level sensor giving intermittent echoes due to foam buildup.,sensor_malfunction
"VT-04 accelerometer on shredder gearbox loose on mounting stud, generating false spike data.",sensor_malfunction
TE-10 cooling tower makeup water temp probe sheared off in pipe elbow due to water hammer.,sensor_malfunction
FT-78 air header flow meter plugged with desiccant beads from upstream dryer failure.,sensor_malfunction
"PS-91 Lube skid pressure switch welded closed, pump running continuously without fault trip.",sensor_malfunction
"ZSH-14 hopper dump gate proximity sensor out of alignment, preventing index cycle.",sensor_malfunction
"TE-55 extrusion barrel zone 3 thermocouple snapped inside thermowell, heater band running red hot.",sensor_malfunction
"PT-42 air compressor stage 2 intercooler pressure transmitter dead, no loop power.",sensor_malfunction
"FT-12 fuel gas mass flow meter display blank, fuses intact, suspect main board failure.",sensor_malfunction
"TE-88 pasteurizer outlet temp sensor sluggish to respond, causing off-spec product diversion.",sensor_malfunction
"PS-03 baghouse differential pressure transmitter tubing plugged with fly ash, reading static.",sensor_malfunction
"VS-07 cooling fan vibration switch chattering in high wind, causing nuisance line trips.",sensor_malfunction
"TE-22 freezer room return air sensor waterlogged and reading -50F, defrost heaters stuck on.",sensor_malfunction
"FT-90 RO permeate flow transmitter reading negative values, signal wires crossed during PM.",sensor_malfunction
LS-01 pallet elevator top slow-down prox switch smashed by carriage overshoot.,sensor_malfunction
"PT-65 hydraulic press clamp pressure transducer calibration drifted out of spec, causing flash on parts.",sensor_malfunction
"TE-71 boiler flue gas oxygen sensor heater failure, reading erroneous high O2.",sensor_malfunction
"FT-205 waste water discharge magmeter electrode fouled with grease, empty pipe alarm active.",sensor_malfunction
"TS-11 motor bearing thermal switch failed closed, preventing motor restart after scheduled shutdown.",sensor_malfunction
"PT-102 discharge pressure transmitter reading erratic spikes, 0-150 psi range unreliable.",sensor_malfunction
"Chiller #3 return water temp sensor stuck at 85F, causing unit to short cycle.",sensor_malfunction
"Conveyor line B proximity sensor lost signal, stopping pallet indexing at station 4.",sensor_malfunction
Vibration sensor on main exhaust fan #2 throwing high-g false alarms; accelerometer cable frayed.,sensor_malfunction
Boiler feedwater flow meter outputting zero gpm despite valve being fully open.,sensor_malfunction
"Air compressor #1 discharge temp gauge reading 40 degrees low, suspect loose RTD wiring.",sensor_malfunction
"Line 4 hydraulic press LVDT position sensor calibration drifted by 5mm, causing part misalignments.",sensor_malfunction
"Mag meter on chemical dosing skid flashing fault code E-04, no flow reading to PLC.",sensor_malfunction
Cooling tower basin level ultrasonic sensor giving erratic high/low readings during heavy rain.,sensor_malfunction
"Main extruder barrel zone 3 thermocouple broken wire, controller showing max temp fault.",sensor_malfunction
"Hydraulic power unit oil temp sensor intermittent, tripping pump shutdown logic randomly.",sensor_malfunction
"Stacker crane Z-axis laser distance sensor blocked by dust buildup, losing home position.",sensor_malfunction
Exhaust stack O2 sensor failure causing burner lockout on boiler #2.,sensor_malfunction
"Rotary airlock motor encoder dropping pulses, causing speed mismatch alarm on VFD.",sensor_malfunction
"Line 1 packaging machine photo-eye misaligned, constantly triggering false jams.",sensor_malfunction
Stamping press tonnage monitor load cell channels 1 and 2 out of balance.,sensor_malfunction
RO water system inlet pressure transducer stuck at 45 psi regardless of booster pump state.,sensor_malfunction
"AHU-4 supply air static pressure sensor tubing pinched in damper linkage, reading 0.0 iwc.",sensor_malfunction
"Centrifugal pump #5 bearing temp RTD shorted to ground, reading -50F on SCADA.",sensor_malfunction
"Palletizer wrapper tension arm potentiometer worn out, film breaking frequently.",sensor_malfunction
Pasteurizer zone 2 temperature recorder drifting 10F from actual bath thermometer.,sensor_malfunction
"Silo #3 weight hopper load cell corner #4 dead, causing erratic inventory readouts.",sensor_malfunction
Paint line oven exhaust draft gauge pneumatic line plugged with soot.,sensor_malfunction
Air dryer dew point monitor continuously indicating wet air despite desiccant bed swap.,sensor_malfunction
Main compressor room ambient temp sensor missing from network loop.,sensor_malfunction
"Turbine lube oil header pressure transmitter diaphragm ruptured, oil leaking into conduit.",sensor_malfunction
Screw conveyor #2 speed switch failing to close contact during startup sequence.,sensor_malfunction
Emergency generator fuel tank level float switch stuck in high position.,sensor_malfunction
Clarithrifier sludge blanket level optical sensor lens fouled with biological growth.,sensor_malfunction
Chilled water loop differential pressure transmitter zero point drifted out of spec.,sensor_malfunction
"TE-01 suction temp sensor erratic, fluctuating +/- 15 deg F, needs calibration check",sensor_malfunction
"Discharge pressure transmitter reading 0 psi on Line 3 booster pump, suspect blown fuse or dead 4-20mA loop",sensor_malfunction
"Conveyor belt 2 speed sensor giving intermittent zero RPM faults, check alignment and sensor gap",sensor_malfunction
"Chiller water flow meter showing zero GPM despite pump running at 60Hz, verify inline strainer is clear",sensor_malfunction
"Main air compressor oil temp gauge pegged high, thermal imaging shows actual temp is normal, replace RTD probe",sensor_malfunction
"Vibration sensor on exhaust fan motor reporting high g-levels, likely loose mounting bracket or faulty accelerometer",sensor_malfunction
"Booster pump suction pressure gauge reading negative during prime cycle, calibration drift suspected",sensor_malfunction
"Hydraulic press ram position encoder losing count mid-stroke, clean optical disc and check wiring harness",sensor_malfunction
"Cooling tower basin level sensor stuck at 100 percent, float switch is waterlogged and needs replacement",sensor_malfunction
"Boiler steam header pressure transducer erratic output causing PID loop hunting, check shielded cable ground",sensor_malfunction
"Reactor feed pump flow transmitter signal lost entirely, check junction box for moisture ingress",sensor_malfunction
"Air handling unit supply temp sensor reading ambient instead of duct temp, broken wire at terminal block",sensor_malfunction
"Extruder barrel zone 4 thermocouple open circuit fault on HMI, replace TC element",sensor_malfunction
"Grit collector drive torque sensor tripping at low loads, recalibrate overload setpoint",sensor_malfunction
"Hydraulic unit oil reservoir temp switch stuck closed, preventing system startup interlock",sensor_malfunction
"Baghouse differential pressure transmitter drifting high, blow lines clear and re-zero",sensor_malfunction
"CIP return line conductivity sensor reading baseline water during caustic wash cycle, clean sensing face",sensor_malfunction
"Deaerator pressure sensor erratic, causing erratic vent valve actuation",sensor_malfunction
"Conveyor photo-eye sensor failing to register boxes due to dirty lens, clean and realign optics",sensor_malfunction
"Exhaust stack O2 sensor reporting out of range low, perform span gas calibration",sensor_malfunction
"Mill main bearing vibration transducer cable severed by rotating guard, splice and protect conduit",sensor_malfunction
"Chilled water supply temp sensor reading 30 degrees low, verify resistance against ice bath",sensor_malfunction
"Fire suppression system pressure switch chattering, replace pressure switch assembly",sensor_malfunction
"Air compressor dew point sensor showing saturated reading, purge sample lines and dry filter",sensor_malfunction
"Mixer vessel load cell sum showing zero weight, check junction box summing board",sensor_malfunction
"Boiler feedwater flow meter erratic output at low flow rates, clean vortex shedding bar",sensor_malfunction
"Rotary kiln shell temp pyrometer lens coated in dust, clean optics and verify sighting alignment",sensor_malfunction
"Emergency generator fuel tank level sensor stuck at empty, float is hung up on internal baffle",sensor_malfunction
"Hydraulic press top dead center proximity switch not making contact, adjust target gap",sensor_malfunction
"RO unit permeate conductivity meter failing self-test diagnostic, replace transmitter module",sensor_malfunction
"PT-102 discharge temp sensor reading high erratic, flashing fault on HMI.",sensor_malfunction
"Chilled water loop flow meter erratic output, causes PID loop hunting.",sensor_malfunction
"Feed pump 3 suction pressure transmitter shows 0 psi, wiring checked OK.",sensor_malfunction
"Exhaust fan 2 vibration sensor intermittent high spikes, suspect loose BNC cable.",sensor_malfunction
Hydraulic press main ram position encoder losing count at top of stroke.,sensor_malfunction
"Compressor 1 oil temp gauge pegged at max scale, thermal element likely failed.",sensor_malfunction
Boiler feedwater flow transmitter stuck at 50 GPM regardless of valve position.,sensor_malfunction
"Conveyor 4 proximity switch failing to detect pallets, alignment looks good.",sensor_malfunction
Reactor vessel pressure transducer drifted -15 psi off calibration.,sensor_malfunction
Cooling tower fan 1 vibration transmitter reporting zero signal to PLC.,sensor_malfunction
"Line 2 accumulator pressure sensor leaking fill fluid, erratic 4-20mA output.",sensor_malfunction
Air compressor 3 intercooler temp probe intermittent open circuit alarm.,sensor_malfunction
"Main hydraulic unit oil level sensor stuck low, float appears jammed.",sensor_malfunction
"Boiler 2 steam header pressure transmitter erratic, needs calibration check.",sensor_malfunction
Dust collector magnehelic gauge dp sensor stuck at 2.5 inWC.,sensor_malfunction
RO skid feed water conductivity probe giving erratic high readings.,sensor_malfunction
"Motor 5 winding RTD phase B open, tripping drive pre-lube interlock.",sensor_malfunction
"HVAC ahu-3 supply air temp sensor reading 120F, stuck high.",sensor_malfunction
"Chiller compressor 2 suction pressure transducer erratic, unit short cycling.",sensor_malfunction
Palletizer lift table laser distance sensor losing lock in bright light.,sensor_malfunction
"Emergency generator fuel tank level sensor stuck at empty, tank is full.",sensor_malfunction
"Silo 3 load cell summing box water ingress, weight readings fluctuating wildly.",sensor_malfunction
"AHU-1 filter diff pressure transducer showing negative values, needs zeroing.",sensor_malfunction
Agitator 2 motor vibration sensor cable severed by rotating shaft guard.,sensor_malfunction
"Wastewater lift station level float switch stuck in high position, pump running dry.",sensor_malfunction
"Boiler 1 stack gas O2 analyzer sensor cell expired, calibration failed.",sensor_malfunction
Line 1 reject gate pneumatic cylinder magnetic reed switch broken.,sensor_malfunction
"Air dryer 2 dew point sensor reading -100F constantly, needs replacement.",sensor_malfunction
"Turbine 4 bearing temp thermocouple erratic, high resistance fault in junction box.",sensor_malfunction
"TC-101 discharge temp transmitter erratic, fluctuating wildly between 120F and 350F under steady load.",sensor_malfunction
"Inlet pressure transducer on feed pump 3 is throwing a 4-20mA loop fault, showing 0 psi.",sensor_malfunction
"Conveyor 4 photo-eye sensor blocked or failing intermittently, causing line to fault out.",sensor_malfunction
Vibration sensor on main exhaust fan motor losing signal; check wiring harness and junction box.,sensor_malfunction
"Chiller #2 leaving water temp sensor reading 15 deg high, needs calibration check against handheld.",sensor_malfunction
Boiler steam drum level transmitter drifting; level indication does not match sight glass.,sensor_malfunction
"Hydraulic press main cylinder LVDT position sensor failing, stopping press mid-stroke.",sensor_malfunction
"Cooling tower fan 1 vibration spike detected by accelerometer, inspect mounting stud and cable.",sensor_malfunction
RO system feed flow meter outputting flatline zero despite pump running at 60 Hz.,sensor_malfunction
"Air compressor stage 2 intercooler pressure switch stuck closed, preventing auto-start.",sensor_malfunction
"Main line magnetic flow meter display blank, power verified at 24VDC terminal block.",sensor_malfunction
"Booster pump 2 suction pressure gauge erratic, probable air trapped in sense line.",sensor_malfunction
Furnace zone 4 thermocouple broken wire indicated by upscale maximum reading.,sensor_malfunction
"Stacker crane Z-axis laser distance sensor getting blinded by dust, clean optics.",sensor_malfunction
"Hydraulic unit oil reservoir temp probe shorted to ground, reading 999F.",sensor_malfunction
"Exhaust stack O2 sensor failing calibration, giving false high oxygen alarms.",sensor_malfunction
"Line 2 reject gate inductive proximity switch out of adjustment, missing parts.",sensor_malfunction
"Compressor lube oil pressure transmitter dead, spare part ordered.",sensor_malfunction
"Ventilation damper actuator feedback potentiometer broken, position unverified in PLC.",sensor_malfunction
Centrifuge vibration pickup cable damaged by rubbing against safety guard.,sensor_malfunction
"CIP return line conductivity sensor fouled with product buildup, reading low.",sensor_malfunction
Reactor vessel jacket pressure transmitter calibration drifted out of spec by 15 psi.,sensor_malfunction
"Rotary airlock speed sensor missing pulses, rotation fault tripping VFD.",sensor_malfunction
Boiler feedwater flow transmitter differential pressure cells plugged with scale.,sensor_malfunction
"Dust collector magnehelic pressure gauge stuck at 4 inches WC, diaphragm ruptured.",sensor_malfunction
Agitator motor winding temp RTD open circuit on phase B.,sensor_malfunction
"Extruder barrel zone 2 heater thermocouple loose in thermowell, erratic heat control.",sensor_malfunction
Chilled water loop flow meter losing signal during peak load conditions.,sensor_malfunction
"Pneumatic valve positioner 4-20mA input failing, valve stuck at 50 open.",sensor_malfunction
Compressor discharge pressure sensor reading 20 psi low compared to local analog gauge.,sensor_malfunction
"PIT water tank level sensor erratic, reading 0% when full, need calibration or replacement.",sensor_malfunction
"Discharge pressure transmitter on Main Boiler Feed Pump 2 is locked at 450 psi, no response to throttling.",sensor_malfunction
"Conveyor 4 inductive proximity sensor damaged by falling debris, belt failing to index.",sensor_malfunction
Vibration sensor on Exhaust Fan A showing intermittent open circuit fault on the PLC card.,sensor_malfunction
"Chiller 3 return chilled water temp probe reading 120F, actual loop temp is 45F.",sensor_malfunction
Reactor vessel pressure transducer reading erratic spikes up to 300 psi during steady-state operation.,sensor_malfunction
"Rotary air lock motor thermal overload tripped due to jammed vane, speed sensor also showing no RPM.",sensor_malfunction
Cooling tower fan vibration accelerometer cable severed by loose conduit bracket.,sensor_malfunction
"Main hydraulic press hydraulic oil temp sensor dead, causing PLC to inhibit cycle start.",sensor_malfunction
"Air compressor 2 discharge temp RTD shorted to ground, throwing error code E-14.",sensor_malfunction
"Booster pump suction pressure gauge reading negative while line is pressurized, gauge internal failure.",sensor_malfunction
Silo 3 rotary paddle level switch stuck in material-present state despite empty bin.,sensor_malfunction
Pasteurizer outlet flow meter output signal fluctuating wildly between 0 and 50 GPM.,sensor_malfunction
"Hydraulic power unit oil level float switch stuck, constant low-level alarm on HMI.",sensor_malfunction
Stoker boiler feed chute temperature thermocouple broken off at the weld point.,sensor_malfunction
"Line 2 photoeye sensor misaligned and dirty, causing intermittent product jams on the accumulation table.",sensor_malfunction
Refrigeration unit compressor suction pressure transducer drifting out of calibration by 15 psi.,sensor_malfunction
"Extruder barrel zone 4 heater thermocouple reading ambient, plastic burning in the zone.",sensor_malfunction
Exhaust stack continuous emissions monitor O2 sensor reporting fault code 0x44.,sensor_malfunction
"Clarifier sludge blanket level ultrasonic sensor covered in biological growth, returning false echoes.",sensor_malfunction
"Centrifuge 1 vibration pickup loose on bearing housing, generating false high-vib alarms.",sensor_malfunction
Water treatment plant influent mag meter losing 4-20mA signal intermittently during heavy rain.,sensor_malfunction
"Paint booth air intake differential pressure sensor failed, ventilation interlock engaged.",sensor_malfunction
"Air dryer 1 dew point sensor saturated with moisture, reading -100F constantly.",sensor_malfunction
"Lube oil reservoir temp switch failed closed, running backup cooling pump continuously.",sensor_malfunction
"Boiler 2 steam header pressure transmitter diaphragm ruptured, venting small amount of steam.",sensor_malfunction
Palletizer lift table absolute encoder losing position memory after power cycle.,sensor_malfunction
"Compressor room ambient temp thermistor missing head, wires exposed.",sensor_malfunction
Fire suppression system nitrogen cylinder pressure transducer showing low battery/fault.,sensor_malfunction
"TT-101 discharge temp transmitter giving erratic readings, jumping by +/- 50 deg F at random intervals.",sensor_malfunction
Conveyor 3 speed sensor showing 0 RPM on HMI despite belt running normally at full speed.,sensor_malfunction
"CHW loop pressure transducer PT-204 stuck reading 0 psi, control loop going wide open.",sensor_malfunction
"Vibration sensor on Motor M-402 lost signal, amber fault light active on vibration rack.",sensor_malfunction
Boiler steam pressure transmitter PT-11 off by 15 psi compared to analog gauge.,sensor_malfunction
Boiler feedwater flow meter FT-05 erratic output causing surge in dosing pump.,sensor_malfunction
"Cooling tower fan vibration probe high reading, unit tripping on false alarm.",sensor_malfunction
Glycol pump P-2 discharge pressure sensor dripping fluid and reading negative psi.,sensor_malfunction
"Compressor C-1 interstage temp RTD reading open circuit, unit will not start.",sensor_malfunction
Exhaust fan VFD thermal sensor intermittent fault code F-07 on keypad.,sensor_malfunction
"RO skid permeate conductivity sensor reading out of scale high, zeroing out doesn't fix.",sensor_malfunction
Chiller 2 refrigerant liquid line temp sensor shorted to ground.,sensor_malfunction
Line 4 palletizer optical proximity sensor covered in dust and missing part counts.,sensor_malfunction
North HVAC AHU-3 supply air temp sensor reading a flat 120 deg F.,sensor_malfunction
"Boiler 1 stack gas O2 sensor failing calibration, giving sluggish response.",sensor_malfunction
Hot water tank level radar sensor jumping wildly between 20% and 90% full.,sensor_malfunction
"Raw water intake flow meter magnetic pickup loose, erratic 4-20mA signal.",sensor_malfunction
"Baghouse differential pressure sensor tubes plugged with dust, reading zero.",sensor_malfunction
Air compressor load solenoid position switch not making contact.,sensor_malfunction
Main exhaust stack continuous emission monitor sample flow sensor fault.,sensor_malfunction
"Rotary airlock speed monitor failing to pick up target, dropping trip signal.",sensor_malfunction
CIP return line conductivity probe erratic during rinse cycles.,sensor_malfunction
Zone 2 transfer conveyor photo-eye sensor misaligned and dirty.,sensor_malfunction
Ammonia compressor suction pressure transducer calibration is way off.,sensor_malfunction
Generator fuel tank ultrasonic level sensor stuck at empty.,sensor_malfunction
Booster pump 2 discharge flow transmitter reading negative gallons per minute.,sensor_malfunction
"Furnace zone 1 flame scanner sensor weak signal, intermittent burner shutdown.",sensor_malfunction
"RTD on chiller #3 compressor discharge showing erratic temp spikes up to 250F, process running normally.",sensor_malfunction
"Inlet pressure transmitter PT-102 reading zero output to PLC, loop power confirmed good.",sensor_malfunction
"Vibration sensor on main exhaust fan #2 dropped offline, flashing fault LED on monitor module.",sensor_malfunction
"Conveyor belt speed sensor intermittently losing pulse count, causing unnecessary line stoppages.",sensor_malfunction
Boiler feedwater flow meter FT-401 stuck at max scale regardless of control valve position.,sensor_malfunction
"Suction pressure gauge on boiler feed pump #1 erratic, reading 30 psi low compared to local analog.",sensor_malfunction
"Hydraulic press tonnage pressure transducer failing calibration, output drifting under load.",sensor_malfunction
"Cooling tower fan vibration probe reading baseline-minus, suspect loose accelerometer cable.",sensor_malfunction
"North cooling water supply temp transmitter dead, reading -40F on DCS graphics.",sensor_malfunction
Air compressor stage 2 intercooler pressure sensor showing intermittent communication drops.,sensor_malfunction
Proximity sensor on stamping press top dead center failing to register home position.,sensor_malfunction
Exhaust gas temp thermocouple on diesel generator #4 snapped off inside thermowell.,sensor_malfunction
"Mag meter on chemical dosing line intermittent signal loss, cleaning electrodes didn't help.",sensor_malfunction
Chiller refrigerant liquid line temp sensor reading ambient instead of actual subcooling.,sensor_malfunction
Rotary airlock speed monitor giving false zero-speed trips on motor start.,sensor_malfunction
"Hydraulic unit oil level float switch stuck, giving persistent low-level alarm on clean tank.",sensor_malfunction
Boiler steam drum level DP cell calibration drifted significantly from sight glass.,sensor_malfunction
"Main conveyor photo-eye sensor blinded by dust buildup, constant product jam alarms.",sensor_malfunction
"Air handler supply air temp sensor reading 15F high, causing economizer to stay closed.",sensor_malfunction
"Reactor vessel pressure transmitter failing internal diagnostics, needs immediate replacement.",sensor_malfunction
"Vibration accelerometer on motor drive-end loose on mounting stud, erratic spectrum data.",sensor_malfunction
"Rotary valve position feedback potentiometer wearing out, erratic 4-20mA output signal.",sensor_malfunction
"Line 3 wrapper motor encoder losing position counts mid-cycle, causing misalignment.",sensor_malfunction
"Compressor lube oil pressure sensor intermittent connection at plug, tripping unit.",sensor_malfunction
RO reject flow meter displaying zero GPM despite clear flow through rotameter.,sensor_malfunction
Stator winding temp RTD on extruder motor #2 showing open circuit fault on VFD.,sensor_malfunction
"Vacuum pump inlet pressure transducer saturating at high vacuum, scale out of whack.",sensor_malfunction
Grain elevator leg bearing temp sensor wiring chaffed against structural steel.,sensor_malfunction
"Ash handling water booster pump discharge pressure switch stuck closed, fails to cycle.",sensor_malfunction
Boiler economizer inlet gas temp thermocouple wiring shorted to conduit box.,sensor_malfunction
"PT-102 discharge temp sensor reading high, verified with IR gun, actual temp is normal.",sensor_malfunction
"Inlet pressure transmitter PT-04 erratic, bouncing between 20 and 80 psi.",sensor_malfunction
"Conveyor 3 photo eye blocked/faulty, keeps throwing false jam alarms.",sensor_malfunction
"Chiller compressor 2 suction pressure transducer failed open, sending 0v to PLC.",sensor_malfunction
"Tank 5 level radar losing signal intermittently, calibration required.",sensor_malfunction
"Vibration sensor on Motor B showing flatline zero, check wiring harness.",sensor_malfunction
Flow meter FIT-110 reading low by 30% compared to batch scale.,sensor_malfunction
"Boiler steam pressure transmitter stuck at 150 psi, blow down lines didn't help.",sensor_malfunction
"Exhaust fan 4 vibration spike on outboard bearing, replace accelerometer.",sensor_malfunction
"Line 2 reject station inductive proximity switch out of alignment, fails to detect parts.",sensor_malfunction
"Reactor vessel RTD probe open circuit, showing -50 degrees F on HMI.",sensor_malfunction
"Hydraulic press main pump discharge pressure gauge fluttering wildly, replace transducer.",sensor_malfunction
"Cooling tower basin level float switch stuck in high position, overflow risk.",sensor_malfunction
Air compressor 1 intercooler temp sensor shorted to ground.,sensor_malfunction
"Rotary valve encoder loose on shaft, position feedback is drifting.",sensor_malfunction
"Line 4 metal detector head throwing spurious fault signals, needs recalibration.",sensor_malfunction
"Boiler feed water mag meter completely dead, no power LED on transmitter.",sensor_malfunction
Stoker grate speed pulse pick-up sensor failing to register RPM.,sensor_malfunction
HVAC air handler supply temp sensor calibration drifted +15 degrees.,sensor_malfunction
Hydraulic unit oil temp switch leaking and throwing intermittent fault.,sensor_malfunction
"Dust collector DP gauge tubing plugged, differential pressure reading zero.",sensor_malfunction
"Extruder barrel zone 3 thermocouple broken wire, reads max temp.",sensor_malfunction
"AGV navigation laser scanner obscured by dust, clean lens and reset.",sensor_malfunction
"Generator 2 oil pressure sender stripped threads, weeping oil and bad signal.",sensor_malfunction
"RO water system conductivity probe fouled, reading out of range.",sensor_malfunction
Package sorting line barcode scanner fails to read every third box.,sensor_malfunction
"Air dryer dew point sensor saturated, needs replacement element.",sensor_malfunction
"Silo 3 top limit switch arm bent, no signal on up travel.",sensor_malfunction
"PLC-3 faulted with a watchdog timeout on main conveyor line B, forcing an emergency stop.",software_control_fault
"HMI screen on packer #2 lost connection to the primary SCADA server, rebooting terminal resolved issue.",software_control_fault
Chiller unit 1 PLC threw an analog input out-of-range error for the loop temp sensor.,software_control_fault
Firmware crash on the stamping press master controller required a complete hard reset and program reload.,software_control_fault
Conveyor belt 4 drive motor faulted due to a communication timeout on the Profibus network.,software_control_fault
"Exhaust fan VFD dropped off the Modbus RTU network, operator unable to adjust speed from control room.",software_control_fault
"Palletizer PLC logic locked up in an infinite loop during the sorting sequence, cleared via online edit.",software_control_fault
SCADA alarm log showing intermittent polling failures for wastewater tank 2 level transmitter.,software_control_fault
Boiler feed pump PLC logic failed to execute interlock sequence on low suction pressure.,software_control_fault
HMI trending data freezing on line 3 pasteurizer due to memory leak in the visualization software.,software_control_fault
"Compressor 2 PLC lost its IP address configuration after a momentary power glitch, re-flashed config.",software_control_fault
"Sorting scanner PLC threw a checksum error in the EEPROM, replaced CPU module.",software_control_fault
"Mixing tank agitator VFD fault code F012 indicating internal firmware corruption, escalated to OEM.",software_control_fault
"Conveyor transfer table PLC missed proximity switch input due to scan time lag, optimized ladder logic.",software_control_fault
RO water system HMI displaying comms loss error #404 for remote valve island node.,software_control_fault
Cooling tower fan controller crashed after receiving corrupted Modbus packets from weather station.,software_control_fault
Baghouse dust collector PLC failed to trigger auto-clean cycle because of a corrupted timer register.,software_control_fault
"Hydraulic press PLC memory battery failed, resulting in a complete loss of the custom recipe parameters.",software_control_fault
Elevator lift PLC threw a safety circuit feedback mismatch fault during descent.,software_control_fault
"Centrifuge PLC experienced a watchdog reset mid-cycle, dumping product and triggering red strobe.",software_control_fault
"Line 1 sealer HMI touchscreen unresponsive to touch inputs, recalibrated digitizer grid.",software_control_fault
"Auto-bagger PLC logic error causing double-drops on every fifth cycle, updated rung logic.",software_control_fault
"Boiler auto-blowdown controller firmware locked up, manual override used until reboot.",software_control_fault
Tank farm SCADA graphic showing greyed-out dynamic data links for valves V-101 through V-105.,software_control_fault
"Deaerator pump PLC lost analog output scaling data, causing control valve to slam 100% open.",software_control_fault
Robot cell 3 safety PLC faulted due to an internal watchdog trip on axis 4 resolver board.,software_control_fault
HVAC unit 2 controller stuck in summer mode due to a corrupted boolean bit in the master schedule.,software_control_fault
Rotary kiln drive PLC losing time sync with the master clock server every 48 hours.,software_control_fault
CIP system PLC failed to advance past acid wash phase due to stuck transition bit in sequence chart.,software_control_fault
Fire suppression system control panel showing network bus fault on remote smoke detector loop.,software_control_fault
"PLC-3 communication lost with main conveyor 2 drive, causing unexpected halt on line B.",software_control_fault
"SCADA tag for primary cooling water temp is frozen at 85C, hardware is actually fine.",software_control_fault
"Firmware crash on packaging line wrapper PLC, required hard power cycle to restore logic.",software_control_fault
"HMI screen on compressor 4 showing comms error 302, operator unable to adjust setpoints.",software_control_fault
Conveyor 5 VFD throwing fault code F012 due to corrupted speed reference register in control logic.,software_control_fault
"Main exhaust fan PLC lost analog input card connection, defaulting to 0 RPM state.",software_control_fault
"Boiler 1 feed pump PLC stuck in manual mode, auto PID loop logic failing to execute.",software_control_fault
"HMI touch panel unresponsive on palletizer station 3, reboot cleared temporary memory leak.",software_control_fault
SCADA historian logging intermittent timeout errors from line 1 temperature controller.,software_control_fault
"Chiller unit 2 PLC memory fault after power blink, restored from backup program.",software_control_fault
"Conveyor merge photoeye signal bouncing in PLC logic, causing erratic sorting diverter actuation.",software_control_fault
"Weigh scale PLC lost serial link to wrapper, zero-weight errors holding up production.",software_control_fault
Rotary kiln drive PLC experienced watchdog timer reset during heavy load spike.,software_control_fault
HMI alarm banner flooded with ghost alarms from de-energized pump station 3.,software_control_fault
Exhaust scrubber PLC stuck in bypass mode because discrete input bit is inverted in ladder logic.,software_control_fault
Air compressor 2 SCADA graphic showing offline status despite local controller running normal.,software_control_fault
Palletizer robot PLC fault code 44 indicating motion controller sync loss on axis Z.,software_control_fault
Cooling tower fan 1 VFD lost fieldbus communication with master PLC controller.,software_control_fault
Boiler feedwater valve actuator feedback loop drifting out of tolerance in control logic.,software_control_fault
Mixer tank 3 agitate timer logic resetting prematurely mid-batch due to bit register overlap.,software_control_fault
"HVAC unit 4 controller firmware locked up, dropping network packets to the BMS server.",software_control_fault
Conveyor 8 sorting logic routing packages to reject bin due to swapped encoder channels in PLC.,software_control_fault
Primary air compressor control panel showing HMI runtime error and black screen.,software_control_fault
Pasteurizer temp control loop oscillating wildly due to incorrect derivative gain in PLC PID block.,software_control_fault
"Wastewater lift station PLC battery low, lost program memory during momentary brownout.",software_control_fault
"Baghouse dust collector pulse timer logic halted, solenoid valves stuck in closed position.",software_control_fault
Line 4 accumulation table motor PLC logic failing to sequence stop zones properly.,software_control_fault
RO water skid PLC generating spurious low-pressure faults despite stable gauge readings.,software_control_fault
Uncoiler mandrel PLC lost synchronization with main line speed reference over Profibus.,software_control_fault
Fire suppression system control panel displaying supervisory fault on zone 2 pressure switch loop.,software_control_fault
"HMI lost comms with PLC-03, operator unable to adjust line speed.",software_control_fault
Conveyor 4 control logic faulted due to a watchdog timer expiration on the main CPU.,software_control_fault
Chilled water pump VFD throwing recurring overcurrent software faults during startup ramps.,software_control_fault
SCADA historian stopped logging data from the North tank farm nodes.,software_control_fault
"Exhaust fan 2 PLC firmware crashed after power dip, requiring a cold reboot and program reload.",software_control_fault
Packaging line 1 HMI touch screen unresponsive; rebooted panel PC to restore operation.,software_control_fault
Mixing vat agitator motor stopped mid-batch due to a corrupt setpoint variable in the controller.,software_control_fault
"Compressor 3 safety interlock logic bypassed erroneously in the PLC program, needs immediate review.",software_control_fault
Palletizer robot PLC threw a severe motion control fault on axis 4 servo loop.,software_control_fault
Boiler feedwater valve actuator lost Modbus TCP connection to the central SCADA server.,software_control_fault
Sortation conveyor photo-eye input stuck high in logic despite physical beam being clear.,software_control_fault
Stacker crane PLC memory fault causing intermittent homing loss.,software_control_fault
Rotary kiln drive controller showing invalid feedback scaling in the HMI graphic.,software_control_fault
Emergency stop safety relay zone 2 software trip without physical E-stop actuation.,software_control_fault
Raw material feed auger motor overload trip not registering on the SCADA alarm banner.,software_control_fault
Air compressor 1 pressure transducer scaling error in PLC leading to false low-pressure warnings.,software_control_fault
"Wastewater lift station PLC battery low warning, risk of losing retentive memory on power loss.",software_control_fault
Line 3 labeller stepper motor lost synchronization signal from the high-speed output module.,software_control_fault
Deaerator pressure control valve hunting continuously due to deadband settings in PLC logic.,software_control_fault
Cooling tower fan 2 vibration trip logic masked in software; investigating configuration change.,software_control_fault
Shrink wrapper heater zone 3 PID output locked at 0 percent due to a math overflow fault in PLC.,software_control_fault
"Automatic guided vehicle navigation controller dropped Wi-Fi packets, causing ghost stop on path 2.",software_control_fault
Baghouse dust collector timer logic frozen; pulse valves failing to sequence properly.,software_control_fault
RO water skid PLC lost time-of-day synchronization with the master plant clock.,software_control_fault
"Centrifuge 1 speed feedback erratic on HMI trend screen, encoder card firmware needs update.",software_control_fault
Pallet wrapper turntable PLC input card showing ghost signals on limit switch address I:2/4.,software_control_fault
HVAC air handler unit 3 supply fan VFD dropped fieldbus communication node.,software_control_fault
Infeed conveyor transfer arm cylinder stuck forward because magnetic reed switch signal not updating in PLC.,software_control_fault
Weigh scale module serial comms timeout resulting in batching recipe failure on HMI.,software_control_fault
"PLC-3 lost comms with main SCADA server, line 2 conveyor stopped mid-shift.",software_control_fault
"Conveyor 4 HMI screen frozen, touch input unresponsive after power glitch.",software_control_fault
"Firmware crash on mixing tank agitator drive PLC, forced hard reboot.",software_control_fault
Conveyor belt 1 inverse logic error causing backward feed during start sequence.,software_control_fault
SCADA tag mapping error showing false high-temp alarm on hydraulic press 3.,software_control_fault
"Chiller unit 2 PLC battery low fault triggered, memory loss risk on next power cycle.",software_control_fault
Intermittent communication timeout between safety PLC and stamping press controller.,software_control_fault
HMI alarm banner flooded with ghost alarms from deaerator tank level sensors.,software_control_fault
"Air compressor 2 controller stuck in manual override mode, auto-schedule failed.",software_control_fault
"Stacker crane PLC watchdog timer expired, axis 3 servo position lost.",software_control_fault
Modbus TCP connection dropped between packing line PLC and warehouse WMS.,software_control_fault
Rotary kiln drive inverter firmware corruption after automated patch update.,software_control_fault
"Cooling fan 5 VFD fault code F012 (SW error), cleared via remote HMI reset.",software_control_fault
"Batch mixer PLC program loop time exceeded threshold, causing system hang.",software_control_fault
SCADA trending log failed to record data points for boiler pressure overnight.,software_control_fault
Sorting conveyor photo-eye logic inversion causing dropped packages at diverter.,software_control_fault
Emergency stop safety relay feedback mismatch on palletizer zone 4 PLC.,software_control_fault
Weigh scale interface module lost serial communication with main PLC rack.,software_control_fault
"Exhaust fan 1 controller stuck in local mode, would not respond to remote SCADA command.",software_control_fault
Centrifugal pump 3 auto-start sequence aborted due to permissive interlock software bug.,software_control_fault
"HMI trending display corrupted on extrusion line 2, graphics drivers crashed.",software_control_fault
Boiler feedwater valve position feedback erratic due to analog card scaling error in PLC.,software_control_fault
"Pallet wrapper turntable PLC memory fault, program restored from backup card.",software_control_fault
"Conveyor 7 photo-eye logic inverted in PLC, boxes backing up at merge point.",software_control_fault
"Compressor 1 PLC internal clock drifted by 4 hours, messing up shift data logs.",software_control_fault
Robot arm controller memory leak caused gradual slowdown and eventual crash.,software_control_fault
"Auto-lubricator PLC pulse output logic failed, bearings running dry on line 3.",software_control_fault
"Wastewater lift station telemetry unit dropped cellular connection, SCADA blind.",software_control_fault
"Chiller plant master PLC crashed during auto-lead/lag transition, manual takeover required.",software_control_fault
"Vacuum pump 2 pressure setpoint logic inverted in PLC program, unit short-cycling.",software_control_fault
"PLC-3 communication lost with main conveyor 4 HMI panel, restarting node fixed temporarily.",software_control_fault
SCADA alarm storm triggered by intermittent network switch failure in control room rack B.,software_control_fault
"Conveyor line 2 VFD threw an internal firmware fault code F014, requiring cold reboot.",software_control_fault
"Main exhaust fan PLC lost analog input signal for static pressure transmitter, showing zero flow.",software_control_fault
"Batch mixer PLC ladder logic scan time exceeded threshold, causing safety interlock timeout.",software_control_fault
"HMI touch screen on packing line 1 unresponsive, power cycle restored display driver.",software_control_fault
Hydraulic press controller threw a watchdog timer fault during high-pressure clamping sequence.,software_control_fault
"Chiller unit 3 SCADA tag mapping corrupted after midnight database sync, manual override active.",software_control_fault
"Assembly robot PLC memory overflowed due to unhandled error logging loop, halting station.",software_control_fault
"Boiler feed pump PLC lost Ethernet/IP connection to remote I/O drop 2, tripping unit.",software_control_fault
"Palletizer HMI lost connection with safety PLC zone 3, operator unable to clear jam.",software_control_fault
Air compressor 2 SCADA trending stopped recording pressure and temperature logs.,software_control_fault
Sorting line optical sensor logic inverted in PLC program after unauthorized remote edit.,software_control_fault
Pasteurizer temperature control loop oscillating wildly due to integral windup bug in PID block.,software_control_fault
Stacker crane PLC generated fatal exception error on axis 3 position calculation block.,software_control_fault
Rotary kiln drive PLC lost synchronization with master encoder pulse train.,software_control_fault
Centrifuge 1 vibration interlock tripped falsely due to corrupted scaling parameters in PLC.,software_control_fault
Depalletizer HMI showing communication timeout error 1004 across all station nodes.,software_control_fault
Water treatment plant SCADA graphic screens freezing randomly during peak shift changes.,software_control_fault
Line 5 induction sealer PLC firmware crashed during recipe download from engineering server.,software_control_fault
Overhead crane bridge PLC threw a checksum error in non-volatile memory on power-up.,software_control_fault
"Extruder barrel heating zone 4 control logic stuck in manual mode, ignoring auto setpoint.",software_control_fault
Pneumatic transfer valve manifold lost Profibus communication with main PLC rack.,software_control_fault
"Wastewater lift station telemetry unit dropped cellular connection, missing critical level alarms.",software_control_fault
Cooling tower fan 2 VFD internal software fault cleared after clearing fault buffer.,software_control_fault
Packaging robot PLC program lost retentive data blocks during momentary brownout event.,software_control_fault
Slitter rewinder edge-guide controller lost analog output scaling after HMI firmware update.,software_control_fault
"Raw material silo 3 level sensor Modbus communication failing intermittently, causing SCADA dashes.",software_control_fault
Solenoid valve bank 6 control relay mapping scrambled in PLC hardware configuration table.,software_control_fault
"Emergency shutdown system PLC fault light lit on safety rack 1, requiring manual key reset.",software_control_fault
SCADA tag for primary cooling water temp is showing flatline data; investigate analog input card.,software_control_fault
Rotary screw compressor 1 controller threw a watchdog timer fault and required a hard power cycle.,software_control_fault
"HMI screen on packaging line 4 frozen on the recipe selection menu, touch input unresponsive.",software_control_fault
Conveyor belt 3 motor drive reporting an internal firmware crash code F-042.,software_control_fault
Main exhaust fan VFD lost Ethernet/IP connection to the central control rack.,software_control_fault
"Batch mixer PLC memory corruption detected after brownout, reloading backup program from flash card.",software_control_fault
Weigh hopper load cell module on line 1 generating erratic analog signals due to bus error.,software_control_fault
Deaerator pressure control loop experiencing severe integral windup and oscillating wildly.,software_control_fault
Stacker crane PLC stuck in manual mode because safety interlock bit will not clear in software.,software_control_fault
Chiller unit 2 HMI lost real-time clock synchronization and time stamps on logs are corrupt.,software_control_fault
"Palletizer PLC rack PSU faulted, dropping all discrete output cards and halting operation.",software_control_fault
Boiler feedwater valve actuator position feedback signal fluctuating erratically on SCADA graphic.,software_control_fault
Exhaust scrubber recirculation pump PLC logic has a dead lock in the auto-start sequence.,software_control_fault
Slitter line drive controller firmware mismatch preventing proper synchronization with master encoder.,software_control_fault
CIP system PLC throwing null pointer exception in recipe step 12 execution logic.,software_control_fault
Cooling tower fan 3 vibration sensor interface module dropped off the Modbus TCP network.,software_control_fault
"Boiler 1 burner management system PLC threw a safety watchdog fault, tripping the unit.",software_control_fault
Centrifuge feed pump VFD faulted on Modbus timeout; comms cable integrity checked OK.,software_control_fault
HVAC unit 2 controller stuck in summer mode override due to a persistent logic flag error.,software_control_fault
Pasteurizer temperature chart recorder trending software crashing upon startup on workstation 3.,software_control_fault
RO water skid PLC lost configuration parameters after temporary power loss; restoring from EEPROM.,software_control_fault
Air compressor 4 lead-lag control logic is out of sync with plant master controller.,software_control_fault
Raw material unloader HMI lost connection to the SQL database server for barcode logging.,software_control_fault
"Baghouse dust collector timer board firmware corrupted, continuous pulse cleaning stuck ON.",software_control_fault
Hydraulic press 2 safety PLC faulted due to internal memory checksum error.,software_control_fault
Line 6 induction sealer generator control board throwing comms timeout error to main PLC.,software_control_fault
"Wastewater lift station PLC battery backup failed, causing loss of totalizer logs during power dip.",software_control_fault
Generator 1 automatic transfer switch controller failed to handshake with main plant SCADA.,software_control_fault
Depalletizer overhead gantry axis 3 drive lost home position reference in the absolute encoder register.,software_control_fault
"HMI screen on compressor 4 frozen, unable to adjust discharge pressure setpoints.",software_control_fault
"Conveyor belt 5 control logic looping infinitely on start sequence, throwing watchdog timer fault.",software_control_fault
SCADA alarm flood indicating intermittent Ethernet/IP dropouts at mixing tank 1 node.,software_control_fault
"Chiller unit 3 PLC battery low warning active, memory backup at risk before next shutdown.",software_control_fault
"Rotary packer 2 firmware crash mid-cycle, required hard reboot of the central controller.",software_control_fault
"HMI touch panel unresponsive on exhaust fan 6, operator forced to use local manual E-stop.",software_control_fault
"Analog input card channel 4 failing on main boiler PLC, sending erratic temp readings to SCADA.",software_control_fault
Palletizer 1 servo drive throwing communication fault over Profibus network intermittently.,software_control_fault
Boiler feedwater pump 2 VFD locked out due to internal safety PLC firmware checksum error.,software_control_fault
SCADA trend historian failing to log pressure data from reactor vessel 3 since shift change.,software_control_fault
"Conveyor 7 photocell logic inverted in program, causing boxes to reverse direction unexpectedly.",software_control_fault
"Air compressor 1 HMI lost connection to base station PLC, displaying 'Node Offline' error.",software_control_fault
Cooling tower fan 3 auto-start sequence failing due to corrupted timer block in PLC memory.,software_control_fault
Weigh scale PLC losing calibration data every time system power is cycled.,software_control_fault
"Hydraulic press 4 safety interlock relay logic failing to clear, preventing cycle initiation.",software_control_fault
EtherCAT network jitter causing servo amp faults on packaging line 3 robotic arm.,software_control_fault
"Wastewater lift station PLC CPU fault light flashing red, station currently on manual bypass.",software_control_fault
Deaerator tank level control loop oscillating wildly due to integral gain set too high in PLC.,software_control_fault
Rotary kiln drive inverter dropping off Modbus TCP network during peak thermal load.,software_control_fault
"HMI login database corrupted on batching plant station 2, operators locked out of controls.",software_control_fault
Stacker crane 1 PLC throwing hardware configuration mismatch error after remote code push.,software_control_fault
Boiler 2 flame safeguard PLC locking out burner sequence on spurious low-gas-pressure bit.,software_control_fault
Conveyor line 4 divert arm actuating randomly due to noisy input signal masking in control logic.,software_control_fault
"Chilled water loop PID loop in HVAC controller stuck in manual mode, won't accept auto setpoint.",software_control_fault
SCADA graphic for tank farm valve manifold showing incorrect open/closed status versus field reality.,software_control_fault
Air handler unit 2 VFD faulting on Modbus RTU communication timeout with master controller.,software_control_fault
Centrifugal pump 3 flow rate interlock failing to reset in PLC despite verified flow switch status.,software_control_fault
Pasteurizer 1 temperature recording chart on SCADA freezing during sterilization phase.,software_control_fault
"Main plant PLC rack 2 power supply failing internally, dropping discrete input cards intermittently.",software_control_fault
"PLC-2 lost comms with SCADA node 4, interlocks dropped out on feed conveyor.",software_control_fault
"Firmware crash on main drive VFD, motor tripped on overcurrent fault code F012.",software_control_fault
"HMI screen freezing intermittently on packaging line 2, requires hard reboot.",software_control_fault
"Erroneous logic in batch tank 3 sequencing, drain valve opening before mix cycle completes.",software_control_fault
Modbus timeout error between temperature controller and PLC rack 1.,software_control_fault
Conveyor 5 photo-eye signal dropping out due to corrupt register mapping in PLC.,software_control_fault
SCADA trending database stopped logging data for compressor station B.,software_control_fault
Auxiliary lube pump motor PLC auto-start sequence failed during routine test.,software_control_fault
HMI alarm banner showing ghost alarms for pressure switch PS-102.,software_control_fault
"Watchdog timer faulted on primary PLC rack, bringing down mixing line 1.",software_control_fault
"Stack light logic inverted on assembly cell 3, red and green towers lit simultaneously.",software_control_fault
EtherNet/IP packet loss causing erratic jogging behavior on palletizer axis X.,software_control_fault
Boiler feedwater PID loop oscillating wildly due to corrupted gain parameters in PLC memory.,software_control_fault
HMI touch panel unresponsive to inputs on washdown station 4.,software_control_fault
"Chiller compressor 2 safety interlock bypassed in PLC logic, urgent fix required.",software_control_fault
Profibus communication fault on remote I/O drop 6 near dust collector.,software_control_fault
Conveyor transfer table stuck in forward position due to lost proxy sensor input bit.,software_control_fault
"Conveyor sortation logic sending boxes down wrong chute, encoder pulse mismatch.",software_control_fault
"Scrubber exhaust fan VFD fault F008, control board firmware mismatch.",software_control_fault
HMI trending plot showing inverted values for reactor vessel pressure PT-401.,software_control_fault
"Rotary valve motor control circuit dropping out intermittently, suspected loose PLC terminal or bad output card.",software_control_fault
Safety PLC fault on stamping press light curtain muting circuit.,software_control_fault
Conveyor 3 variable speed control stuck at 100% regardless of HMI setpoint adjustments.,software_control_fault
Deaerator level control valve hunting continuously due to bad analog output scale in PLC.,software_control_fault
SCADA historian failing to sync alarm timestamps with master clock server.,software_control_fault
Cooling tower fan 1 vibration trip ignored by PLC due to misconfigured interlock bit.,software_control_fault
Main intake gate valve positioning feedback error on HMI graphics screen.,software_control_fault
CIP system valve matrix sequence halting mid-cycle on step 14 due to missing handshake signal.,software_control_fault
Air compressor 3 control logic failing to alternate lead/lag status as programmed.,software_control_fault
"EtherCAT master disconnected error on CNC lathe axis controller, production halted.",software_control_fault
"PLC-3 lost comms with main SCADA server on line 2, causing an unprompted line stoppage.",software_control_fault
"HMI screen on conveyor 4 frozen, operator unable to execute manual stop sequence.",software_control_fault
Conveyor 7 drive inverter throwing intermittent software fault code F042.,software_control_fault
"Firmware crash on mixing tank 1 controller after routine parameter update, manual override engaged.",software_control_fault
"Packer line 3 PLC lost its program memory after brief power dip, reloading backup now.",software_control_fault
Erroneous control logic in exhaust fan 2 staging sequence causing short-cycling.,software_control_fault
SCADA alarm log flooded with false low-pressure warnings from chilled water loop.,software_control_fault
"Main intake valve 5 HMI interface showing greyed-out control buttons, local control unaffected.",software_control_fault
"Robot cell 6 PLC watchdog timer tripped, safety circuit dropped out unexpectedly.",software_control_fault
"Palletizer PLC memory fault LED flashing red, system refuses to initialize cycle.",software_control_fault
"Rotary kiln drive PLC losing clock sync every 4 hours, throwing time-out faults on SCADA.",software_control_fault
Centrifuge feed pump VFD losing fieldbus communication with the master PLC.,software_control_fault
"Sorting line 1 optical sensor array dropping packets, causing intermittent PLC latch failures.",software_control_fault
Boiler 2 feedwater valve actuator position feedback erratic on HMI graphic.,software_control_fault
"Compressor 3 controller rebooted spontaneously mid-shift, dropping system header pressure.",software_control_fault
"Wastewater lift station PLC battery low, potential config loss on power cycle.",software_control_fault
Stacker crane 2 absolute encoder communication lost over Profibus network.,software_control_fault
Pasteurizer temperature control loop hunting wildly due to corrupted PID gain values in PLC.,software_control_fault
"Sorting conveyor merge logic failing to clear package blocks, causing upstream jams.",software_control_fault
Chiller unit 4 safety interlock relay stuck open in software logic tree.,software_control_fault
Batch mixer 2 discharge gate valve opening prematurely due to inverted bit in PLC register.,software_control_fault
"Exhaust scrubber PLC throwing checksum error on boot-up, requires ROM reflash.",software_control_fault
"Pallet wrapper 1 HMI touch panel unresponsive to calibration, needs firmware patch.",software_control_fault
Line 4 accumulation table photo-eyes out of sync in PLC scan cycle.,software_control_fault
Air compressor header pressure transmitter reading 0 PSI on SCADA despite mechanical gauge showing 100.,software_control_fault
Boiler 1 burner management system faulting out on startup sequence due to flame detector timeout logic error.,software_control_fault
"Cooling tower fan 3 vibration switch interlock bypassed in PLC logic by night shift, needs investigation.",software_control_fault
Rotary airlock feeder motor control relay chattering due to PLC output card hardware/firmware mismatch.,software_control_fault
De-palletizer vacuum gripper release command delayed by 800ms due to network latency on SCADA.,software_control_fault
CIP system valve matrix routing sequence hanging mid-cycle on step 14 due to unfulfilled permissive bit.,software_control_fault
"Conveyor 4 HMI frozen on startup screen, touchscreen unresponsive to operator inputs.",software_control_fault
"Firmware crash on mixing tank agitator drive VFD, throwing fault code F-09.",software_control_fault
"Conveyor belt 7 control logic failing to register photo-eye triggers, causing box jams.",software_control_fault
Intermittent data packet loss between PLC rack 1 and remote I/O drop 3.,software_control_fault
"Cooling fan 2 PLC output module fried, manual override also non-functional.",software_control_fault
Compressor 1 controller showing watchdog timeout error after nightly reboot.,software_control_fault
HMI alarm banner flooded with ghost low-pressure warnings from exhaust fan 3.,software_control_fault
Main exhaust fan VFD locked out due to corrupted parameter set in firmware.,software_control_fault
Batch tank valve actuator stuck open because PLC failed to process close command.,software_control_fault
"Centrifuge feed pump PLC logic stuck in manual mode, won't accept auto setpoints.",software_control_fault
"SCADA trending log stopped updating for reactor temp sensor 4, historical data lost.",software_control_fault
Conveyor line 5 safety circuit PLC safety relay tripping spuriously under load.,software_control_fault
"Chiller unit PLC lost time sync, causing erroneous scheduling and premature startup.",software_control_fault
Palletizer robot controller threw internal motion planner fault and aborted cycle.,software_control_fault
"Rotary kiln drive PLC losing analog input scaling, skewing RPM readouts by 20%.",software_control_fault
Boiler feedwater pump PLC losing HART communication with flow transmitter.,software_control_fault
Packaging line 3 HMI threw 'database connection lost' error during shift change.,software_control_fault
"Air compressor 2 PLC memory fault, controller currently running in safe stop mode.",software_control_fault
"Mixer VFD internal PLC script hung, requiring a hard power cycle to clear.",software_control_fault
Silo 4 level sensor 4-20mA signal fluctuating wildly due to ground loop in PLC cabinet.,software_control_fault
Sorter line diverter arm actuator missing home sensor signal in PLC ladder logic.,software_control_fault
Extruder barrel zone 3 heater PID loop tuning parameters wiped after power dip.,software_control_fault
"Wastewater lift pump station PLC stuck in local hand mode, SCADA control severed.",software_control_fault
Conveyor transfer cart positioning encoder lost zero reference in PLC memory.,software_control_fault
RO water skid PLC throwing 'Modbus TCP timeout' on UV sterilizer interface.,software_control_fault
Labeler machine stepper motor controller firmware fault halting production run.,software_control_fault
"Air dryer purge valve PLC timer loop failing to reset, causing continuous venting.",software_control_fault
"Baghouse dust collector pulse controller locked up, solenoids stuck in energized state.",software_control_fault
HVAC air handler unit controller lost IP address configuration on network switch.,software_control_fault
PLC-3 threw a fatal watchdog fault and dropped all I/O communication on the main intake pump.,software_control_fault
"HMI screen on Line 2 conveyor locked up, requiring a hard power cycle.",software_control_fault
"SCADA polling timeout on chilled water compressor 1, losing all real-time trend data.",software_control_fault
Firmware corruption on the main injection valve actuator caused erratic positioning signals.,software_control_fault
Conveyor 4 diverter gate failed to actuate due to a corrupted control logic step in the PLC.,software_control_fault
Exhaust fan VFD showing constant Modbus register read errors on the operator panel.,software_control_fault
Intermittent HMI link loss on packaging line 3 rotary table; reboot temporary fix.,software_control_fault
"Primary PLC battery backup failed, wiping recipe data during the overnight shutdown.",software_control_fault
Boiler feed pump PLC lost analog output module configuration after a power surge.,software_control_fault
"Cooling tower fan 2 controller stuck in manual override mode, refusing SCADA commands.",software_control_fault
"Palletizer PLC logic error caused arm to cycle out of sequence, tripping safety interlocks.",software_control_fault
"SCADA alarm server lost connection to node 4, missing high-temp warnings on reactor 2.",software_control_fault
Hydraulic press PLC memory fault triggered an emergency stop and locked the hydraulics.,software_control_fault
Batch mixer HMI showing 'COMMS ERR' when attempting to write setpoints to the controller.,software_control_fault
Air compressor 3 firmware crash caused pressure setpoint to revert to factory defaults.,software_control_fault
"Main line sorter PLC scan time exceeded threshold, causing intermittent tracking drops.",software_control_fault
Rotary kiln drive controller dropped Ethernet/IP connection to the central SCADA network.,software_control_fault
Chiller unit PLC logic trap caused continuous cycling of the compressor load solenoid.,software_control_fault
Assembly line 1 safety PLC faulted due to an internal watchdog timer expiration.,software_control_fault
"Waste water pump station RTU dropped cellular telemetry link, freezing SCADA updates.",software_control_fault
Deaerator level control loop hunting wildly due to an erroneous PID scale factor in PLC.,software_control_fault
Extruder 2 heater zone temperature controller lost calibration parameters in non-volatile RAM.,software_control_fault
Unloader crane PLC threw an illegal instruction fault during the automated homing sequence.,software_control_fault
HMI recipe download failed for product grade B on mixing tank 4 control terminal.,software_control_fault
Boiler 1 burner management system PLC lost HART communication with the fuel gas transmitter.,software_control_fault
Conveyor belt 7 photo-eye input stuck high in PLC logic despite clear optical path.,software_control_fault
"CIP system PLC program hung on step 14, halting the automated wash cycle mid-sequence.",software_control_fault
Air dryer 2 dew point controller dropped serial communication with the SCADA gateway.,software_control_fault
Stacker crane PLC fault code 42 indicates corrupted axis positioning register data.,software_control_fault
Main incoming breaker trip log shows ghost command generated from the SCADA supervisory system.,software_control_fault
"HMI screen on packer #4 frozen, manual overrides unresponsive.",software_control_fault
Firmware crash on chiller unit 2 controller during auto cycle.,software_control_fault
Conveyor 5 variable frequency drive throwing a Modbus timeout error.,software_control_fault
Erroneous control logic causing tank 3 fill valve to cycle rapidly.,software_control_fault
SCADA alarm log flooded with invalid tag reads from exhaust fan 1.,software_control_fault
Mixer motor 2 PLC input card fried after power surge.,software_control_fault
HMI touch panel on boiler feed pump unresponsive to operator input.,software_control_fault
Routine backup failed on stamping press 3 safety PLC.,software_control_fault
"Batching system controller threw memory parity fault, halted line.",software_control_fault
Chiller compressor 1 control loop oscillation tripping high pressure alarm.,software_control_fault
Profibus communication dropped between PLC rack and valve manifold 4.,software_control_fault
Palletizer PLC logic missing interlock for upstream safety gate.,software_control_fault
HMI trending data flatlining on wastewater pump station telemetry.,software_control_fault
"Air compressor 3 local controller stuck in manual mode, SCADA lockout.",software_control_fault
Conveyor merge sorting logic failing to track package IDs correctly.,software_control_fault
Boiler 2 burner management system PLC threw watchdog timeout fault.,software_control_fault
"Ethernet switch port failing intermittently, causing HMI dropouts on line 1.",software_control_fault
Cooling tower fan VFD losing speed reference signal from master PLC.,software_control_fault
Rotary kiln drive PLC losing encoder feedback pulses intermittently.,software_control_fault
Waste heat recovery system throwing unhandled exception in SCADA script.,software_control_fault
"Auto-palletizer PLC program corrupted after brownout, restored from backup.",software_control_fault
HVAC air handler controller looping on infinite reboot cycle.,software_control_fault
"Baghouse dust collector timer logic stuck, pulse valves staying open.",software_control_fault
Reactor vessel temp control loop locked out due to analog input fault in PLC.,software_control_fault
Sorting line optical sorter PLC losing Ethernet/IP connection to cameras.,software_control_fault
Auto-indexer on CNC lathe 2 throwing axis following error via CNC controller.,software_control_fault
Fire suppression system control panel showing internal bus comms error.,software_control_fault
CIP wash skid PLC logic bypassing caustic rinse step due to bad timer block.,software_control_fault
Stacker crane positioning PLC lost home position reference after reset.,software_control_fault
"PLC-3 comms lost to main conveyor 2 feed drive, stopping line.",software_control_fault
"HMI screen freezing intermittently on blend tank 4 control page, requires hard reboot.",software_control_fault
SCADA alarm storm triggered by false high-level signal on surge tank level transmitter.,software_control_fault
Firmware crash on palletizer axis controller causing unexpected homing failure.,software_control_fault
Modbus TCP timeout between master PLC and compressor 1 VFD.,software_control_fault
"Conveyor 5 photoeye logic inverted in PLC program, boxes running backward.",software_control_fault
Main exhaust fan VFD fault code F012 overcurrent trip generated by corrupt speed ref signal.,software_control_fault
HMI touch panel unresponsive on reactor 3 temperature control loop.,software_control_fault
Intermittent PLC watchdog trips halting packaging line 2 stepper motors.,software_control_fault
Profibus DP bus fault on remote I/O rack for cooling tower pump 3.,software_control_fault
Pneumatic valve manifold PLC output card channel 6 fried due to shorted solenoid.,software_control_fault
SCADA historical data logging stopped due to SQL database buffer overflow.,software_control_fault
"Chiller unit 2 PLC losing retain memory on power cycle, resetting setpoints.",software_control_fault
HMI graphic display showing invalid tag ##### for hydraulic press pressure.,software_control_fault
EtherNet/IP packet loss causing erratic jogging on robotic arm cell 1.,software_control_fault
Rotary kiln drive PLC throwing checksum error in PID loop subroutine.,software_control_fault
"Mixer agitator 2 timer preset logic altered in PLC, causing premature cycle end.",software_control_fault
SCADA tag database mismatch preventing remote start of boiler feed pump.,software_control_fault
Barcode scanner serial-to-Ethernet gateway dropping connection to PLC.,software_control_fault
Ventilation damper actuator hunting continuously due to deadband config error in controller.,software_control_fault
Unplanned PLC processor fault (major error code 0004) on wastewater lift station panel.,software_control_fault
HMI alarm banner flooded with ghost warnings from decommissioned heat exchanger.,software_control_fault
Safety PLC interrupter circuit dropping out randomly due to firmware bug.,software_control_fault
Conveyor 3 sorting diverter failing to fire because of delayed PLC timer bit.,software_control_fault
Compressor 4 local control panel showing HMI-PLC timeout error.,software_control_fault
"Batching system PLC stuck in manual mode, auto sequence refuses to initiate.",software_control_fault
Ethercat master fault on CNC router axis 3 drive controller.,software_control_fault
Cooling water pump 1 auto-start logic failing to trigger despite low pressure flag in SCADA.,software_control_fault
"Weigh scale PLC analog input module scaling factor set incorrectly, displaying double weight.",software_control_fault
Fire suppression system control panel logging intermittent serial link fault with main PLC.,software_control_fault
"PLC-3 lost comms with main SCADA server on line 4, throwing timeout errors.",software_control_fault
Conveyor belt 2 motor tripped due to persistent logic loop in firmware v2.1.,software_control_fault
"HMI touch panel in packaging bay frozen on startup screen, reboot didn't clear.",software_control_fault
Chiller unit 1 control loop hunting wildly between 45 and 65 deg F.,software_control_fault
Erroneous interlock signal from safety PLC preventing press brake from cycling.,software_control_fault
Compressor B PLC memory fault error code E-402 displayed on rack 2.,software_control_fault
Sorting line 3 diverter valve actuator failing to respond to HMI command.,software_control_fault
Firmware crash on induction heater PLC caused sudden emergency stop.,software_control_fault
"SCADA tag update failure for tank 4 level transmitter, showing stale data.",software_control_fault
Exhaust fan VFD throwing comms loss fault over Modbus TCP network.,software_control_fault
Boiler feed pump PLC logic inverted the start/stop state causing operator confusion.,software_control_fault
Weigh scale interface module dropped connection to central control rack.,software_control_fault
Palletizer robot stalled mid-cycle after corrupt motion profile packet received.,software_control_fault
"HMI screen lost graphics library files after power brownout, showing raw hex.",software_control_fault
Main ventilation damper actuator stuck open due to corrupted analog output signal.,software_control_fault
"Hydraulic press PLC watchdog timer expired, forcing system into safe mode.",software_control_fault
"Cooling tower fan 2 speed feedback missing on SCADA graphic, loop dead.",software_control_fault
"Rotary air lock feeder PLC lost time sync with NTP server, logs out of order.",software_control_fault
Metering pump dosing rate fluctuating wildly due to PID gain corruption in PLC.,software_control_fault
Overhead crane bridge PLC throwing checksum error on position encoder input.,software_control_fault
CIP system valve sequencing logic skipping rinse cycle step entirely.,software_control_fault
"Baghouse dust collector controller locked up, requiring hard power cycle.",software_control_fault
Line 1 optical sorter throwing intermittent vision system timeout faults.,software_control_fault
Autobagger sealing bar temperature reading erratic due to PLC analog card drift.,software_control_fault
Boiler 2 pressure transmitter scaling factor corrupted in PLC registers.,software_control_fault
Stacker crane PLC lost home position reference during overnight network glitch.,software_control_fault
"Wastewater lift pump 3 auto-alternate logic failed, requiring manual toggle.",software_control_fault
Rotary indexer stepper motor controller firmware locked up on error state 9.,software_control_fault
"Glycol pump skid PLC reporting internal battery low, risk of program loss.",software_control_fault
HMI alarm banner flooded with ghost alarms from decommissioned conveyor zone.,software_control_fault
"Conveyor line 3 HMI lost comms with main PLC, screen frozen.",software_control_fault
Chilled water pump #2 frequency drive throwing continuous software watchdog fault.,software_control_fault
"SCADA trending module crashed on server 2, data logging interrupted.",software_control_fault
"Packaging machine main PLC memory corruption, reload required.",software_control_fault
Exhaust fan VFD firmware crash during auto-start sequence.,software_control_fault
"Batch mixing valve actuator control logic inverted, draining wrong tank.",software_control_fault
Line 4 palletizer PLC lost IP address after network glitch.,software_control_fault
"Compressor 1 PLC internal battery low, holding register data lost on reboot.",software_control_fault
Rotary kiln drive controller dropped Profibus connection to SCADA.,software_control_fault
Stacker crane HMI showing invalid PLC tag addresses across all screens.,software_control_fault
Boiler feedwater valve position feedback erratic due to PLC analog card firmware bug.,software_control_fault
"Deaerator pressure control loop going unstable, PID tuning parameters corrupted.",software_control_fault
"Pneumatic transfer system PLC watchdog timer expired, emergency stop triggered.",software_control_fault
Sorter conveyor photo-eye logic hanging up mid-shift.,software_control_fault
CIP wash station PLC program stuck in rinse phase loop.,software_control_fault
Extruder temp control PLC lost serial communication with temperature scanner.,software_control_fault
Raw material feed auger VFD locking up on Modbus TCP poll failure.,software_control_fault
Pallet wrapper turntable PLC logic failing to read home position sensor.,software_control_fault
Chiller unit 3 controller showing fatal kernel error on startup.,software_control_fault
Air handler unit 2 SCADA graphic displaying greyed-out status indicators.,software_control_fault
Strapper machine PLC experiencing random watchdog resets every 2 hours.,software_control_fault
Main intake valve PLC logic executing out of sequence during emergency shutdown.,software_control_fault
Labeler stepper motor controller firmware fault code E-14 active.,software_control_fault
Reject gate pneumatic cylinder firing randomly due to stray PLC output bit.,software_control_fault
HVAC exhaust damper actuator positioner lost calibration data in EEPROM.,software_control_fault
Asphalt plant pugmill mixer PLC memory parity error on rack 2.,software_control_fault
Centrifuge feed pump flow rate calculation logic outputting NaN to SCADA.,software_control_fault
Depalletizer vacuum lift sequence hanging on transition state 4.,software_control_fault
Wastewater lift station telemetry unit rebooting continuously from firmware fault.,software_control_fault
"HMI screen on packer #4 frozen, showing ghost touch error on start button.",software_control_fault
"Firmware crash on mixing tank VFD, unit needs hard power cycle.",software_control_fault
"Conveyor 7 control logic loop stuck in manual mode, auto sequence failing.",software_control_fault
Scada trend logging stopped for temp sensors on chill water loop.,software_control_fault
Main intake valve actuator showing intermittent feedback loss from PLC input card.,software_control_fault
Robot arm controller threw a severe safety circuit fault during palletizing cycle.,software_control_fault
Extruder 2 heater control loop oscillating wildly due to corrupt PID tuning parameters.,software_control_fault
HMI communication loss with boiler #1 fuel gas regulator.,software_control_fault
Boiler feedwater pump VFD reporting bus undervoltage fault in PLC.,software_control_fault
"Packaging line 3 sorting diverter firing out of sequence, PLC ladder logic error suspected.",software_control_fault
"Compressor 2 PLC battery low alarm active, risk of recipe loss on power failure.",software_control_fault
"Palletizer HMI password database corrupted, operators locked out of manual controls.",software_control_fault
Chiller unit 3 PLC threw a watchdog timer fault and rebooted unexpectedly.,software_control_fault
"Conveyor line 5 photoeye inputs reading inverted in PLC register, causing jams.",software_control_fault
"Exhaust fan 2 inverter fault code F012, SCADA reporting missing run status.",software_control_fault
Rotary kiln drive PLC losing analog output signal to main speed potentiometer.,software_control_fault
Mixer 1 batch recipe download failing at step 4 due to a PLC memory limit error.,software_control_fault
Cooling tower fan VFD Modbus timeout errors flooding the SCADA event log.,software_control_fault
Weigh scale PLC module faulted out after an electrical surge on the 24V bus.,software_control_fault
"Line 1 bottle filler stepper motor sync lost, PLC axis fault active.",software_control_fault
"Air compressor 3 local HMI displaying black screen, backlight failure or power issue.",software_control_fault
Stacker crane PLC throwing positioning error E-402 on X-axis encoder feedback.,software_control_fault
Pasteurizer temperature control PLC module failing to update PID setpoints from SCADA.,software_control_fault
"Baghouse dust collector pulse timer logic locked up in PLC, solenoids staying energized.",software_control_fault
Wastewater lift pump 1 auto-start sequence failing due to bad float switch boolean in PLC.,software_control_fault
Labeler machine PLC throwing a checksum error upon booting up this morning.,software_control_fault
Hydraulic press 2 safety light curtain muting logic failing in the safety PLC.,software_control_fault
"AGV navigation system lost Wi-Fi connection to fleet management SCADA, unit halted mid-path.",software_control_fault
Boiler 3 modulating burner control loop stuck at 50 percent due to a stuck analog input value in the PLC.,software_control_fault
"PLC-2 communication timeout on main conveyor line 3, HMI screen frozen displaying stale data.",software_control_fault
"SCADA tag linkage lost for exhaust fan 4 vibration monitor, tripping false warning alarm.",software_control_fault
Conveyor belt 2 stopped mid-shift due to PLC ladder logic arithmetic overflow in speed tracking block.,software_control_fault
"HMI on packaging line 1 failed to boot after firmware update, showing bootloop error code 0x89.",software_control_fault
Modbus TCP packet loss causing erratic speed commands on extruder drive motor 6.,software_control_fault
Packer machine 2 PLC memory fault; retried warm boot but program logic corrupted in DB12.,software_control_fault
"Cooling tower fan 1 VFD lost analog speed reference from SCADA, defaulting to minimum Hz.",software_control_fault
Intermittent HMI touch panel unresponsiveness on mixing tank 3 control station.,software_control_fault
Palletizer robot PLC faulted out with watchdog timer expiration during complex pick cycle.,software_control_fault
"Boiler feed pump 2 controller lost IP address configuration after power surge, dropping off network.",software_control_fault
"Rotary air compressor 4 SCADA graphics showing grayed-out status indicators, control logic still running.",software_control_fault
"Safety PLC on stamping press 3 threw an internal parity error, forcing an immediate E-stop state.",software_control_fault
Chiller unit 2 firmware crash resulting in loss of PID loop control for chilled water setpoint.,software_control_fault
Line 5 sorting conveyor photoeye signals delayed due to PLC scan cycle overload.,software_control_fault
Main breaker trip log inaccessible via SCADA historian server due to database write timeout.,software_control_fault
"Weigh scale PLC lost calibration parameters after sudden brownout, reading 50 lbs high.",software_control_fault
HVAC air handler 3 damper actuator hunting endlessly due to unstable control loop tuning in PLC.,software_control_fault
Batch tank 1 discharge valve failed to open; SCADA command sent but feedback bit never went high.,software_control_fault
"Centrifuge 2 local control panel lost serial comms with main PLC, throwing error code E-14.",software_control_fault
Sludge pump 1 VFD tripped on Modbus communication loss fault code F-08.,software_control_fault
Depalletizer overhead crane PLC lost home position coordinates after unexpected power cycle.,software_control_fault
"Pasteurizer temp recorder software froze, failing to log critical CCP data for batch 402.",software_control_fault
Auto-bagger machine PLC program halted on unhandled pointer exception in DB5.,software_control_fault
Exhaust scrubber pump 3 auto-start logic failed to trigger low-level interlock sequence in PLC.,software_control_fault
Stacker crane 2 optical comms drop caused PLC to enter safe stop mode mid-travel.,software_control_fault
RO water skid PLC battery backup dead; lost volatile recipe data upon morning startup.,software_control_fault
Boiler 1 fuel gas shutoff valve interlock logic reversed in PLC firmware modification.,software_control_fault
"V-belt on exhaust fan #3 showing heavy fraying and cracking, needs immediate replacement.",wear_and_tear
"Conveyor belt #12 drive pulley lagging is worn down to the bare metal, causing slip.",wear_and_tear
"Feed water pump mechanical seal leaking continuously at 15 gph, carbon face worn out.",wear_and_tear
Main air compressor intake valve gasket blown due to age and thermal cycling.,wear_and_tear
"Centrifuge #2 swing-out rotor bushings excessively sloppy, high vibration on startup.",wear_and_tear
"Boiler feed pump #1 impeller blades eroded from cavitation, discharge pressure dropping.",wear_and_tear
"Exhaust fan #4 sleeve bearing hot to touch, grease purged out past worn oil seal.",wear_and_tear
Hydraulic power unit return line filter housing O-ring degraded and weeping fluid.,wear_and_tear
Rotary air lock rotor tip clearance out of spec due to abrasive product wear.,wear_and_tear
Agitator gearbox output shaft seal leaking gear oil into mixing tank.,wear_and_tear
Cooling tower fan drive coupling spider insert shredded from fatigue.,wear_and_tear
Pneumatic actuator stem packing on CV-104 leaking instrument air.,wear_and_tear
Ball mill trunnion bearing bronze liner showing heavy scoring and wear grooves.,wear_and_tear
"Package chiller condenser water pump wear ring clearance excessive, low flow alarm.",wear_and_tear
"Sifter #2 screen tensioners stripped and worn out, mesh keeps going slack.",wear_and_tear
"Elevator bucket belt stretched past take-up limit, buckets clipping housing.",wear_and_tear
"Booster pump #2 thrust bearing worn, shaft end float out of tolerance.",wear_and_tear
"Screw conveyor intermediate hanger bearing seized up, flighting worn thin.",wear_and_tear
Pneumatic pinch valve sleeve degraded and tearing near center port.,wear_and_tear
"Gearbox #7 intermediate gear tooth pitting heavily, high noise level under load.",wear_and_tear
"Vacuum pump oil sight glass yellowed and brittle, small crack forming.",wear_and_tear
"Air handler blower motor belt loose and glazed, slipping on startup.",wear_and_tear
"Slurry pump casing worn through at volute cutwater, urgent repair needed.",wear_and_tear
Gate valve #14 stem threads stripped out from years of frequent cycling.,wear_and_tear
"Palletizer index cylinder rod wiper seal missing, dirt entering cylinder bore.",wear_and_tear
"Chilled water pump #3 coupling rubber spider disintegrated, zero torque transfer.",wear_and_tear
"Dust collector rotary valve housing worn oval, losing air seal.",wear_and_tear
Air compressor oil separator gasket flattened and leaking under high load.,wear_and_tear
"Incline conveyor belt lacing pin worn half-through, joint looks weak.",wear_and_tear
"Mixer tank paddle shaft bushing elongated, causing shaft to wobble during mixing.",wear_and_tear
"Conveyor belt slip detected on Line 3 main feed, edge fraying and rubber degradation visible along 20ft section.",wear_and_tear
Main exhaust fan B-2 showing excessive vibration due to worn motor housing bushings.,wear_and_tear
"Hydraulic press ram seal weeping fluid, gland packing worn past service limit.",wear_and_tear
"Water booster pump #1 impeller eroded from cavitation, discharge pressure dropping by 15%.",wear_and_tear
"Rotary screw compressor intake valve O-ring degraded, causing minor air leak and pressure drop.",wear_and_tear
"Packaging line 4 drive chain stretched beyond tensioner limits, links showing heavy side-wear.",wear_and_tear
"Boiler feedwater pump coupling insert shredded, heavy misalignment noise on startup.",wear_and_tear
"Air handler unit 6 blower belt cracked and glazed, needs immediate replacement before failure.",wear_and_tear
"Pneumatic actuator manifold gaskets brittle and leaking air, holding only 40 psi.",wear_and_tear
"Crusher gear teeth pitting heavily on final reduction stage, metal shavings found in oil sample.",wear_and_tear
"Chiller water loop control valve seat worn, bypassing 10% flow when fully closed.",wear_and_tear
Assembly line conveyor roller bearings seized up due to grease dry-out and cage wear.,wear_and_tear
Exhaust duct expansion joint rubber bellows torn from thermal fatigue and age.,wear_and_tear
"Centrifuge spindle bearings noisy at high RPM, grease showing heavy particulate contamination.",wear_and_tear
"Slurry pump casing worn thin near volute cutwater, operating at reduced efficiency.",wear_and_tear
Generator cooling fan belt frayed and slipping during peak load test.,wear_and_tear
"Pneumatic slide gate cylinder rod seals blown, pneumatic pressure bleeding off in open position.",wear_and_tear
"Mixer tank agitator shaft bushing excessively worn, causing 1/4 inch radial play.",wear_and_tear
Overhead crane bridge drive gearbox leaking through worn output shaft oil seal.,wear_and_tear
"Vacuum pump vane tips worn down, pulling only 18 inHg instead of standard 26 inHg.",wear_and_tear
"Sorting line diverter arm pivot pins and brass bushings wallowed out, causing sloppy alignment.",wear_and_tear
Boiler fuel oil line flange gasket weeping due to age hardening.,wear_and_tear
Cooling tower fan gearbox input shaft seal leaking oil onto deck below.,wear_and_tear
Palletizer lift mechanism guide wear pads grooved and binding on vertical tracks.,wear_and_tear
"Rotary airlock feeder tip seals worn, blowing product back into intake chute.",wear_and_tear
Stoker boiler grate drive shear pin keeps snapping due to binding in worn slide rails.,wear_and_tear
Air compressor oil filter housing thread O-ring crushed and leaking after routine PM.,wear_and_tear
Dust collector rotary valve flexible rubber connector dry-rotted and tearing at clamp.,wear_and_tear
Main air compressor intake silencer element deteriorated and collapsing inward.,wear_and_tear
"Batch mixer discharge butterfly valve seat degraded, allowing dry powder leakage during cycle.",wear_and_tear
Conveyor belt #3 showing heavy fraying along edges and slipping on drive pulley.,wear_and_tear
"Feed pump mechanical seal leaking approx 5 drops/min, needs replacement due to carbon face wear.",wear_and_tear
"Exhaust fan V-belts stretched and cracked, airflow output down 15%.",wear_and_tear
"Gearbox #2 output shaft bushing has excessive play, causing mild vibration at 1750 RPM.",wear_and_tear
"Pneumatic valve actuator O-rings degraded, causing air leak and slow cycling time.",wear_and_tear
"Centrifugal compressor impeller vanes eroded from cavitation, discharge pressure dropping.",wear_and_tear
"Main crusher jaw plates worn smooth past tolerance limits, rock sizing is affected.",wear_and_tear
Packaging line roller bearings making grinding noise; grease is contaminated with metal fines.,wear_and_tear
"Boiler feedwater check valve seat pitted, allowing backflow during standby.",wear_and_tear
Air compressor intake filter housing gasket crumbling and leaking ambient air.,wear_and_tear
"Slurry line butterfly valve disc edge worn, failing to achieve complete shutoff.",wear_and_tear
"Elevator cable guide blocks worn down to mounting bolts, causing scraping sound.",wear_and_tear
Chiller water pump coupling spider insert disintegrated due to age and torque fatigue.,wear_and_tear
Mixer agitator shaft seal packing gland overtightened and still weeping product.,wear_and_tear
HVAC air handler blower motor mount bushings dried out and sagging.,wear_and_tear
"Hydraulic press ram wiper seal torn, letting oil bypass onto the platen.",wear_and_tear
Rotary kiln girth gear teeth showing asymmetric pitting and tooth thinning.,wear_and_tear
"Bottling line star wheel guides worn, causing frequent bottle jams at high speed.",wear_and_tear
"Vacuum pump vanes worn down, failing to pull required target mmHg.",wear_and_tear
"Diesel generator fuel lift pump diaphragm cracked from hardening, unit won't prime.",wear_and_tear
Stoker grate links burned and warped from extended thermal cycling.,wear_and_tear
"Screw auger flighting worn thin at discharge end, material throughput reduced.",wear_and_tear
Cooling tower fan gear reducer shaft seal leaking gear oil into basin.,wear_and_tear
"Sifter screen frame gaskets flattened out, causing powder dust escape during operation.",wear_and_tear
"Robotic arm wrist joint bronze bushing elongated, causing positional drift.",wear_and_tear
"Air dryer purge valve Teflon seat eroded, constant bleed of compressed air.",wear_and_tear
Extruder barrel heating zone 3 thermocouple well worn thin by plastic flow.,wear_and_tear
Traveling crane wheel flanges heavily worn on one side due to rail misalignment.,wear_and_tear
"Ash handling system rotary valve tips worn down, losing airlock seal.",wear_and_tear
Deaerator tank internal spray nozzle orifices enlarged from long-term erosion.,wear_and_tear
"Exhaust fan #2 impeller blades pitted and worn down, causing severe vibration at 1750 RPM.",wear_and_tear
"Pneumatic actuator stem bushing worn out, resulting in 2mm lateral play and erratic positioning.",wear_and_tear
Elevator gear reducer output shaft seal weeping gear oil onto lower housing.,wear_and_tear
"Rotary airlock rotor vanes worn past tolerance, losing differential pressure across seal.",wear_and_tear
"Cooling tower fan drive belts cracked and stretched, slipping on startup under load.",wear_and_tear
"Slurry pump impeller eye eroded thin, discharge pressure dropping steadily over last week.",wear_and_tear
Blower unit motor coupling rubber spider completely disintegrated from fatigue.,wear_and_tear
"Hydraulic press cylinder wiper seal degraded, allowing dirt ingress into rod gland.",wear_and_tear
"Boiler feedwater check valve flapper hinge worn sloppy, causing backflow on shutdown.",wear_and_tear
Packaging line sorting arm pivot bushing seized due to brass wear and lack of grease.,wear_and_tear
Centrifugal chiller compressor shaft sleeve deeply grooved under carbon ring seal.,wear_and_tear
"Agglomerator paddle mixer arms worn down 30%, material mixing quality compromised.",wear_and_tear
Vibrating screen suspension springs fatigued and sagging on southeast corner.,wear_and_tear
"Dosing pump diaphragm stretched and brittle, stroke volume inconsistent.",wear_and_tear
HVAC air handling unit belt tensioner pulley bearing squealing and seized.,wear_and_tear
"Crusher jaw liners worn smooth, rock sizing output outside of spec.",wear_and_tear
"Screw conveyor flighting edge worn thin over last 4 feet, low output volume.",wear_and_tear
"Deaerator level control valve plug eroded by wire-drawing, passing steam when closed.",wear_and_tear
Exhaust damper linkage bronze pins and clevis joints wallowed out from frequent actuation.,wear_and_tear
Pellet mill die rollers showing uneven wear and pitting on working surface.,wear_and_tear
"Vacuum pump carbon vanes worn down to minimum thickness limit, low vacuum pulled.",wear_and_tear
"Chilled water pump wear rings clearance exceeded, motor drawing high amps.",wear_and_tear
Stacker crane hoist cable showing broken outer wires and diameter reduction at drum.,wear_and_tear
Rotary kiln girth gear teeth showing pitting and asymmetrical wear pattern.,wear_and_tear
"Centrifuge bowl scraper blade dull and worn down, cake not discharging cleanly.",wear_and_tear
Air compressor oil separator element collapsed internally due to differential pressure fatigue.,wear_and_tear
Feed conveyor belt showing severe edge fraying and thinning near drive roller.,wear_and_tear
"Exhaust fan #2 V-belt stretched and slipping, causing low airflow alarm.",wear_and_tear
Rotary air compressor shaft seal leaking oil continuously; puddling on floor.,wear_and_tear
"Main water pump impeller vanes eroded from cavitation, reduced discharge pressure.",wear_and_tear
"Hydraulic press cylinder rod wiper seal cracked, letting dust into gland.",wear_and_tear
Centrifugal pump mechanical seal weeping water past stationary face.,wear_and_tear
Packer machine gearbox output shaft bearing making heavy grinding noise.,wear_and_tear
Cooling tower fan drive coupling rubber spider disintegrated completely.,wear_and_tear
"Conveyor roller #14 seized up due to dry bushing, flat-spotting the tube.",wear_and_tear
"Pneumatic valve stem O-rings degraded, causing air bleed-by in closed position.",wear_and_tear
"Slurry pump wear plate deeply grooved, clearance out of spec.",wear_and_tear
"Boiler feed pump throttle bushing worn, high bypass flow observed.",wear_and_tear
Air handling unit blower belt loose and glazed from age and heat.,wear_and_tear
"Exhaust blower motor sleeve bearing worn, heavy radial play on shaft.",wear_and_tear
"Screw compressor inlet valve Teflon seat chewed up, failing to seal off.",wear_and_tear
"Main line butterfly valve seat rubber split, internal bypass occurring.",wear_and_tear
Bucket elevator chain elongated past adjustment limit; links binding.,wear_and_tear
"Chiller water pump bronze wear rings rubbed down, dropping gpm output.",wear_and_tear
"Palletizer lift chain guide blocks worn flat, chain rubbing on frame.",wear_and_tear
Mixer agitator gearbox input pinion teeth pitted and worn thin.,wear_and_tear
"Vacuum pump vane slots worn, losing ultimate vacuum pressure.",wear_and_tear
"Sifter screen support springs fatigued and sagging, dampening stroke.",wear_and_tear
Ash handling screw conveyor flights worn down to 50% thickness.,wear_and_tear
Hydraulic power unit return line filter housing gasket flattened and weeping.,wear_and_tear
Wastewater chopper pump blades dulled and nicked from solids.,wear_and_tear
Boiler induced draft fan damper linkage bushings ovaled out with play.,wear_and_tear
Diesel generator cooling fan belt cracked in multiple rib grooves.,wear_and_tear
"Rotary airlock feeder tips worn, blowing air back into surge hopper.",wear_and_tear
"Bale press platen guide wear pads worn down, metal-to-metal contact.",wear_and_tear
"Sump pump check valve flapper hinge worn out, failing to seat properly.",wear_and_tear
Conveyor belt #3 shows severe fraying along the edge and needs replacement due to wear.,wear_and_tear
"Feed pump mechanical seal leaking water constantly, worn faces.",wear_and_tear
Hydraulic cylinder rod seals leaking fluid on press 4.,wear_and_tear
Rotary air compressor intake valve gasket blown out from age.,wear_and_tear
"Gearbox #1 output shaft bushing worn out, excessive play in shaft.",wear_and_tear
"Main water valve stem packing worn, leaking around handle.",wear_and_tear
"Cooling tower fan blades eroded at tips, reducing efficiency.",wear_and_tear
Chiller compressor oil sight glass gasket degraded and weeping oil.,wear_and_tear
"Boiler feed water pump impeller worn down, low discharge pressure.",wear_and_tear
"Elevator door guide blocks worn out, causing scraping noise.",wear_and_tear
Packaging line conveyor rollers seized due to bearing wear.,wear_and_tear
Air handler unit drive belts cracked and glazed from heat.,wear_and_tear
"Centrifugal pump wear rings clearance exceeded, flow dropped.",wear_and_tear
Boiler draft fan shaft coupling spider disintegrated.,wear_and_tear
"Pneumatic actuator internal seals worn, cylinder sluggish.",wear_and_tear
"Sludge pump rotor and stator severely worn, low suction.",wear_and_tear
Exhaust duct flexible connection torn from vibration fatigue.,wear_and_tear
Mixer gearbox internal gears pitted and noisy under load.,wear_and_tear
"Vacuum pump vanes worn past service limit, low vacuum.",wear_and_tear
"HVAC damper linkage bushings wallowed out, slop in control.",wear_and_tear
"Main line butterfly valve seat worn, passing fluid when closed.",wear_and_tear
"Sump pump check valve flapper worn out, backflowing.",wear_and_tear
Screw compressor air-oil separator housing gasket flattened and leaking.,wear_and_tear
Fire pump packing gland loose and packing material degraded.,wear_and_tear
Dust collector rotary airlock rubber wiper blades worn flat.,wear_and_tear
Diesel generator fuel lift pump diaphragm cracked from age.,wear_and_tear
Chilled water pump mechanical seal face grooved and leaking.,wear_and_tear
Asphalt plant cold feed bin conveyor belt skirt rubber worn away.,wear_and_tear
"Discharge valve seat worn, slight bypass on line 3, needs replacement during next PM.",wear_and_tear
"Conveyor belt #4 edge fraying badly along return idler, schedule retensioning and patch.",wear_and_tear
"Exhaust fan drive belt slipping due to excessive stretching, temp running high at 145F.",wear_and_tear
"Main air compressor oil seal leaking past housing, pooling oil in secondary containment.",wear_and_tear
"Gearbox #2 output shaft bushing scored, heavy vibration noted at 1800 RPM.",wear_and_tear
"Centrifugal pump impeller vanes eroded from cavitating slurry, flow rate down 15 percent.",wear_and_tear
"Hydraulic press ram packing gland weeping fluid continuously, adjust gland follower.",wear_and_tear
"Air handler blower bearings showing increased dB levels, time for scheduled swap out.",wear_and_tear
"Rotary airlock rotor tip clearances out of spec, product blow-by decreasing pressure.",wear_and_tear
"Pneumatic actuator stem seal degraded, air pressure bleeding off at 40 psi.",wear_and_tear
"Cooling tower fan gearbox coupling rubber spider completely disintegrated, urgent fix.",wear_and_tear
"Boiler feedwater pump wear rings rubbed, discharge pressure dropping under load.",wear_and_tear
"Packaging line roller chain elongation past 3 percent limit, jumping sprockets.",wear_and_tear
"Mixer agitator shaft bushing worn out of round, causing side-to-side whip.",wear_and_tear
"Hydraulic cylinder wiper seal cracked, letting dirt score the chrome rod.",wear_and_tear
"Vacuum pump carbon vanes chipped and worn down, pulling weak vacuum.",wear_and_tear
"Sifter deck suspension springs fatigued and sagging, causing structural rubbing.",wear_and_tear
"Chilled water pump mechanical seal face grooved, leaking 2 qts per shift.",wear_and_tear
"Elevator bucket belt stretched to max take-up limit, needs section cut out.",wear_and_tear
"Boiler draft fan damper linkage bushings ovaled, losing positioning accuracy.",wear_and_tear
"Extruder barrel feed throat liner grooved from abrasive resin, low output.",wear_and_tear
"Sludge pump check valve flapper worn thin, failing to hold prime.",wear_and_tear
"Industrial washer door gasket torn and flattened, steam escaping into room.",wear_and_tear
"Stoker grate drive shear pin bushing wallowed out, jerky feed motion.",wear_and_tear
"Palletizer lift chain wear elongation excessive, chain riding high on teeth.",wear_and_tear
Air compressor intake filter housing threads stripped from constant vibration wear.,wear_and_tear
"Magnetic separator belt surface deeply scored by tramp metal, replace lagging.",wear_and_tear
"Reactor agitator lower steady bearing worn, loud metal-on-metal screech.",wear_and_tear
"Rotary dryer trunnion roller surface pitted and uneven, heavy bumping noise.",wear_and_tear
"Main drive belt on Conveyor Line 3 showing significant fraying and cracking along edges, needs replacement before failure.",wear_and_tear
"Feed pump mechanical seal leaking approx 15 drops/min, carbon face worn down from continuous duty.",wear_and_tear
"Exhaust fan motor pulley worn out of round, causing high vibration on unit #2 housing.",wear_and_tear
"Main line butterfly valve seat degraded, allowing bypass leakage when fully closed.",wear_and_tear
"Bucket elevator drive chain elongated past tolerance limit, jumping teeth on the sprocket.",wear_and_tear
"Chilled water pump brass bushings scored and excessively sloppy, causing shaft misalignment.",wear_and_tear
"Pneumatic actuator rod seal failing on valve CV-104, slight pressure drop noted.",wear_and_tear
"Primary crusher gear teeth pitting visibly on pinion gear, schedule rebuild soon.",wear_and_tear
"Slurry pump impeller vanes worn down to half thickness, losing discharge pressure and flow.",wear_and_tear
"Packaging line conveyor slide rails grooved deeply from friction, binding product flow.",wear_and_tear
"Boiler feedwater pump wear rings degraded, resulting in high internal slip and low head pressure.",wear_and_tear
Vacuum pump coupling rubber spider completely disintegrated from wear and oil exposure.,wear_and_tear
"Hydraulic press cylinder wiper seal cracked, letting dirt past into the guide ring.",wear_and_tear
"Air compressor oil sight glass yellowed and brittle, weeping oil around the threads.",wear_and_tear
"Centrifugal fan shaft bearings rumbling loudly, rolling elements pitted from normal wear.",wear_and_tear
"Rotary valve rotor tips worn down, causing air blow-by in the pneumatic conveying line.",wear_and_tear
Mixer agitator shaft bushing wall thickness critically thin on side A.,wear_and_tear
"Exhaust stack damper linkage bushings egg-shaped, causing binding during auto-adjust.",wear_and_tear
"Wastewater screw press flights worn on outer edges, reducing dewatering efficiency.",wear_and_tear
Generator cooling fan belt dried out and snapped during routine operation.,wear_and_tear
"Chiller compressor unloader valve internal O-rings worn, failing to modulate capacity.",wear_and_tear
"Diesel fire pump packing gland overtightened to compensate for worn sleeve, needs repacking.",wear_and_tear
"Pneumatic cylinder cushions worn out, causing hard slamming at end of stroke on Stacker 2.",wear_and_tear
"Centrifuge bowl gasket flattened and brittle, leaking process liquid during high-speed spin.",wear_and_tear
Roller bearing on conveyor tail pulley seized due to worn seals letting in grit.,wear_and_tear
"Boiler blowdown valve seat eroded by high-pressure steam cutting, won't hold tight shutoff.",wear_and_tear
"Feed conveyor belt frayed along left edge, needs replacement before snapping.",wear_and_tear
Rotary air compressor #2 shaft seal leaking oil continuously.,wear_and_tear
Exhaust fan motor #3 drive belt stretched out and slipping under load.,wear_and_tear
Centrifugal pump #1 impeller blades heavily pitted and cavitation worn.,wear_and_tear
"Pneumatic valve actuator spindle bushing worn out, causing loose travel.",wear_and_tear
Main line gear reducer output shaft seal weeping grease.,wear_and_tear
Primary crusher drive V-belts cracked and glazed from age.,wear_and_tear
"Mixer tank agitator shaft bushing has excessive play, high vibration noted.",wear_and_tear
"Hydraulic press cylinder rod wiper seal torn, letting dirt in.",wear_and_tear
Cooling tower fan gearbox coupling spider rubber insert disintegrated.,wear_and_tear
Slurry pump casing liner worn thin near discharge port.,wear_and_tear
Air handler unit #4 belt tensioner pulley bearing squealing.,wear_and_tear
"Gate valve stem threads stripped from excessive cycles, won't seat fully.",wear_and_tear
Exhaust blower wheel out of balance from dust abrasion on blades.,wear_and_tear
"Screw conveyor flighting worn down on lead section, low output.",wear_and_tear
Hydraulic power unit return line filter housing O-ring extruded.,wear_and_tear
"Chilled water pump mechanical seal failed, heavy water leak.",wear_and_tear
"Bucket elevator belt splices slipping, tension adjustment maxed out.",wear_and_tear
"Solenoid valve plunger guide tube worn, sticking in open position.",wear_and_tear
Industrial washer door gasket torn and leaking steam.,wear_and_tear
"Air compressor intake valve reeds worn, low volumetric efficiency.",wear_and_tear
"Rotary airlock rotor tip seals worn, losing differential pressure.",wear_and_tear
"Blower motor sleeve bearings dry and grooved, high motor amps.",wear_and_tear
"Inline check valve flapper worn on hinge pin, backflowing.",wear_and_tear
"Assembly line lift table pivot bushings ovaled out, side play.",wear_and_tear
"Diesel generator fuel lift pump diaphragm micro-cracked, smelling fuel.",wear_and_tear
"Dust collector rotary valve flexible tips worn down, air blow-by.",wear_and_tear
"Plant air dryer purge valve seat eroded, continuous pressure bleed.",wear_and_tear
"Main exhaust fan V-belts stretched and loose, causing belt squeal on startup.",wear_and_tear
Air compressor stage 2 discharge valve gaskets blown out from thermal fatigue.,wear_and_tear
"Main line isolation valve packing gland worn, weeping water continuously.",wear_and_tear
"Gearbox #4 output shaft bushing has excessive play, high vibration noted during vibration analysis.",wear_and_tear
"Bucket elevator chain elongation out of spec, causing skipping on sprockets.",wear_and_tear
Cooling tower fan gearbox input seal leaking oil onto structural framing.,wear_and_tear
Hydraulic power unit manifold O-rings degraded and weeping oil at fittings.,wear_and_tear
Mixer agitator shaft sleeve deeply grooved where packing contacts surface.,wear_and_tear
"Screw conveyor flighting worn thin near discharge chute, material carryback increasing.",wear_and_tear
"Boiler feedwater pump thrust bearing worn, high axial float detected.",wear_and_tear
"Chilled water pump wear rings scored, pump failing to reach design head pressure.",wear_and_tear
"Pneumatic actuator cylinder seals leaking air internally, slow stroke times.",wear_and_tear
Exhaust duct flexible connection torn and degrading from age and heat.,wear_and_tear
"Packaging line guide rails grooved by continuous product friction, causing jams.",wear_and_tear
"Slurry pump casing liner worn through to outer shell, immediate patch required.",wear_and_tear
Hydraulic press ram wiper seal cracked and letting in dirt and debris.,wear_and_tear
Air intake filter housing gasket flattened and allowing bypass air.,wear_and_tear
"Diesel generator fuel transfer pump gears worn, priming takes too long now.",wear_and_tear
Clusher roller bearings pitted and noisy due to normal operating hours.,wear_and_tear
"Blow-molding machine toggle bushings egg-shaped, causing part flashing.",wear_and_tear
"Wastewater aerator gearbox teeth pitted on pinion gear, high noise level.",wear_and_tear
"Ball mill trunnion seal degraded, grease leaking onto foundation.",wear_and_tear
Palletizer lift chain pins and rollers elongated beyond service limits.,wear_and_tear
"Desiccant dryer purge valve seat worn, continuous bleed air loss.",wear_and_tear
"Boiler fuel gas regulator diaphragm stiff and cracked from age, erratic pressure control.",wear_and_tear
Conveyor belt B-4 showing severe edge fraying and top cover wear along the 200ft mark.,wear_and_tear
"Feed pump mechanical seal leaking approx 15 drops per min, rubber face degraded.",wear_and_tear
"Exhaust fan V-belt loose and glazed, slipping under heavy load during startup.",wear_and_tear
"Gearbox #3 output shaft bushing worn out, causing excessive radial play on the pinion gear.",wear_and_tear
"Air compressor intake valve gasket flattened and leaking pressure, needs replacement.",wear_and_tear
Cooling tower fan blades showing pitting and leading edge erosion from particulate wear.,wear_and_tear
Agitator drive coupling spider insert completely pulverized from age and torque cycles.,wear_and_tear
"Hydraulic press cylinder wiper seal cracked, letting fluid bypass during the return stroke.",wear_and_tear
Centrifugal pump impeller vanes cavitation-pitted and reduced by 30% in thickness.,wear_and_tear
"Sifter screen gasket deteriorated, product dust leaking out around the perimeter frame.",wear_and_tear
Ball mill trunnion bearing grease contaminated with metal flakes from cage wear.,wear_and_tear
"Boiler feed check valve disc and seat grooved, won't hold full pressure when closed.",wear_and_tear
HVAC blower motor sleeve bearings making a dry grinding noise at high RPM.,wear_and_tear
"Screw conveyor flighting worn thin on the outer edges, low output volume observed.",wear_and_tear
"Pneumatic actuator piston seals worn out, cylinder sluggish and leaking air internally.",wear_and_tear
"Bucket elevator belt splice pulling apart, rubber stretching near the fastener bolts.",wear_and_tear
Diesel generator fuel lift pump diaphragm stiffened and cracked from continuous use.,wear_and_tear
"Chilled water control valve plug and seat eroded, failing to isolate flow completely.",wear_and_tear
Slurry pump throat bushing deeply grooved by abrasive media flow.,wear_and_tear
"Main exhaust damper linkage bushings wallowed out, slop in blade positioning.",wear_and_tear
"Palletizer lift chain guide blocks worn flat, causing chain derailment hazard.",wear_and_tear
"Air dryer purge valve soft seat chewed up, constant air bleed-by wasting CFM.",wear_and_tear
Extruder barrel heating zone 3 thermocouple compression fitting threads stripped.,wear_and_tear
Vacuum pump sliding vanes worn down past minimum operating length specification.,wear_and_tear
Tramp metal separator belt gouged and torn in multiple spots from sharp feed.,wear_and_tear
"Blower inlet silencer packing material blown out, high noise level and flow restriction.",wear_and_tear
"Stoker grate drive shear pin housing bushed worn, causing erratic grate travel.",wear_and_tear
Mixer tank bottom drain valve Teflon seat scored and leaking CIP solution.,wear_and_tear
"Feed conveyor belt #3 showing heavy fraying along edges, needs replacement before next shift.",wear_and_tear
"Rotary air lock valve seals leaking air, dropping system pressure by 15 psi.",wear_and_tear
"Cooling tower fan gearbox output shaft seal weeping oil, top up daily until overhaul.",wear_and_tear
"Exhaust fan #2 V-belts cracked and stretched, slipping under heavy load.",wear_and_tear
"Boiler feedwater pump #1 impeller eroded from cavitation, flow rate down 20%.",wear_and_tear
"Main line pneumatic actuator linkage bushings worn out, excessive play causing misalignments.",wear_and_tear
"Centrifugal compressor intake butterfly valve stem bushing seized, manual override difficult.",wear_and_tear
"Hydraulic press ram wiper seal degraded, minor fluid pooling on floor.",wear_and_tear
"Silo discharge auger flighting worn thin near tail bearing, material bridging frequently.",wear_and_tear
"Primary crusher drive coupling rubber spider disintegrated, heavy vibration at startup.",wear_and_tear
"Hot water circulation pump mechanical seal failing, steady drip at 3 drops per min.",wear_and_tear
"Packaging line roller chain elongated past tolerance, skipping on drive sprocket.",wear_and_tear
"Air compressor stage 2 piston rings worn, blowby increasing oil temp.",wear_and_tear
"HVAC air handler blower motor sleeve bearing squealing, needs lubrication and inspection.",wear_and_tear
"Sludge pump #4 wear plate scored deep, suction efficiency severely compromised.",wear_and_tear
"Granulator screen support brackets grooved from vibrating material, needs buildup weld.",wear_and_tear
"Palletizer lift cylinder rod guide bushing loose, mast racking during vertical travel.",wear_and_tear
"Chilled water valve seat gasket degraded, valve passing 10% flow when closed.",wear_and_tear
"Tumbler drum drive trunnion rollers grooved, causing grinding noise in drum housing.",wear_and_tear
"Bucket elevator belt splice pulling apart, fasteners wearing through old webbing.",wear_and_tear
"Wastewater scum skimmer drive gear teeth pitted and worn, backlash excessive.",wear_and_tear
"Booster pump #2 thrust washer worn, slight end play detected on shaft.",wear_and_tear
Baghouse shaker mechanism pivot pins and bronze bushings egg-shaped.,wear_and_tear
Dust collector rotary valve flexible inlet sleeve torn from dry rot.,wear_and_tear
Extruder barrel heating zone 3 band heater clamp stretched and loose.,wear_and_tear
"Sump pump check valve flapper hinge worn out, backflow occurring on shutdown.",wear_and_tear
"Labeler applicator peel plate edge nicked and worn, tearing labels intermittently.",wear_and_tear
"Air dryer purge valve soft goods kit expired, cycling erratically due to internal leaks.",wear_and_tear
Generator room ventilation louver actuator ball joints rusted and binding up.,wear_and_tear
Feed conveyor belt showing severe fraying and edge cracking along the 50ft section.,wear_and_tear
"Discharge pump mechanical seal leaking at approx 15 drops per min, rubber face worn flat.",wear_and_tear
"Pneumatic actuator rod bushing has excessive play, causing valve misalignment.",wear_and_tear
Gearbox output shaft seal weeping gear oil onto the skid base.,wear_and_tear
Crusher feed chute rubber liner worn completely through to bare steel.,wear_and_tear
"Centrifugal pump impeller vanes heavily eroded from abrasive slurry, low discharge pressure.",wear_and_tear
"Elevator bucket belt elongation past max take-up limit, needs shortening.",wear_and_tear
"Rotary airlock rotor tips worn down, causing air blow-by and loss of pressure.",wear_and_tear
Hydraulic press cylinder wiper seal cracked and letting in grit.,wear_and_tear
Cooling tower fan gearbox coupling spider rubber insert chewed up and loose.,wear_and_tear
Packaging line roller bearings making grinding noise; grease is dried out and contaminated.,wear_and_tear
"Screw conveyor flighting worn thin at the discharge end, dropping transfer rate.",wear_and_tear
"Solenoid valve plunger guide tube worn, causing intermittent sticking on cycle.",wear_and_tear
"Slurry agitator shaft bushing excessively worn, severe shaft wobble observed.",wear_and_tear
"Air handler blower bearings failing due to normal wear and tear, high vibration.",wear_and_tear
"Water booster pump check valve flapper worn out, causing backflow when idle.",wear_and_tear
Palletizer guide rails grooved deeply from years of box friction.,wear_and_tear
"Boiler draft fan damper linkage bushings ovaled out, causing sloppy control.",wear_and_tear
"Chilled water pump packing gland fully compressed and still leaking, replace packing.",wear_and_tear
Abrasive blast cabinet door gasket compressed flat and letting dust escape.,wear_and_tear
Kiln drive chain stretched significantly; master link pin showing deep groove wear.,wear_and_tear
"Sieve shaker mounting springs fatigued and sagging, dampening vibration stroke.",wear_and_tear
Mixer tank mechanical seal faces scored and leaking product into bearing housing.,wear_and_tear
"Pneumatic cylinder internal seals worn, bypass air causing slow actuation.",wear_and_tear
Industrial washer spray header swivel joints leaking due to worn O-rings.,wear_and_tear
"Exhaust fan drive belt slipping badly, rubber is glazed and stretched out.",wear_and_tear
"Pneumatic valve actuator O-rings degraded, losing air pressure and failing to seat fully.",wear_and_tear
Agitator impeller blades pitted and thinned down from abrasive slurry flow; needs rebuild.,wear_and_tear
"Elevator bucket chain elongated beyond tensioner limit, several pins showing deep grooves.",wear_and_tear
"Centrifugal pump wear rings clearance out of spec, discharge pressure dropping steadily.",wear_and_tear
Chiller water pump coupling spider rubber inserts crumbled to powder.,wear_and_tear
"Sifter screen gasket brittle and torn, product leaking past the frame.",wear_and_tear
Cooling tower fan gearbox output seal weeping oil onto the drip pan.,wear_and_tear
Extruder feed screw bronze bushing scored and sloppy; causing shaft runout.,wear_and_tear
Solenoid valve diaphragm hardened and cracked from prolonged chemical exposure.,wear_and_tear
"Boiler feedwater check valve clapper hinge pin worn thin, causing backflow.",wear_and_tear
"Stacker crane brake pads worn down to the backing plates, stopping distance increased.",wear_and_tear
"Crusher jaw liners worn smooth in the center zone, reducing crushing efficiency.",wear_and_tear
"Air compressor unloader valve rubber seat deteriorated, bleeding pressure on standby.",wear_and_tear
"Mixer tank drain valve Teflon seat gouged, causing slow weeping into the tote.",wear_and_tear
Exhaust duct flexible connection canvas rotting and tearing at the flange clamps.,wear_and_tear
Palletizer lift cable frayed near the top sheave; immediate replacement required.,wear_and_tear
Slurry valve seat eroded by cavitation; cannot achieve bubble-tight shutoff.,wear_and_tear
HVAC blower motor mount rubber isolators sagging and cracked.,wear_and_tear
"Screw conveyor flighting worn down on outer diameter, leaving product behind in trough.",wear_and_tear
Water booster pump impeller cavitation damage on suction side vanes.,wear_and_tear
"Industrial washer door seal rubber is stiff, flat, and leaking steam during cycle.",wear_and_tear
"Exhaust fan #2 V-belts are stretched out and cracking, losing airflow efficiency.",wear_and_tear
"P-101 discharge pump mechanical seal is weeping water, needs replacement before failure.",wear_and_tear
"Main air compressor intake valve gasket is blown out, causing pressure drop.",wear_and_tear
Blower motor sleeve bushing has excessive play causing heavy shaft vibration.,wear_and_tear
Hydraulic press ram wiper seal is torn and leaking oil onto the bed.,wear_and_tear
"Centrifugal pump impeller blades are heavily pitted from cavitation, reducing flow.",wear_and_tear
Cooling tower fan gearbox output shaft seal is leaking gear oil.,wear_and_tear
"Packaging line roller chain is elongated beyond tolerance, causing sprocket tooth wear.",wear_and_tear
"Rotary airlock rotor tips are worn down, letting air bypass into the feed line.",wear_and_tear
"Boiler feedwater pump wear rings have excessive clearance, dropping discharge pressure.",wear_and_tear
Sludge pump check valve flap is worn thin and not seating properly.,wear_and_tear
"HVAC air handler blower belt is glazed, squealing on startup.",wear_and_tear
Aggregate conveyor impact idler bearings are seized and wearing flat spots on the rollers.,wear_and_tear
"Pneumatic actuator piston seals are worn, causing slow stroke times and air blow-by.",wear_and_tear
Extruder gearbox helical gear teeth show pitting and excessive backlash.,wear_and_tear
"Sump pit submersible pump mechanical seal failed, water in stator housing.",wear_and_tear
Screw compressor minimum pressure valve Teflon seat is grooved and leaking.,wear_and_tear
"Line 4 palletizer lift cable is frayed near the sheave block, high risk of snap.",wear_and_tear
"Chilled water pump coupling spider insert is chewed up, causing shaft misalignment.",wear_and_tear
"Boiler fuel gas regulator soft goods are degrading, slight gas odor detected.",wear_and_tear
Exhauster fan housing liner plates are worn through in the lower scroll section.,wear_and_tear
Rotary screw air dryer purge valve diaphragm is torn and bleeding air continuously.,wear_and_tear
Deaerator pump suction gasket is degraded and drawing air into the suction side.,wear_and_tear
Milling machine table feed leadsnut has excessive backlash due to thread wear.,wear_and_tear
"Ash handling valve seat is eroded from abrasive particulate, failing leak test.",wear_and_tear
"Generator enclosure cooling fan motor bearings are noisy, high vibration signature.",wear_and_tear
Wastewater clarifier drive worm gear is showing severe tooth wear and metal shavings.,wear_and_tear
"Dust collector rotary valve flexible side seals are worn, creating a dust leak.",wear_and_tear
"Batch mixer paddle blades are worn down on the outer edges, leaving unmixed material.",wear_and_tear
Conveyor belt B-12 shows severe edge fraying and cracking along the return side.,wear_and_tear
"Feed water pump mechanical seal leaking approx 15 drops per minute, casing worn around gland follower.",wear_and_tear
"Exhaust fan motor pulley has deep grooves in the V-belt seating area, causing frequent belt slippage.",wear_and_tear
"Rotary air compressor stage 2 shaft bushing is completely wallowed out, resulting in excessive rotor play.",wear_and_tear
Hydraulic press ram guide bushings are scored and binding near top dead center.,wear_and_tear
Bucket elevator head pulley lagging is worn completely through to bare metal on the discharge side.,wear_and_tear
Boiler feed pump impeller blades show advanced cavitation pitting and thinning at the tips.,wear_and_tear
Sifter gearbox output shaft seal failed; heavy gear oil weeping onto the drive coupling.,wear_and_tear
Cooling tower fan gear reducer pinion gear teeth are pitted and showing significant backlash.,wear_and_tear
Packaging line 3 guide rails worn thin by constant friction; products jamming on curves.,wear_and_tear
Chilled water circulation pump wear rings need replacement due to high internal bypass.,wear_and_tear
Air handler unit #4 belt set is stretched beyond take-up limit and slipping under load.,wear_and_tear
Centrifugal blower inlet damper linkage bushings are seized from rust and wear.,wear_and_tear
Slurry pump casing liner worn down to critical thickness threshold near discharge flange.,wear_and_tear
"Pneumatic actuator stem seal is degraded, causing continuous air bleed and sluggish stroke.",wear_and_tear
Sortation conveyor roller bearings are noisy and worn flat on the bottom races.,wear_and_tear
"Vacuum pump sliding vanes are worn past service limit, pulling low vacuum on line 2.",wear_and_tear
Diesel generator fuel lift pump diaphragm is cracked and weeping diesel.,wear_and_tear
Agglomerator drum drive chain has 3% elongation; sprockets show shark-fin tooth wear.,wear_and_tear
Extruder barrel cooling fan motor sleeve bearings are howling; high vibration reading.,wear_and_tear
Plant air compressor intake valve unloader piston seals are worn and leaking by.,wear_and_tear
Salt water intake pump shaft sleeve is deeply grooved where the packing rides.,wear_and_tear
Overhead crane trolley travel wheel flanges are knife-edged from track friction.,wear_and_tear
Mixer agitator gearbox output bearings have heavy spalling on the inner race.,wear_and_tear
"Dust collector rotary airlock rotor tips are worn down, losing differential pressure seal.",wear_and_tear
"Palletizer lift cylinder rod scraper seal is torn, letting dust into the hydraulic gland.",wear_and_tear
Stoker boiler coal feed screw flighting is worn thin at the discharge end.,wear_and_tear
"Wastewater chopper pump cutter plate is dull and worn, causing ragging issues.",wear_and_tear
Main compressor intercooler drain solenoid valve seat is eroded and leaking continuously.,wear_and_tear
"Exhaust fan #3 impeller blades pitted and worn down from abrasive dust, causing high vibration.",wear_and_tear
Main water pump mechanical seal leaking continuously due to carbon face wear.,wear_and_tear
"Rotary air compressor intake valve seat worn, resulting in low pressure output and blowby.",wear_and_tear
"Hydraulic press main cylinder packing gasket degraded, weeping oil during high tonnage strokes.",wear_and_tear
Pneumatic actuator rod bushing has excessive play causing side-load wear on the shaft.,wear_and_tear
"Cooling tower fan gearbox output shaft seal failed, letting oil contaminate the cooling deck.",wear_and_tear
Packaging line sorting roller chain elongated beyond tensioner limits due to pin wear.,wear_and_tear
"Boiler feedwater pump impeller cavitation damage severe, dropping flow rate by 15%.",wear_and_tear
Screw compressor drive coupling spider insert shredded from age and torsional fatigue.,wear_and_tear
"Exhaust damper linkage bronze bushings worn out, creating sloppy positioning and hunting.",wear_and_tear
Crusher feed chute internal AR steel liner plates worn thin with multiple holes.,wear_and_tear
"Air handler blower motor belt cracked and glazed, slipping under heavy startup load.",wear_and_tear
Mixer tank agitator shaft bronze sleeve bearing scored and out of round.,wear_and_tear
"Pneumatic cylinder internal piston seals worn, causing cylinder to creep under load.",wear_and_tear
"Bucket elevator head pulley lagging worn completely smooth, causing belt slippage.",wear_and_tear
Water treatment clarifier rake drive worm gear teeth pitted and worn down.,wear_and_tear
Chiller compressor service valves weeping refrigerant past worn stem packing.,wear_and_tear
Palletizer lift mast guide rollers flat-spotted and binding in the track.,wear_and_tear
"Boiler blowdown valve seat eroded by steam cutting, refusing to seat tight.",wear_and_tear
"Rotary airlock feeder rotor tips worn down, causing air leak into the pneumatic line.",wear_and_tear
"Main line butterfly valve seat rubber degraded, allowing minor bypass when closed.",wear_and_tear
"Sifter screen frame perimeter gasket flattened and torn, causing product dusting.",wear_and_tear
Exhaust scrubber recirculation pump impeller vanes eroded from chemical exposure.,wear_and_tear
Sludge press dewatering belt tracking edge frayed and worn from guide rollers.,wear_and_tear
"Air compressor oil sight glass yellowed and brittle, small micro-cracks forming.",wear_and_tear
Cooling water booster pump shaft sleeve grooved deeply by packing gland friction.,wear_and_tear
Exhaust fan motor housing vibration is high due to worn rubber isolation bushings.,wear_and_tear
Feed water pump mechanical seal is weeping water at ~5 drops per minute.,wear_and_tear
"Main compressor intake valve seat is pitted, causing low discharge pressure.",wear_and_tear
Primary crusher drive V-belts are cracked and stretched beyond tension limits.,wear_and_tear
"Rotary airlock rotor vanes are worn down, resulting in material blow-by.",wear_and_tear
Pneumatic actuator rod seal is leaking air on line 4 divert gate.,wear_and_tear
Packaging line roller chain is elongated and skipping on the sprocket teeth.,wear_and_tear
"Centrifugal pump impeller blades are eroded from cavitation, dropping flow by 15%.",wear_and_tear
Mixer gearbox intermediate gear has pitted teeth causing excessive noise under load.,wear_and_tear
Hydraulic press ram wiper seal is cracked and letting dirt into the cylinder guide.,wear_and_tear
Air handler blower bearings are noisy; grease is pushing past the worn seals.,wear_and_tear
Sifter deck suspension springs are fatigued and sagging on one side.,wear_and_tear
"Screw conveyor flighting is worn thin at the discharge end, reducing output.",wear_and_tear
"Boiler feed pump wear rings have excessive clearance, high internal slip.",wear_and_tear
Slurry valve stem packing is worn out and can no longer be tightened down.,wear_and_tear
Overhead crane trolley drive wheels have flat spots causing a bumpy ride.,wear_and_tear
Palletizer lift chain is stretched and needs adjustment or replacement.,wear_and_tear
"Exhaust damper linkage bushings are wallowed out, causing loose positioning.",wear_and_tear
Chilled water pump coupling spider insert is completely shredded.,wear_and_tear
Bucket elevator belt is slipping due to worn rubber lagging on the head pulley.,wear_and_tear
Extruder barrel heating zone 2 thermocouple well is worn loose from vibration.,wear_and_tear
"Pneumatic cylinder internal cup seals are worn, bypassing air and losing force.",wear_and_tear
Rotary kiln girth gear teeth are showing uneven wear patterns on the drive side.,wear_and_tear
"Ash handling drag chain links are worn at the pivot pins, causing elongation.",wear_and_tear
"Vacuum pump vanes are worn short, pulling only 15 inHg instead of 25.",wear_and_tear
Dewatering press dewatering belt is grooved and worn thin in the center track.,wear_and_tear
Feed water pump mechanical seal leaking ~2 GPM; scoring evident on shaft sleeve from prolonged operation.,wear_and_tear
"Gearbox #2 making high-pitched whine under load, internal gear teeth pitted and worn past tolerance limit.",wear_and_tear
Pneumatic actuator butterfly valve on main air header failing to seat fully due to degraded internal O-rings and gasket.,wear_and_tear
Exhaust fan motor vibration trending up; sleeve bushings heavily worn with excessive radial play.,wear_and_tear
