text,category,clean_text,label
"Drawbench carriage motor overheated during heavy pull, check brake drag.",overheating,drawbench carriage motor overheated during heavy pull check brake drag,4
"Hydraulic press main cylinder LVDT feedback lost, axis stalled mid-stroke.",sensor_malfunction,hydraulic press main cylinder lvdt feedback lost axis stalled mid-stroke,5
Pinhole spray on high-pressure line feeding the clamping cylinder of die cast machine #2.,hydraulic_leak,pinhole spray on high-pressure line feeding the clamping cylinder of die cast machine 2,3
"Boiler feedwater booster pump bearing making rhythmic knocking noise, vibration increasing.",bearing_failure,boiler feedwater booster pump bearing making rhythmic knocking noise vibration increasing,0
"Compressor room ambient temp thermistor missing head, wires exposed.",sensor_malfunction,compressor room ambient temp thermistor missing head wires exposed,5
"Main intake damper actuator motor internal wiring burnt out, manual override stuck in closed position.",electrical_fault,main intake damper actuator motor internal wiring burnt out manual override stuck in closed position,2
"Screw conveyor flighting worn down on lead section, low output.",wear_and_tear,screw conveyor flighting worn down on lead section low output,7
Chiller water loop circ pump motor overheating due to failing winding insulation on phase C.,overheating,chiller water loop circ pump motor overheating due to failing winding insulation on phase c,4
Chiller unit 2 firmware crash resulting in loss of PID loop control for chilled water setpoint.,software_control_fault,chiller unit 2 firmware crash resulting in loss of pid loop control for chilled water setpoint,6
"Rotary air lock valve seals leaking air, dropping system pressure by 15 psi.",wear_and_tear,rotary air lock valve seals leaking air dropping system pressure by 15 psi,7
Agitator motor on mixing tank #4 tripping instantly upon manual start; megger showed shorted windings.,electrical_fault,agitator motor on mixing tank 4 tripping instantly upon manual start megger showed shorted windings,2
Cooling tower water pump #2 casing heavily pitted from galvanic action near the bronze impeller mating surface.,corrosion,cooling tower water pump 2 casing heavily pitted from galvanic action near the bronze impeller mating surface,1
"Air compressor stage 2 intercooler thermal shutdown, ambient room temp near 105°F.",overheating,air compressor stage 2 intercooler thermal shutdown ambient room temp near 105 f,4
"Silo 3 radar level sensor reading 100% full when bin is empty, check antenna buildup.",sensor_malfunction,silo 3 radar level sensor reading 100 full when bin is empty check antenna buildup,5
Motor winding short on ventilation unit 3; unit out of service pending rewinding.,electrical_fault,motor winding short on ventilation unit 3 unit out of service pending rewinding,2
Ball mill trunnion bearing grease contaminated with metal flakes from cage wear.,wear_and_tear,ball mill trunnion bearing grease contaminated with metal flakes from cage wear,7
SCADA historical data logging stopped due to SQL database buffer overflow.,software_control_fault,scada historical data logging stopped due to sql database buffer overflow,6
"Air compressor 2 starter overload heater element burned out, replaced element and verified calibration.",electrical_fault,air compressor 2 starter overload heater element burned out replaced element and verified calibration,2
Mixer agitator shaft sleeve deeply grooved where packing contacts surface.,wear_and_tear,mixer agitator shaft sleeve deeply grooved where packing contacts surface,7
"Hydraulic reservoir #7 hitting 150F limit, thermal expansion valve on water circuit is stuck.",overheating,hydraulic reservoir 7 hitting 150f limit thermal expansion valve on water circuit is stuck,4
Stacker crane Z-axis laser distance sensor throwing error code E-04 intermittently.,sensor_malfunction,stacker crane z-axis laser distance sensor throwing error code e-04 intermittently,5
Packaging line conveyor roller bearing seized and smoking.,bearing_failure,packaging line conveyor roller bearing seized and smoking,0
Stamping press clutch solenoid overheating and burning out repeatedly.,overheating,stamping press clutch solenoid overheating and burning out repeatedly,4
"Boiler feed pump #1 outboard bearing temp at 190°F, grease line is blocked.",overheating,boiler feed pump 1 outboard bearing temp at 190 f grease line is blocked,4
"Hydraulic power unit electric motor bearing failed catastrophically, smoke observed.",bearing_failure,hydraulic power unit electric motor bearing failed catastrophically smoke observed,0
HVAC supply air blower bearing rumbling loudly; scheduled for replacement.,bearing_failure,hvac supply air blower bearing rumbling loudly scheduled for replacement,0
"Pellet mill main roller bearing failure caused catastrophic jam, cleanup required.",bearing_failure,pellet mill main roller bearing failure caused catastrophic jam cleanup required,0
Internal scale build-up in RO system pre-filter housing causing high differential pressure.,corrosion,internal scale build-up in ro system pre-filter housing causing high differential pressure,1
"Conveyor indexer cylinder leaking past piston rod wiper, slip hazard on floor.",hydraulic_leak,conveyor indexer cylinder leaking past piston rod wiper slip hazard on floor,3
"Severe hydraulic fluid leak from spool valve bank on stamping press #1, safety hazard.",hydraulic_leak,severe hydraulic fluid leak from spool valve bank on stamping press 1 safety hazard,3
Main air compressor stage 2 discharge air temp alarm active at 215F.,overheating,main air compressor stage 2 discharge air temp alarm active at 215f,4
"Line 6 reject gate limit switch arm bent, position feedback lost.",sensor_malfunction,line 6 reject gate limit switch arm bent position feedback lost,5
"Slurry pump gland water flush lost, causing immediate thermal runaway and sleeve bearing seizure.",bearing_failure,slurry pump gland water flush lost causing immediate thermal runaway and sleeve bearing seizure,0
Pinched O-ring on filter housing cover spraying hydraulic oil across skid base.,hydraulic_leak,pinched o-ring on filter housing cover spraying hydraulic oil across skid base,3
"Glue melter tank temp controller failed closed, adhesive degraded and carbonized inside the reservoir.",overheating,glue melter tank temp controller failed closed adhesive degraded and carbonized inside the reservoir,4
Boiler feed pump motor pulling high amps and running hot after coupling realignment.,overheating,boiler feed pump motor pulling high amps and running hot after coupling realignment,4
"Corrosion on motor enclosure fins and junction box, cover screws seized.",corrosion,corrosion on motor enclosure fins and junction box cover screws seized,1
Conveyor belt drive motor smoking upon startup; opened terminal box and found melted wire insulation on phase A.,electrical_fault,conveyor belt drive motor smoking upon startup opened terminal box and found melted wire insulation on phase a,2
"Severe insulation breakdown on feed pump motor leads, scheduling immediate rewiring.",electrical_fault,severe insulation breakdown on feed pump motor leads scheduling immediate rewiring,2
Cooling water pump 1 auto-start logic failing to trigger despite low pressure flag in SCADA.,software_control_fault,cooling water pump 1 auto-start logic failing to trigger despite low pressure flag in scada,6
Packaging line 3 guide rails worn thin by constant friction; products jamming on curves.,wear_and_tear,packaging line 3 guide rails worn thin by constant friction products jamming on curves,7
Boiler steam drum level DP cell calibration drifted significantly from sight glass.,sensor_malfunction,boiler steam drum level dp cell calibration drifted significantly from sight glass,5
Exhaust blower motor seized and smoking; windings completely burned out from prolonged overload.,electrical_fault,exhaust blower motor seized and smoking windings completely burned out from prolonged overload,2
"Pasteurizer recirc pump seal flush water pressure lost, stuffing box running extremely hot.",overheating,pasteurizer recirc pump seal flush water pressure lost stuffing box running extremely hot,4
Condensate return line pinhole leak due to internal corrosion near 90-degree elbow.,corrosion,condensate return line pinhole leak due to internal corrosion near 90-degree elbow,1
Deaerator pressure control loop experiencing severe integral windup and oscillating wildly.,software_control_fault,deaerator pressure control loop experiencing severe integral windup and oscillating wildly,6
Sleeve bearing on conveyor return roller is squealing under load.,bearing_failure,sleeve bearing on conveyor return roller is squealing under load,0
Cooling tower structural support beams showing advanced atmospheric corrosion and flaking scale near basin waterline.,corrosion,cooling tower structural support beams showing advanced atmospheric corrosion and flaking scale near basin waterline,1
Hydraulic fluid leaking past the spool valve end cap on directional control valve #3.,hydraulic_leak,hydraulic fluid leaking past the spool valve end cap on directional control valve 3,3
Pasteurizer outlet flow meter output signal fluctuating wildly between 0 and 50 GPM.,sensor_malfunction,pasteurizer outlet flow meter output signal fluctuating wildly between 0 and 50 gpm,5
Weeping fitting on the return manifold of hydraulic press 2.,hydraulic_leak,weeping fitting on the return manifold of hydraulic press 2,3
Chilled water loop differential pressure transmitter zero point drifted out of spec.,sensor_malfunction,chilled water loop differential pressure transmitter zero point drifted out of spec,5
"Main air compressor stage 2 discharge pipe glowing red, unloading valve stuck.",overheating,main air compressor stage 2 discharge pipe glowing red unloading valve stuck,4
"Submersible sump pump running dry, thermal cutoff tripped.",overheating,submersible sump pump running dry thermal cutoff tripped,4
Sludge press hydraulic pack overheating due to low fluid level and heavy continuous cycling.,overheating,sludge press hydraulic pack overheating due to low fluid level and heavy continuous cycling,4
Chiller compressor crankcase heater fused shorted; replaced heater element and 10A supply fuse.,electrical_fault,chiller compressor crankcase heater fused shorted replaced heater element and 10a supply fuse,2
"Mixing tank jacket cooling water valve failed shut, batch temp exceeded 95C.",overheating,mixing tank jacket cooling water valve failed shut batch temp exceeded 95c,4
"Hydraulic press oil cooler fan not engaging, fluid temp climbing past 150F.",overheating,hydraulic press oil cooler fan not engaging fluid temp climbing past 150f,4
"HMI screen freezing intermittently on blend tank 4 control page, requires hard reboot.",software_control_fault,hmi screen freezing intermittently on blend tank 4 control page requires hard reboot,6
"Hydraulic leak at the steering orbital valve threaded port, requires new fitting.",hydraulic_leak,hydraulic leak at the steering orbital valve threaded port requires new fitting,3
"Exhaust fan #3 motor smoking upon startup, pulled breaker immediately.",overheating,exhaust fan 3 motor smoking upon startup pulled breaker immediately,4
Cooling tower fan motor housing suffering from advanced flaking rust and pitting.,corrosion,cooling tower fan motor housing suffering from advanced flaking rust and pitting,1
"Blown control fuse on packing machine PLC input card, replaced with 2A fast-blow.",electrical_fault,blown control fuse on packing machine plc input card replaced with 2a fast-blow,2
"Exhaust fan VFD dropped off the Modbus RTU network, operator unable to adjust speed from control room.",software_control_fault,exhaust fan vfd dropped off the modbus rtu network operator unable to adjust speed from control room,6
"Main air compressor stage 2 rotor bearing failed, unit tripped on high motor amps.",bearing_failure,main air compressor stage 2 rotor bearing failed unit tripped on high motor amps,0
Palletizer 1 servo drive throwing communication fault over Profibus network intermittently.,software_control_fault,palletizer 1 servo drive throwing communication fault over profibus network intermittently,6
"Bucket elevator belt splices slipping, tension adjustment maxed out.",wear_and_tear,bucket elevator belt splices slipping tension adjustment maxed out,7
Severe rust accumulation on the 4-inch discharge spool piece causing minor weeping at the flanged gasket.,corrosion,severe rust accumulation on the 4-inch discharge spool piece causing minor weeping at the flanged gasket,1
"Blown 15A control fuse on Conveyor 4 VFD input; replaced fuse, checked for binding, ok.",electrical_fault,blown 15a control fuse on conveyor 4 vfd input replaced fuse checked for binding ok,2
"Stacker crane PLC watchdog timer expired, axis 3 servo position lost.",software_control_fault,stacker crane plc watchdog timer expired axis 3 servo position lost,6
"Reactor vessel temp probe drifting up 15C, batch heating cycle compromised.",sensor_malfunction,reactor vessel temp probe drifting up 15c batch heating cycle compromised,5
Deaerator pump bearing making a loud rattling noise at 3600 RPM.,bearing_failure,deaerator pump bearing making a loud rattling noise at 3600 rpm,0
Pasteurizer 1 temperature recording chart on SCADA freezing during sterilization phase.,software_control_fault,pasteurizer 1 temperature recording chart on scada freezing during sterilization phase,6
Blown seal on the counterbalance valve block of overhead crane winch.,hydraulic_leak,blown seal on the counterbalance valve block of overhead crane winch,3
Heavy rust accumulation on conveyor idler roller bearings causing belt drag and motor overload.,corrosion,heavy rust accumulation on conveyor idler roller bearings causing belt drag and motor overload,1
Conveyor line 5 photo-eye wiring chewed by rodents; spliced and heat-shrunk 24V signal lines.,electrical_fault,conveyor line 5 photo-eye wiring chewed by rodents spliced and heat-shrunk 24v signal lines,2
"HVAC supply fan pulley bearing dry and squealing, needs immediate grease.",bearing_failure,hvac supply fan pulley bearing dry and squealing needs immediate grease,0
Feed water pump casing overheating; suspect internal recirculation and worn wear rings.,overheating,feed water pump casing overheating suspect internal recirculation and worn wear rings,4
Air compressor oil separator gasket flattened and leaking under high load.,wear_and_tear,air compressor oil separator gasket flattened and leaking under high load,7
"Damaged wiring harness on indexing conveyor motor, rodent chew marks visible.",electrical_fault,damaged wiring harness on indexing conveyor motor rodent chew marks visible,2
"Feed conveyor belt #3 showing heavy fraying along edges, needs replacement before next shift.",wear_and_tear,feed conveyor belt 3 showing heavy fraying along edges needs replacement before next shift,7
"Pneumatic actuator rod seal failing on valve CV-104, slight pressure drop noted.",wear_and_tear,pneumatic actuator rod seal failing on valve cv-104 slight pressure drop noted,7
"Main ventilation fan motor making loud humming noise, thermal overload tripped.",electrical_fault,main ventilation fan motor making loud humming noise thermal overload tripped,2
Rust accumulation on emergency diesel generator fuel tank fill neck and surrounding deck plating.,corrosion,rust accumulation on emergency diesel generator fuel tank fill neck and surrounding deck plating,1
HVAC unit 2 controller stuck in summer mode due to a corrupted boolean bit in the master schedule.,software_control_fault,hvac unit 2 controller stuck in summer mode due to a corrupted boolean bit in the master schedule,6
"Main air compressor starter coil burned out, contactor chatter observed prior to failure.",electrical_fault,main air compressor starter coil burned out contactor chatter observed prior to failure,2
HVAC ductwork seam separation above cleanroom 2 caused by acidic vapor condensation and rust-out.,corrosion,hvac ductwork seam separation above cleanroom 2 caused by acidic vapor condensation and rust-out,1
Rotary kiln drive PLC lost synchronization with master encoder pulse train.,software_control_fault,rotary kiln drive plc lost synchronization with master encoder pulse train,6
"Chiller unit 3 PLC battery low warning active, memory backup at risk before next shutdown.",software_control_fault,chiller unit 3 plc battery low warning active memory backup at risk before next shutdown,6
"Stoker drive gear reducer output bearing spalled, metal shavings in oil sight glass.",bearing_failure,stoker drive gear reducer output bearing spalled metal shavings in oil sight glass,0
Pasteurizer temperature chart recorder trending software crashing upon startup on workstation 3.,software_control_fault,pasteurizer temperature chart recorder trending software crashing upon startup on workstation 3,6
"Boiler draft fan inboard bearing temp spike to 210F, shutting down for replacement.",bearing_failure,boiler draft fan inboard bearing temp spike to 210f shutting down for replacement,0
O-ring failure on the hydraulic manifold block causing heavy dripping onto structural framing.,hydraulic_leak,o-ring failure on the hydraulic manifold block causing heavy dripping onto structural framing,3
"Roller mill drive shaft bearing vibrating severely, grease is burnt black.",bearing_failure,roller mill drive shaft bearing vibrating severely grease is burnt black,0
"Palletizer lift chain guide blocks worn flat, chain rubbing on frame.",wear_and_tear,palletizer lift chain guide blocks worn flat chain rubbing on frame,7
Crushed crush washer on banjo bolt of brake caliper hydraulic line.,hydraulic_leak,crushed crush washer on banjo bolt of brake caliper hydraulic line,3
"Main air compressor oil-free screw bearing rumbling, metal particles in filter.",bearing_failure,main air compressor oil-free screw bearing rumbling metal particles in filter,0
Fuel oil day tank bottom plate showing heavy scale and pitting during internal inspection; patch required.,corrosion,fuel oil day tank bottom plate showing heavy scale and pitting during internal inspection patch required,1
Cracked filter housing head spraying oil upon startup.,hydraulic_leak,cracked filter housing head spraying oil upon startup,3
Severe hydraulic leak at the quick-disconnect couplings of the portable filter cart.,hydraulic_leak,severe hydraulic leak at the quick-disconnect couplings of the portable filter cart,3
"Rotary kiln drive motor winding insulation degraded, failing hi-pot test.",electrical_fault,rotary kiln drive motor winding insulation degraded failing hi-pot test,2
"Pinhole in steel hardline near manifold block, spraying atomized oil.",hydraulic_leak,pinhole in steel hardline near manifold block spraying atomized oil,3
"Gasket failure on hydraulic reservoir clean-out cover, pooling oil underneath.",hydraulic_leak,gasket failure on hydraulic reservoir clean-out cover pooling oil underneath,3
Cooling tower fan 2 VFD internal software fault cleared after clearing fault buffer.,software_control_fault,cooling tower fan 2 vfd internal software fault cleared after clearing fault buffer,6
"Crusher conveyor roller bearing locked solid, causing friction wear on belt edge.",bearing_failure,crusher conveyor roller bearing locked solid causing friction wear on belt edge,0
Proximity sensor on stamping press top dead center failing to register home position.,sensor_malfunction,proximity sensor on stamping press top dead center failing to register home position,5
"Fitting on accumulator dump valve stripped, spraying fluid under 1500 psi.",hydraulic_leak,fitting on accumulator dump valve stripped spraying fluid under 1500 psi,3
"Sump pump lower sleeve bearing worn out, impellers rubbing housing.",bearing_failure,sump pump lower sleeve bearing worn out impellers rubbing housing,0
Idler roller bearing spalling badly on line 2 main conveyor section.,bearing_failure,idler roller bearing spalling badly on line 2 main conveyor section,0
"Pitting corrosion on the internal housing of positive displacement blower PDB-02, causing drop in volumetric efficiency.",corrosion,pitting corrosion on the internal housing of positive displacement blower pdb-02 causing drop in volumetric efficiency,1
Exhaust duct expansion joint rubber bellows torn from thermal fatigue and age.,wear_and_tear,exhaust duct expansion joint rubber bellows torn from thermal fatigue and age,7
Crusher feed conveyor tail pulley bearing dry and squealing; needs emergency greasing or replacement.,bearing_failure,crusher feed conveyor tail pulley bearing dry and squealing needs emergency greasing or replacement,0
"Main drive belt on Conveyor Line 3 showing significant fraying and cracking along edges, needs replacement before failure.",wear_and_tear,main drive belt on conveyor line 3 showing significant fraying and cracking along edges needs replacement before failure,7
Overhead crane bridge drive motor thermal switch open continuously due to severe internal winding degradation.,electrical_fault,overhead crane bridge drive motor thermal switch open continuously due to severe internal winding degradation,2
"Cooling tower circulation pump bearing temp elevated at 180F, needs grease.",overheating,cooling tower circulation pump bearing temp elevated at 180f needs grease,4
"Flange bolt sheared on hydraulic pump discharge, major oil loss.",hydraulic_leak,flange bolt sheared on hydraulic pump discharge major oil loss,3
Sleeve bearing on agitator motor #2 is smoking and smells of scorched grease.,bearing_failure,sleeve bearing on agitator motor 2 is smoking and smells of scorched grease,0
SCADA alarm storm triggered by intermittent network switch failure in control room rack B.,software_control_fault,scada alarm storm triggered by intermittent network switch failure in control room rack b,6
"Reactor vessel RTD thermocouple wire severed inside thermowell, error code on PLC.",sensor_malfunction,reactor vessel rtd thermocouple wire severed inside thermowell error code on plc,5
Overhead crane bridge PLC throwing checksum error on position encoder input.,software_control_fault,overhead crane bridge plc throwing checksum error on position encoder input,6
"HVAC unit 4 controller firmware locked up, dropping network packets to the BMS server.",software_control_fault,hvac unit 4 controller firmware locked up dropping network packets to the bms server,6
Chiller unit 3 controller showing fatal kernel error on startup.,software_control_fault,chiller unit 3 controller showing fatal kernel error on startup,6
"Extruder barrel zone 4 heater band stuck ON, causing catastrophic local overheating of polymer.",overheating,extruder barrel zone 4 heater band stuck on causing catastrophic local overheating of polymer,4
"Extruder barrel zone 4 heater thermocouple reading ambient, plastic burning in the zone.",sensor_malfunction,extruder barrel zone 4 heater thermocouple reading ambient plastic burning in the zone,5
Corroded electrical conduit on rooftop chiller unit; wires exposed to moisture and weather.,corrosion,corroded electrical conduit on rooftop chiller unit wires exposed to moisture and weather,1
Exhaust blower motor smoking; winding insulation failed completely.,electrical_fault,exhaust blower motor smoking winding insulation failed completely,2
"Main air compressor oil temp gauge pegged high, thermal imaging shows actual temp is normal, replace RTD probe",sensor_malfunction,main air compressor oil temp gauge pegged high thermal imaging shows actual temp is normal replace rtd probe,5
Heavy scale build-up inside plate heat exchanger channels restricting flow and dropping differential pressure across unit.,corrosion,heavy scale build-up inside plate heat exchanger channels restricting flow and dropping differential pressure across unit,1
Cooling tower fan gearbox oil temp gauge pegged in the red zone.,overheating,cooling tower fan gearbox oil temp gauge pegged in the red zone,4
"Infeed conveyor tail pulley bearing making grinding noise, inspect ASAP.",bearing_failure,infeed conveyor tail pulley bearing making grinding noise inspect asap,0
Roller press drive side spherical roller bearing showing micro-spalling on outer ring.,bearing_failure,roller press drive side spherical roller bearing showing micro-spalling on outer ring,0
"Rotary screw compressor drive motor winding shorted out, safety breaker blown.",electrical_fault,rotary screw compressor drive motor winding shorted out safety breaker blown,2
Pneumatic actuator rod bushing has excessive play causing side-load wear on the shaft.,wear_and_tear,pneumatic actuator rod bushing has excessive play causing side-load wear on the shaft,7
"Inlet pressure transmitter PT-102 reading zero output to PLC, loop power confirmed good.",sensor_malfunction,inlet pressure transmitter pt-102 reading zero output to plc loop power confirmed good,5
"Cooling tower fan 1 vibration spike detected by accelerometer, inspect mounting stud and cable.",sensor_malfunction,cooling tower fan 1 vibration spike detected by accelerometer inspect mounting stud and cable,5
"Severe pitting on the impeller blades of cooling tower pump B, resulting in reduced discharge pressure.",corrosion,severe pitting on the impeller blades of cooling tower pump b resulting in reduced discharge pressure,1
Line 2 conveyor drive gearbox smoking and emitting a burning gear oil smell under normal load.,overheating,line 2 conveyor drive gearbox smoking and emitting a burning gear oil smell under normal load,4
"Insulation degradation on crane hoist motor brake coil, causing intermittent failure to release.",electrical_fault,insulation degradation on crane hoist motor brake coil causing intermittent failure to release,2
"Hydraulic power unit #2 fluid temp spiked to 160°F, heat exchanger fan not kicking on.",overheating,hydraulic power unit 2 fluid temp spiked to 160 f heat exchanger fan not kicking on,4
Cooling tower fan 1 vibration trip ignored by PLC due to misconfigured interlock bit.,software_control_fault,cooling tower fan 1 vibration trip ignored by plc due to misconfigured interlock bit,6
Hydraulic power unit electric motor rear bearing smoking; secured unit immediately for safety.,bearing_failure,hydraulic power unit electric motor rear bearing smoking secured unit immediately for safety,0
"Firmware crash on mixing tank 1 controller after routine parameter update, manual override engaged.",software_control_fault,firmware crash on mixing tank 1 controller after routine parameter update manual override engaged,6
Boiler feed pump motor thermal overload tripped twice this shift.,overheating,boiler feed pump motor thermal overload tripped twice this shift,4
Pinhole leak spraying synthetic fluid onto exhaust guard of diesel power pack.,hydraulic_leak,pinhole leak spraying synthetic fluid onto exhaust guard of diesel power pack,3
"Rotary kiln drive trunnion bearing operating above normal temp thresholds, applied emergency lube with minimal drop.",bearing_failure,rotary kiln drive trunnion bearing operating above normal temp thresholds applied emergency lube with minimal drop,0
Sortation conveyor photo-eye input stuck high in logic despite physical beam being clear.,software_control_fault,sortation conveyor photo-eye input stuck high in logic despite physical beam being clear,6
"Hydraulic unit oil level float switch stuck, giving persistent low-level alarm on clean tank.",sensor_malfunction,hydraulic unit oil level float switch stuck giving persistent low-level alarm on clean tank,5
"PT-102 discharge temp sensor reading high erratic, flashing fault on HMI.",sensor_malfunction,pt-102 discharge temp sensor reading high erratic flashing fault on hmi,5
Washdown pump wet-end sleeve bearing seized due to water ingress.,bearing_failure,washdown pump wet-end sleeve bearing seized due to water ingress,0
Industrial washer spray header swivel joints leaking due to worn O-rings.,wear_and_tear,industrial washer spray header swivel joints leaking due to worn o-rings,7
Palletizer robot stalled mid-cycle after corrupt motion profile packet received.,software_control_fault,palletizer robot stalled mid-cycle after corrupt motion profile packet received,6
Main breaker for packaging line tripped on fault; found burnt wiring inside junction box.,electrical_fault,main breaker for packaging line tripped on fault found burnt wiring inside junction box,2
Seep at manifold block port B-2 on conveyor #6 belt lift mechanism.,hydraulic_leak,seep at manifold block port b-2 on conveyor 6 belt lift mechanism,3
Intermittent data packet loss between PLC rack 1 and remote I/O drop 3.,software_control_fault,intermittent data packet loss between plc rack 1 and remote i o drop 3,6
Loose bulkhead fitting letting hydraulic oil bypass on the parts washing conveyor.,hydraulic_leak,loose bulkhead fitting letting hydraulic oil bypass on the parts washing conveyor,3
"Flange bolts on primary cooling water return valve heavily oxidized and seized, requires cutting torch for removal.",corrosion,flange bolts on primary cooling water return valve heavily oxidized and seized requires cutting torch for removal,1
Intermittent ground fault on Packager 4 variable frequency drive; suspect degraded shielding on motor cable.,electrical_fault,intermittent ground fault on packager 4 variable frequency drive suspect degraded shielding on motor cable,2
"Slitter rewind motor overheating intermittently, cooling fins caked in paper dust and adhesive.",overheating,slitter rewind motor overheating intermittently cooling fins caked in paper dust and adhesive,4
"Pin-hole leak on pressure gauge line at 3000 psi manifold, shutting down line.",hydraulic_leak,pin-hole leak on pressure gauge line at 3000 psi manifold shutting down line,3
Main breaker for air compressor #4 tripped due to ground fault on intake heater circuit.,electrical_fault,main breaker for air compressor 4 tripped due to ground fault on intake heater circuit,2
"Vacuum pump vane slots worn, losing ultimate vacuum pressure.",wear_and_tear,vacuum pump vane slots worn losing ultimate vacuum pressure,7
"Centrifuge 1 vibration pickup loose on bearing housing, generating false high-vib alarms.",sensor_malfunction,centrifuge 1 vibration pickup loose on bearing housing generating false high-vib alarms,5
Emergency generator cooling fan motor bearing seized during test run,bearing_failure,emergency generator cooling fan motor bearing seized during test run,0
"Main line conveyor motor hot to touch, thermal overload relay needs replacement.",overheating,main line conveyor motor hot to touch thermal overload relay needs replacement,4
"Booster pump feed cable insulation chafed against conduit edge, causing intermittent ground fault.",electrical_fault,booster pump feed cable insulation chafed against conduit edge causing intermittent ground fault,2
Cracked banjo bolt on brake caliper hydraulic line leaking fluid and reducing pressure.,hydraulic_leak,cracked banjo bolt on brake caliper hydraulic line leaking fluid and reducing pressure,3
"Exhaust fan motor housing running hot to touch, approx 85C at bearings.",overheating,exhaust fan motor housing running hot to touch approx 85c at bearings,4
"Screw compressor inlet valve Teflon seat chewed up, failing to seal off.",wear_and_tear,screw compressor inlet valve teflon seat chewed up failing to seal off,7
Conveyor 5 VFD throwing fault code F012 due to corrupted speed reference register in control logic.,software_control_fault,conveyor 5 vfd throwing fault code f012 due to corrupted speed reference register in control logic,6
"Submersible sump pump stator winding insulation degraded from running dry, thermal cut-out tripped.",overheating,submersible sump pump stator winding insulation degraded from running dry thermal cut-out tripped,4
"Main line butterfly valve seat degraded, allowing bypass leakage when fully closed.",wear_and_tear,main line butterfly valve seat degraded allowing bypass leakage when fully closed,7
"Pneumatic valve 104 positioner feedback pot worn out, hunting continuously between 0 and 100%.",sensor_malfunction,pneumatic valve 104 positioner feedback pot worn out hunting continuously between 0 and 100,5
"TE-55 extrusion barrel zone 3 thermocouple snapped inside thermowell, heater band running red hot.",sensor_malfunction,te-55 extrusion barrel zone 3 thermocouple snapped inside thermowell heater band running red hot,5
Heavy rust scale on Gearbox GB-08 casing; oil sight glass obscured and breather vent completely plugged.,corrosion,heavy rust scale on gearbox gb-08 casing oil sight glass obscured and breather vent completely plugged,1
"Batch mixer PLC ladder logic scan time exceeded threshold, causing safety interlock timeout.",software_control_fault,batch mixer plc ladder logic scan time exceeded threshold causing safety interlock timeout,6
"Rotary kiln drive motor cooling fan disconnected, motor casing overheating rapidly.",overheating,rotary kiln drive motor cooling fan disconnected motor casing overheating rapidly,4
Extruder barrel pressure sensor output frozen at max scale.,sensor_malfunction,extruder barrel pressure sensor output frozen at max scale,5
"Blown high-pressure hose on bucket tilt circuit of wheel loader, zero pressure holding.",hydraulic_leak,blown high-pressure hose on bucket tilt circuit of wheel loader zero pressure holding,3
HVAC air handler 3 damper actuator hunting endlessly due to unstable control loop tuning in PLC.,software_control_fault,hvac air handler 3 damper actuator hunting endlessly due to unstable control loop tuning in plc,6
Boiler 2 feedwater valve actuator position feedback erratic on HMI graphic.,software_control_fault,boiler 2 feedwater valve actuator position feedback erratic on hmi graphic,6
"Hydraulic power unit cooling fan bearing seized, causing thermal trip on main motor.",bearing_failure,hydraulic power unit cooling fan bearing seized causing thermal trip on main motor,0
"Sludge pump motor tripped thermal overload twice today, high megger readings indicate failing insulation on phase A.",electrical_fault,sludge pump motor tripped thermal overload twice today high megger readings indicate failing insulation on phase a,2
"Sifter deck eccentric shaft bearing overheating and seizing up, shutting down line 4.",bearing_failure,sifter deck eccentric shaft bearing overheating and seizing up shutting down line 4,0
Submersible sump pump thermal overload tripped; motor housing coated in sludge.,overheating,submersible sump pump thermal overload tripped motor housing coated in sludge,4
Exhaust fan #3 motor bearing making high-pitched squealing noise at startup.,bearing_failure,exhaust fan 3 motor bearing making high-pitched squealing noise at startup,0
Rotary indexer stepper motor controller firmware locked up on error state 9.,software_control_fault,rotary indexer stepper motor controller firmware locked up on error state 9,6
Chiller unit 4 safety interlock relay stuck open in software logic tree.,software_control_fault,chiller unit 4 safety interlock relay stuck open in software logic tree,6
"Paint booth air intake differential pressure sensor failed, ventilation interlock engaged.",sensor_malfunction,paint booth air intake differential pressure sensor failed ventilation interlock engaged,5
Motor inboard bearing making a loud screeching noise during startup on exhaust fan 3.,bearing_failure,motor inboard bearing making a loud screeching noise during startup on exhaust fan 3,0
"Wastewater scum pump drive end bearing seized, motor thermal tripped.",bearing_failure,wastewater scum pump drive end bearing seized motor thermal tripped,0
Air compressor 3 intercooler temp probe intermittent open circuit alarm.,sensor_malfunction,air compressor 3 intercooler temp probe intermittent open circuit alarm,5
"Chilled water circulation pump seal flush line restricted, stuffing box running hot.",overheating,chilled water circulation pump seal flush line restricted stuffing box running hot,4
"Cooling tower fan gearbox output shaft seal failed, letting oil contaminate the cooling deck.",wear_and_tear,cooling tower fan gearbox output shaft seal failed letting oil contaminate the cooling deck,7
Weeping seal on hydraulic drive motor for conveyor belt B-4.,hydraulic_leak,weeping seal on hydraulic drive motor for conveyor belt b-4,3
"Vibration spike on motor 4 outboard bearing, check accelerometer mount.",sensor_malfunction,vibration spike on motor 4 outboard bearing check accelerometer mount,5
Galvanic reaction causing rapid thread corrosion on copper-to-steel piping adapter at chiller plant.,corrosion,galvanic reaction causing rapid thread corrosion on copper-to-steel piping adapter at chiller plant,1
"Extruder barrel heating zone 4 control logic stuck in manual mode, ignoring auto setpoint.",software_control_fault,extruder barrel heating zone 4 control logic stuck in manual mode ignoring auto setpoint,6
Main boom lift cylinder weeping fluid past the wiper seal during extension.,hydraulic_leak,main boom lift cylinder weeping fluid past the wiper seal during extension,3
"Heavy scale build-up on cooling tower basin drain valve, preventing complete closure.",corrosion,heavy scale build-up on cooling tower basin drain valve preventing complete closure,1
Press ram balance cylinder bottom clevis fitting leaking heavily.,hydraulic_leak,press ram balance cylinder bottom clevis fitting leaking heavily,3
Reactor 1 skin thermocouple snapped off thermowell during high-temp batch.,sensor_malfunction,reactor 1 skin thermocouple snapped off thermowell during high-temp batch,5
Conveyor sortation line control panel feed breaker trips under heavy throughput.,electrical_fault,conveyor sortation line control panel feed breaker trips under heavy throughput,2
"Main drive motor on conveyor 3 running hot at 85C, thermal trip engaged twice today.",overheating,main drive motor on conveyor 3 running hot at 85c thermal trip engaged twice today,4
"Elevator bucket chain elongated beyond tensioner limit, several pins showing deep grooves.",wear_and_tear,elevator bucket chain elongated beyond tensioner limit several pins showing deep grooves,7
"Boiler feedwater pump outboard sleeve bearing temp elevated to 195F, immediate grease added.",bearing_failure,boiler feedwater pump outboard sleeve bearing temp elevated to 195f immediate grease added,0
"Boiler feedwater pump non-drive end bearing hot to the touch at 185F, high vibration alarm active.",bearing_failure,boiler feedwater pump non-drive end bearing hot to the touch at 185f high vibration alarm active,0
Slow leak from proportional valve stack O-rings on brake press #2.,hydraulic_leak,slow leak from proportional valve stack o-rings on brake press 2,3
"Palletizer HMI lost connection with safety PLC zone 3, operator unable to clear jam.",software_control_fault,palletizer hmi lost connection with safety plc zone 3 operator unable to clear jam,6
"Clamp loose on suction strainer housing, drawing air and leaking fluid.",hydraulic_leak,clamp loose on suction strainer housing drawing air and leaking fluid,3
Extruder 2 heater control loop oscillating wildly due to corrupt PID tuning parameters.,software_control_fault,extruder 2 heater control loop oscillating wildly due to corrupt pid tuning parameters,6
"Quick disconnect coupling failing to seat properly, spraying fluid upon tool change.",hydraulic_leak,quick disconnect coupling failing to seat properly spraying fluid upon tool change,3
"Sump pump check valve flapper hinge worn out, failing to seat properly.",wear_and_tear,sump pump check valve flapper hinge worn out failing to seat properly,7
"Centrifuge 2 local control panel lost serial comms with main PLC, throwing error code E-14.",software_control_fault,centrifuge 2 local control panel lost serial comms with main plc throwing error code e-14,6
Stacker crane travel motor bearing failure caused the carriage to bind mid-run.,bearing_failure,stacker crane travel motor bearing failure caused the carriage to bind mid-run,0
Extruder gear reducer lube oil temp alarm active; cooling water valve was closed.,overheating,extruder gear reducer lube oil temp alarm active cooling water valve was closed,4
"Pinhole leak on main pressure hose feeding lift cylinder #3, pooling fluid on floor.",hydraulic_leak,pinhole leak on main pressure hose feeding lift cylinder 3 pooling fluid on floor,3
"Hydraulic reservoir on press line 4 running hot, thermal valve stuck closed.",overheating,hydraulic reservoir on press line 4 running hot thermal valve stuck closed,4
"Hydraulic oil weeping past rod seal on lift cylinder #4, need seal kit replacement.",hydraulic_leak,hydraulic oil weeping past rod seal on lift cylinder 4 need seal kit replacement,3
"Watchdog timer faulted on primary PLC rack, bringing down mixing line 1.",software_control_fault,watchdog timer faulted on primary plc rack bringing down mixing line 1,6
Corrosion on underground fuel line cathodic protection test station wires.,corrosion,corrosion on underground fuel line cathodic protection test station wires,1
"Rotary screw compressor airend bearing seized, unit tripped on high discharge temp.",bearing_failure,rotary screw compressor airend bearing seized unit tripped on high discharge temp,0
Pitting corrosion noted on the stainless steel impeller blades of Centrifugal Pump P-105 during routine overhaul.,corrosion,pitting corrosion noted on the stainless steel impeller blades of centrifugal pump p-105 during routine overhaul,1
"Palletizer wrapper tension arm potentiometer worn out, film breaking frequently.",sensor_malfunction,palletizer wrapper tension arm potentiometer worn out film breaking frequently,5
Boiler feed pump motor failed to start; phase loss relay triggered.,electrical_fault,boiler feed pump motor failed to start phase loss relay triggered,2
"Glycol pump skid PLC reporting internal battery low, risk of program loss.",software_control_fault,glycol pump skid plc reporting internal battery low risk of program loss,6
"HMI login database corrupted on batching plant station 2, operators locked out of controls.",software_control_fault,hmi login database corrupted on batching plant station 2 operators locked out of controls,6
"Boiler 1 burner management system PLC threw a safety watchdog fault, tripping the unit.",software_control_fault,boiler 1 burner management system plc threw a safety watchdog fault tripping the unit,6
"Hydraulic press pressure sensor calibration off by 200 bar, part rejection high.",sensor_malfunction,hydraulic press pressure sensor calibration off by 200 bar part rejection high,5
"Raw water intake flow meter magnetic pickup loose, erratic 4-20mA signal.",sensor_malfunction,raw water intake flow meter magnetic pickup loose erratic 4-20ma signal,5
Heavy oxidation on terminal strip inside outdoor junction box JB-14 causing intermittent sensor dropouts.,corrosion,heavy oxidation on terminal strip inside outdoor junction box jb-14 causing intermittent sensor dropouts,1
Main hydraulic pump suction line fitting leaking fluid onto containment pan.,hydraulic_leak,main hydraulic pump suction line fitting leaking fluid onto containment pan,3
Severe rust pitting on the exterior casing of Boiler Feed Pump #2 near the discharge flange.,corrosion,severe rust pitting on the exterior casing of boiler feed pump 2 near the discharge flange,1
"Rotary airlock valve motor bearing seized, shearing drive pin.",bearing_failure,rotary airlock valve motor bearing seized shearing drive pin,0
Coolant pump #4 thrust bearing spalling and metal debris found in magnetic oil plug.,bearing_failure,coolant pump 4 thrust bearing spalling and metal debris found in magnetic oil plug,0
"Main feed conveyor motor windings grounded out, requiring immediate rewind.",electrical_fault,main feed conveyor motor windings grounded out requiring immediate rewind,2
Conveyor 4 diverter gate failed to actuate due to a corrupted control logic step in the PLC.,software_control_fault,conveyor 4 diverter gate failed to actuate due to a corrupted control logic step in the plc,6
High pressure wash pump thermal relief valve dumping hot water continuously.,overheating,high pressure wash pump thermal relief valve dumping hot water continuously,4
"Chiller #3 outlet temp sensor failed high, locking out compressor on safety circuit.",sensor_malfunction,chiller 3 outlet temp sensor failed high locking out compressor on safety circuit,5
Metering pump dosing rate fluctuating wildly due to PID gain corruption in PLC.,software_control_fault,metering pump dosing rate fluctuating wildly due to pid gain corruption in plc,6
"Line 1 bottle filler stepper motor sync lost, PLC axis fault active.",software_control_fault,line 1 bottle filler stepper motor sync lost plc axis fault active,6
"Hydraulic press main cylinder LVDT feedback erratic, causing positioning errors during press cycle.",sensor_malfunction,hydraulic press main cylinder lvdt feedback erratic causing positioning errors during press cycle,5
Minor leak at the quick-disconnect coupling on portable hydraulic power pack.,hydraulic_leak,minor leak at the quick-disconnect coupling on portable hydraulic power pack,3
"Pin-hole leak on pilot line for main relief valve, low system pressure.",hydraulic_leak,pin-hole leak on pilot line for main relief valve low system pressure,3
"Stoker grate drive shear pin bushing wallowed out, jerky feed motion.",wear_and_tear,stoker grate drive shear pin bushing wallowed out jerky feed motion,7
Internal corrosion and thinning detected via UT testing on condensate storage tank nozzle N2.,corrosion,internal corrosion and thinning detected via ut testing on condensate storage tank nozzle n2,1
"Severe scale formation inside the tube bundle of heat exchanger HE-03, reducing thermal transfer efficiency by 35 percent.",corrosion,severe scale formation inside the tube bundle of heat exchanger he-03 reducing thermal transfer efficiency by 35 percent,1
Cracked hydraulic hose near the manifold block on press brake 4.,hydraulic_leak,cracked hydraulic hose near the manifold block on press brake 4,3
"Extruder barrel zone 4 heater band stuck on, thermal limit switch tripped.",overheating,extruder barrel zone 4 heater band stuck on thermal limit switch tripped,4
"Conveyor drive motor thermal overload relay popped twice this shift, ambient temp in tunnel is 45C.",overheating,conveyor drive motor thermal overload relay popped twice this shift ambient temp in tunnel is 45c,4
"Palletizer lift cylinder rod guide bushing loose, mast racking during vertical travel.",wear_and_tear,palletizer lift cylinder rod guide bushing loose mast racking during vertical travel,7
"SCADA alarm server lost connection to node 4, missing high-temp warnings on reactor 2.",software_control_fault,scada alarm server lost connection to node 4 missing high-temp warnings on reactor 2,6
"Air handler supply fan belt slipping, pulley friction causing high shaft temp.",overheating,air handler supply fan belt slipping pulley friction causing high shaft temp,4
"Hydraulic reservoir temp hit 160°F, cooler fan not kicking on at setpoint.",overheating,hydraulic reservoir temp hit 160 f cooler fan not kicking on at setpoint,4
"Proportional valve subplate O-rings extruded, causing severe fluid loss.",hydraulic_leak,proportional valve subplate o-rings extruded causing severe fluid loss,3
"Sorting conveyor merge logic failing to clear package blocks, causing upstream jams.",software_control_fault,sorting conveyor merge logic failing to clear package blocks causing upstream jams,6
Weeping hydraulic fluid around sight glass on reservoir tank #4.,hydraulic_leak,weeping hydraulic fluid around sight glass on reservoir tank 4,3
Rust-locked adjustment bolt on conveyor belt tensioner assembly on line 3; unable to adjust tracking.,corrosion,rust-locked adjustment bolt on conveyor belt tensioner assembly on line 3 unable to adjust tracking,1
"Air compressor cooling fan motor bearing seized, causing unit thermal shutdown.",bearing_failure,air compressor cooling fan motor bearing seized causing unit thermal shutdown,0
"Corrosion pitting on the shaft sleeve of boiler feed pump BFP-01, leading to premature mechanical seal failure.",corrosion,corrosion pitting on the shaft sleeve of boiler feed pump bfp-01 leading to premature mechanical seal failure,1
"RO water skid conductivity sensor recalibration needed, reading off-scale high.",sensor_malfunction,ro water skid conductivity sensor recalibration needed reading off-scale high,5
Mixer agitator gearbox overheating; drained oil and found heavy bronze flakes in the sample.,overheating,mixer agitator gearbox overheating drained oil and found heavy bronze flakes in the sample,4
"Hydraulic press PLC watchdog timer expired, forcing system into safe mode.",software_control_fault,hydraulic press plc watchdog timer expired forcing system into safe mode,6
Cracked weld near the return port on the 200-gallon hydraulic reservoir tank.,hydraulic_leak,cracked weld near the return port on the 200-gallon hydraulic reservoir tank,3
"Elevator bucket belt elongation past max take-up limit, needs shortening.",wear_and_tear,elevator bucket belt elongation past max take-up limit needs shortening,7
Mixer tank 3 agitate timer logic resetting prematurely mid-batch due to bit register overlap.,software_control_fault,mixer tank 3 agitate timer logic resetting prematurely mid-batch due to bit register overlap,6
Pitted valve stem on steam isolation valve #4 packing gland causing steam leak.,corrosion,pitted valve stem on steam isolation valve 4 packing gland causing steam leak,1
"HMI screen on packer #2 lost connection to the primary SCADA server, rebooting terminal resolved issue.",software_control_fault,hmi screen on packer 2 lost connection to the primary scada server rebooting terminal resolved issue,6
Pitting corrosion on stainless steel mixing tank bottom drain valve seat; minor chemical drip noted.,corrosion,pitting corrosion on stainless steel mixing tank bottom drain valve seat minor chemical drip noted,1
"Pneumatic valve actuator O-rings degraded, losing air pressure and failing to seat fully.",wear_and_tear,pneumatic valve actuator o-rings degraded losing air pressure and failing to seat fully,7
Pitted casing on chemical transfer pump 3; patch holding temporarily but needs immediate replacement.,corrosion,pitted casing on chemical transfer pump 3 patch holding temporarily but needs immediate replacement,1
"Main press cylinder upper seal blown, rapid oil loss on closing stroke.",hydraulic_leak,main press cylinder upper seal blown rapid oil loss on closing stroke,3
"Main line conveyor motor cooling fins caked in flour dust, internal temp 88C.",overheating,main line conveyor motor cooling fins caked in flour dust internal temp 88c,4
"Hydraulic press 4 safety interlock relay logic failing to clear, preventing cycle initiation.",software_control_fault,hydraulic press 4 safety interlock relay logic failing to clear preventing cycle initiation,6
"Air compressor intercooler blocked with scale, causing high 3rd stage discharge temps.",overheating,air compressor intercooler blocked with scale causing high 3rd stage discharge temps,4
"Oxidation build-up on limit switch contacts for automated gate valve GV-11, causing intermittent signal loss.",corrosion,oxidation build-up on limit switch contacts for automated gate valve gv-11 causing intermittent signal loss,1
"Packaging line conveyor curve roller bearing seized, stalling box flow.",bearing_failure,packaging line conveyor curve roller bearing seized stalling box flow,0
Cracked sight glass on hydraulic reservoir 1 letting oil wick down the side panel.,hydraulic_leak,cracked sight glass on hydraulic reservoir 1 letting oil wick down the side panel,3
Tripped breaker on 480V bus feed to Assembly Station 6; reset and tagged out.,electrical_fault,tripped breaker on 480v bus feed to assembly station 6 reset and tagged out,2
"Main exhaust fan motor experiencing ground fault, insulation resistance below spec.",electrical_fault,main exhaust fan motor experiencing ground fault insulation resistance below spec,2
"Filter bypass housing gasket failed, spewing oil during morning warm-up.",hydraulic_leak,filter bypass housing gasket failed spewing oil during morning warm-up,3
"Slow drip from directional control valve bank on stamping press #1, clean up and monitor.",hydraulic_leak,slow drip from directional control valve bank on stamping press 1 clean up and monitor,3
Coolant pump motor internal stator winding shorted to frame; replaced pump assembly.,electrical_fault,coolant pump motor internal stator winding shorted to frame replaced pump assembly,2
RO water skid PLC throwing 'Modbus TCP timeout' on UV sterilizer interface.,software_control_fault,ro water skid plc throwing modbus tcp timeout on uv sterilizer interface,6
Pinpoint leak on the pilot line of the overhead crane trolley drive motor.,hydraulic_leak,pinpoint leak on the pilot line of the overhead crane trolley drive motor,3
"Air handling unit fan bearing dry and squealing, needs immediate lubrication and inspection.",bearing_failure,air handling unit fan bearing dry and squealing needs immediate lubrication and inspection,0
Compressor stage 2 intercooler pressure gauge reading 15 psi high compared to local gauge.,sensor_malfunction,compressor stage 2 intercooler pressure gauge reading 15 psi high compared to local gauge,5
Cylinder barrel weld weeping hairline crack on hydraulic press brake ram.,hydraulic_leak,cylinder barrel weld weeping hairline crack on hydraulic press brake ram,3
Submersible sump pump #1 blew ground fault breaker; megger test confirms motor winding insulation failure.,electrical_fault,submersible sump pump 1 blew ground fault breaker megger test confirms motor winding insulation failure,2
Packaging line conveyor gearbox leaking synthetic oil and running hot.,overheating,packaging line conveyor gearbox leaking synthetic oil and running hot,4
"Conveyor 2 drive motor smelling like burnt varnish, winding insulation failure suspected on phase B.",electrical_fault,conveyor 2 drive motor smelling like burnt varnish winding insulation failure suspected on phase b,2
Conveyor belt tail pulley bearing showing severe spalling and metal shavings on the guard.,bearing_failure,conveyor belt tail pulley bearing showing severe spalling and metal shavings on the guard,0
Air compressor air-end intake bearing screaming loudly under full load.,bearing_failure,air compressor air-end intake bearing screaming loudly under full load,0
"Exhaust blower motor bearings dry and smoking, tripped breaker.",overheating,exhaust blower motor bearings dry and smoking tripped breaker,4
"Air dryer 2 dew point sensor reading -100F constantly, needs replacement.",sensor_malfunction,air dryer 2 dew point sensor reading -100f constantly needs replacement,5
SCADA alarm log flooded with false low-pressure warnings from chilled water loop.,software_control_fault,scada alarm log flooded with false low-pressure warnings from chilled water loop,6
"Wiring harness on sorting robot chafed against frame, shorting 24V DC control circuit.",electrical_fault,wiring harness on sorting robot chafed against frame shorting 24v dc control circuit,2
"Rotary airlock rotor tip seals worn, losing differential pressure.",wear_and_tear,rotary airlock rotor tip seals worn losing differential pressure,7
"Paint booth intake fan motor running hot, greased bearings yesterday but still warm.",overheating,paint booth intake fan motor running hot greased bearings yesterday but still warm,4
"Chiller unit 3 SCADA tag mapping corrupted after midnight database sync, manual override active.",software_control_fault,chiller unit 3 scada tag mapping corrupted after midnight database sync manual override active,6
Pinched hose rubbing against structural frame under power unit #1.,hydraulic_leak,pinched hose rubbing against structural frame under power unit 1,3
Chiller unit 1 control loop hunting wildly between 45 and 65 deg F.,software_control_fault,chiller unit 1 control loop hunting wildly between 45 and 65 deg f,6
Boiler 3 modulating burner control loop stuck at 50 percent due to a stuck analog input value in the PLC.,software_control_fault,boiler 3 modulating burner control loop stuck at 50 percent due to a stuck analog input value in the plc,6
Conveyor 5 variable frequency drive throwing a Modbus timeout error.,software_control_fault,conveyor 5 variable frequency drive throwing a modbus timeout error,6
Heavy rust scale on fire water deluge system header pipe near section 4; requires wire brush and coating.,corrosion,heavy rust scale on fire water deluge system header pipe near section 4 requires wire brush and coating,1
Rotary screw compressor main drive motor failed insulation test at 500V; winding breakdown on phase C.,electrical_fault,rotary screw compressor main drive motor failed insulation test at 500v winding breakdown on phase c,2
Boiler feed water pump #1 inboard bearing at 180F; thermal imaging shows friction at the packing gland.,overheating,boiler feed water pump 1 inboard bearing at 180f thermal imaging shows friction at the packing gland,4
Dewatering press dewatering belt is grooved and worn thin in the center track.,wear_and_tear,dewatering press dewatering belt is grooved and worn thin in the center track,7
"Cooling tower fan gearbox oil temp over 85C, thermal breakdown noted in fluid sample.",overheating,cooling tower fan gearbox oil temp over 85c thermal breakdown noted in fluid sample,4
"Packing line 2 proximity sensor loose on bracket, missing bottle counts.",sensor_malfunction,packing line 2 proximity sensor loose on bracket missing bottle counts,5
"Air dryer dew point sensor saturated, needs replacement element.",sensor_malfunction,air dryer dew point sensor saturated needs replacement element,5
Cooling tower makeup water pump motor casing measured at 180F; winding insulation breakdown suspected.,overheating,cooling tower makeup water pump motor casing measured at 180f winding insulation breakdown suspected,4
Weigh scale PLC module faulted out after an electrical surge on the 24V bus.,software_control_fault,weigh scale plc module faulted out after an electrical surge on the 24v bus,6
Bulk hydraulic line chafed through by cable carrier track on gantry robot.,hydraulic_leak,bulk hydraulic line chafed through by cable carrier track on gantry robot,3
"Air compressor stage 2 discharge temp high, intercooler needs descaling.",overheating,air compressor stage 2 discharge temp high intercooler needs descaling,4
"Packaging machine main panel smells like burnt plastic, found loose terminal connection on main breaker.",electrical_fault,packaging machine main panel smells like burnt plastic found loose terminal connection on main breaker,2
Boiler draft fan actuator showing intermittent positioning errors due to chafed control wiring in the hinge.,electrical_fault,boiler draft fan actuator showing intermittent positioning errors due to chafed control wiring in the hinge,2
"Feed pump 3 suction pressure transmitter shows 0 psi, wiring checked OK.",sensor_malfunction,feed pump 3 suction pressure transmitter shows 0 psi wiring checked ok,5
"Main air compressor stage 2 discharge air temp spiked to 240F, suspect failing unloader valve.",overheating,main air compressor stage 2 discharge air temp spiked to 240f suspect failing unloader valve,4
"Blown 5A fuse on Sortation Line PLC input card, replaced fuse and cleared error.",electrical_fault,blown 5a fuse on sortation line plc input card replaced fuse and cleared error,2
"Emergency lighting inverter unit failed transfer test, blown internal DC fuse.",electrical_fault,emergency lighting inverter unit failed transfer test blown internal dc fuse,2
"Firmware crash on packaging line wrapper PLC, required hard power cycle to restore logic.",software_control_fault,firmware crash on packaging line wrapper plc required hard power cycle to restore logic,6
"Screw feeder drive motor thermal relay tripped, gearbox output shaft too hot to touch.",overheating,screw feeder drive motor thermal relay tripped gearbox output shaft too hot to touch,4
Boiler feedwater flow meter outputting zero gpm despite valve being fully open.,sensor_malfunction,boiler feedwater flow meter outputting zero gpm despite valve being fully open,5
"Vibration sensor on exhaust fan motor #2 reporting high frequency spikes, check mounting stud.",sensor_malfunction,vibration sensor on exhaust fan motor 2 reporting high frequency spikes check mounting stud,5
Hydraulic press ram guide bushings are scored and binding near top dead center.,wear_and_tear,hydraulic press ram guide bushings are scored and binding near top dead center,7
Pitting corrosion on the impeller blades of cooling tower pump #2 causing cavitation and vibration.,corrosion,pitting corrosion on the impeller blades of cooling tower pump 2 causing cavitation and vibration,1
Scale build-up on cooling tower basin float valve causing continuous overflow and water waste.,corrosion,scale build-up on cooling tower basin float valve causing continuous overflow and water waste,1
Boiler feed pump outboard bearing high vibration 0.45 ips,bearing_failure,boiler feed pump outboard bearing high vibration 0 45 ips,0
"Aggregator drum trunnion bearing locked up, causing drive belt to shred.",bearing_failure,aggregator drum trunnion bearing locked up causing drive belt to shred,0
"Sifter drive gearbox showing thermal discoloration on housing, oil level was critically low.",overheating,sifter drive gearbox showing thermal discoloration on housing oil level was critically low,4
Pitting corrosion noted on the casing of boiler feed water pump 3 during routine PM inspection.,corrosion,pitting corrosion noted on the casing of boiler feed water pump 3 during routine pm inspection,1
Fire suppression system control panel showing network bus fault on remote smoke detector loop.,software_control_fault,fire suppression system control panel showing network bus fault on remote smoke detector loop,6
Cooling tower pump #2 outboard bearing showing signs of spalling and heavy rumble.,bearing_failure,cooling tower pump 2 outboard bearing showing signs of spalling and heavy rumble,0
Raw material unloader HMI lost connection to the SQL database server for barcode logging.,software_control_fault,raw material unloader hmi lost connection to the sql database server for barcode logging,6
"Pneumatic actuator manifold gaskets brittle and leaking air, holding only 40 psi.",wear_and_tear,pneumatic actuator manifold gaskets brittle and leaking air holding only 40 psi,7
Chiller water loop pump motor drawing high amps and overheating on phase C.,overheating,chiller water loop pump motor drawing high amps and overheating on phase c,4
Conveyor line 3 emergency stop circuit wiring fault causing intermittent machine drops.,electrical_fault,conveyor line 3 emergency stop circuit wiring fault causing intermittent machine drops,2
Cooling tower fan gearbox output seal weeping oil onto the drip pan.,wear_and_tear,cooling tower fan gearbox output seal weeping oil onto the drip pan,7
"Main feed conveyor motor tripped overload relay, reset and checked draw, pulling 12A over FLA.",electrical_fault,main feed conveyor motor tripped overload relay reset and checked draw pulling 12a over fla,2
"Exhaust scrubber draft fan bearing roaring loudly, immediate replacement needed.",bearing_failure,exhaust scrubber draft fan bearing roaring loudly immediate replacement needed,0
AHU supply fan motor running high amps and overheating due to loose belt tension.,overheating,ahu supply fan motor running high amps and overheating due to loose belt tension,4
Blown end-cap seal on hydraulic leveling cylinder of scissor lift.,hydraulic_leak,blown end-cap seal on hydraulic leveling cylinder of scissor lift,3
"Cooling tower fan gearbox input shaft bearing rumbling under load, scheduled for weekend replacement.",bearing_failure,cooling tower fan gearbox input shaft bearing rumbling under load scheduled for weekend replacement,0
"Conveyor drive motor smoking under heavy load, amp draw is 15% above FLA.",overheating,conveyor drive motor smoking under heavy load amp draw is 15 above fla,4
"Slurry line butterfly valve disc edge worn, failing to achieve complete shutoff.",wear_and_tear,slurry line butterfly valve disc edge worn failing to achieve complete shutoff,7
"Discharge pressure transmitter reading 0 psi on Line 3 booster pump, suspect blown fuse or dead 4-20mA loop",sensor_malfunction,discharge pressure transmitter reading 0 psi on line 3 booster pump suspect blown fuse or dead 4-20ma loop,5
"Line 4 palletizer lift cable is frayed near the sheave block, high risk of snap.",wear_and_tear,line 4 palletizer lift cable is frayed near the sheave block high risk of snap,7
"Exhaust scrubber fan motor making humming noise; thermal overload tripped, phase B winding open.",electrical_fault,exhaust scrubber fan motor making humming noise thermal overload tripped phase b winding open,2
Cooling tower fan drive coupling spider insert shredded from fatigue.,wear_and_tear,cooling tower fan drive coupling spider insert shredded from fatigue,7
Air compressor 3 firmware crash caused pressure setpoint to revert to factory defaults.,software_control_fault,air compressor 3 firmware crash caused pressure setpoint to revert to factory defaults,6
"Cooling tower circulation pump motor housing extremely hot, grease purging from seal.",overheating,cooling tower circulation pump motor housing extremely hot grease purging from seal,4
Blower unit motor coupling rubber spider completely disintegrated from fatigue.,wear_and_tear,blower unit motor coupling rubber spider completely disintegrated from fatigue,7
Leaking shaft seal on hydraulic drive motor of automated guided vehicle #2.,hydraulic_leak,leaking shaft seal on hydraulic drive motor of automated guided vehicle 2,3
Main distribution panel bus bar showing signs of thermal stress and discoloration around breaker slot 14.,electrical_fault,main distribution panel bus bar showing signs of thermal stress and discoloration around breaker slot 14,2
"Shaft seal blown on hydraulic vane pump, heavy pooling in the drip pan underneath.",hydraulic_leak,shaft seal blown on hydraulic vane pump heavy pooling in the drip pan underneath,3
Packaging robot PLC program lost retentive data blocks during momentary brownout event.,software_control_fault,packaging robot plc program lost retentive data blocks during momentary brownout event,6
"Severe pitting corrosion observed on 4-inch carbon steel discharge line near flange connection, wall thickness reduced by 40%.",corrosion,severe pitting corrosion observed on 4-inch carbon steel discharge line near flange connection wall thickness reduced by 40,1
"Cooling tower basin level sensor stuck at 100 percent, float switch is waterlogged and needs replacement",sensor_malfunction,cooling tower basin level sensor stuck at 100 percent float switch is waterlogged and needs replacement,5
Overhead crane bridge motor thermal overload tripped after 10 mins of continuous use.,overheating,overhead crane bridge motor thermal overload tripped after 10 mins of continuous use,4
"Gearbox output shaft bearing smoking and running hot, immediate shutdown required.",overheating,gearbox output shaft bearing smoking and running hot immediate shutdown required,4
Mixer agitator shaft bearing loose and vibrating heavily at 1200 RPM.,bearing_failure,mixer agitator shaft bearing loose and vibrating heavily at 1200 rpm,0
"AGV navigation system lost Wi-Fi connection to fleet management SCADA, unit halted mid-path.",software_control_fault,agv navigation system lost wi-fi connection to fleet management scada unit halted mid-path,6
Main intake valve PLC logic executing out of sequence during emergency shutdown.,software_control_fault,main intake valve plc logic executing out of sequence during emergency shutdown,6
"Conveyor 4 HMI screen frozen, touch input unresponsive after power glitch.",software_control_fault,conveyor 4 hmi screen frozen touch input unresponsive after power glitch,6
HVAC air handler controller looping on infinite reboot cycle.,software_control_fault,hvac air handler controller looping on infinite reboot cycle,6
Bleeder valve stripped and leaking hydraulic fluid on indexing table.,hydraulic_leak,bleeder valve stripped and leaking hydraulic fluid on indexing table,3
Overflow of hydraulic reservoir due to aeration and excessive return flow.,hydraulic_leak,overflow of hydraulic reservoir due to aeration and excessive return flow,3
Hydraulic leak bubbling out from under the reservoir tank sight glass on stamping press 12.,hydraulic_leak,hydraulic leak bubbling out from under the reservoir tank sight glass on stamping press 12,3
"Cooling tower circulation pump motor fan shroud dented, restricting airflow and causing high winding temps.",overheating,cooling tower circulation pump motor fan shroud dented restricting airflow and causing high winding temps,4
EtherNet/IP packet loss causing erratic jogging behavior on palletizer axis X.,software_control_fault,ethernet ip packet loss causing erratic jogging behavior on palletizer axis x,6
"Tripped thermal trip on transfer pump #1, motor windings show signs of severe overheating.",electrical_fault,tripped thermal trip on transfer pump 1 motor windings show signs of severe overheating,2
EtherCAT network jitter causing servo amp faults on packaging line 3 robotic arm.,software_control_fault,ethercat network jitter causing servo amp faults on packaging line 3 robotic arm,6
Diesel generator turbocharger bearing whining under high boost.,bearing_failure,diesel generator turbocharger bearing whining under high boost,0
"Centrifugal pump #5 bearing temp RTD shorted to ground, reading -50F on SCADA.",sensor_malfunction,centrifugal pump 5 bearing temp rtd shorted to ground reading -50f on scada,5
"HMI touch panel unresponsive on exhaust fan 6, operator forced to use local manual E-stop.",software_control_fault,hmi touch panel unresponsive on exhaust fan 6 operator forced to use local manual e-stop,6
Hydraulic press main pump casing hot and cavitating badly under load.,overheating,hydraulic press main pump casing hot and cavitating badly under load,4
Pinhole leak on main pressure hose feeding primary stamping press cylinder.,hydraulic_leak,pinhole leak on main pressure hose feeding primary stamping press cylinder,3
Boiler draft fan motor operating at 95C; ambient room temp is also too high.,overheating,boiler draft fan motor operating at 95c ambient room temp is also too high,4
"Ash handling drag chain links are worn at the pivot pins, causing elongation.",wear_and_tear,ash handling drag chain links are worn at the pivot pins causing elongation,7
"Hydraulic power unit pump bearing seizing, burning smell detected in electrical room.",bearing_failure,hydraulic power unit pump bearing seizing burning smell detected in electrical room,0
Robot arm controller memory leak caused gradual slowdown and eventual crash.,software_control_fault,robot arm controller memory leak caused gradual slowdown and eventual crash,6
Hydraulic power pack reservoir oil temp at 170°F; oil cooler fan motor dead.,overheating,hydraulic power pack reservoir oil temp at 170 f oil cooler fan motor dead,4
Corrosion-induced thinning on emergency diesel fuel day tank overflow pipe.,corrosion,corrosion-induced thinning on emergency diesel fuel day tank overflow pipe,1
"Compressor 1 discharge pressure transducer drifting high, recalibration failed.",sensor_malfunction,compressor 1 discharge pressure transducer drifting high recalibration failed,5
"Wastewater lift pump station PLC stuck in local hand mode, SCADA control severed.",software_control_fault,wastewater lift pump station plc stuck in local hand mode scada control severed,6
"Conveyor belt tail pulley bearing seized completely, smoking and tripping the thermal overload.",bearing_failure,conveyor belt tail pulley bearing seized completely smoking and tripping the thermal overload,0
Hydraulic fluid weeping from main feed hose fitting on press line 2.,hydraulic_leak,hydraulic fluid weeping from main feed hose fitting on press line 2,3
"Gearbox breather plugged with rust scale, causing internal pressure and seal blowout.",corrosion,gearbox breather plugged with rust scale causing internal pressure and seal blowout,1
Compressor stage 3 discharge air temp alarm cleared after manual reset.,overheating,compressor stage 3 discharge air temp alarm cleared after manual reset,4
Chiller unit control transformer blew primary fuse during routine startup sequence.,electrical_fault,chiller unit control transformer blew primary fuse during routine startup sequence,2
Cooling tower structural cross-member suffering from advanced red rust and metal loss; critical safety hazard.,corrosion,cooling tower structural cross-member suffering from advanced red rust and metal loss critical safety hazard,1
Pitted valve seat on 6-inch water main isolation valve preventing 100% shutoff.,corrosion,pitted valve seat on 6-inch water main isolation valve preventing 100 shutoff,1
Boiler fuel oil line flange gasket weeping due to age hardening.,wear_and_tear,boiler fuel oil line flange gasket weeping due to age hardening,7
Air handling unit supply fan motor winding failure; high resistance ground on phase A.,electrical_fault,air handling unit supply fan motor winding failure high resistance ground on phase a,2
LT-33 raw water tank ultrasonic level sensor giving intermittent echoes due to foam buildup.,sensor_malfunction,lt-33 raw water tank ultrasonic level sensor giving intermittent echoes due to foam buildup,5
"Boiler blowdown valve seat eroded by high-pressure steam cutting, won't hold tight shutoff.",wear_and_tear,boiler blowdown valve seat eroded by high-pressure steam cutting won t hold tight shutoff,7
"Pinched gasket on inline hydraulic filter housing cover, pooling oil on top of unit.",hydraulic_leak,pinched gasket on inline hydraulic filter housing cover pooling oil on top of unit,3
"Mill main bearing vibration transducer cable severed by rotating guard, splice and protect conduit",sensor_malfunction,mill main bearing vibration transducer cable severed by rotating guard splice and protect conduit,5
Hose rub-through against structural member on reach truck mast.,hydraulic_leak,hose rub-through against structural member on reach truck mast,3
Packer machine 2 PLC memory fault; retried warm boot but program logic corrupted in DB12.,software_control_fault,packer machine 2 plc memory fault retried warm boot but program logic corrupted in db12,6
"Exhaust fan #3 failed to start due to blown control circuit fuse, replaced 5A slow-blow fuse and verified operation.",electrical_fault,exhaust fan 3 failed to start due to blown control circuit fuse replaced 5a slow-blow fuse and verified operation,2
"Main exhaust fan motor bearing smoking and throwing grease, immediate shutdown required.",overheating,main exhaust fan motor bearing smoking and throwing grease immediate shutdown required,4
"Resin press #1 main cylinder gland seal blown out, urgent leak causing pressure drop.",hydraulic_leak,resin press 1 main cylinder gland seal blown out urgent leak causing pressure drop,3
Hydraulic power unit reservoir top plate heavily rusted with paint bubbling and flaking into breather cap.,corrosion,hydraulic power unit reservoir top plate heavily rusted with paint bubbling and flaking into breather cap,1
Torn hydraulic line jacket with exposed inner wire braid actively weeping fluid near pinch point.,hydraulic_leak,torn hydraulic line jacket with exposed inner wire braid actively weeping fluid near pinch point,3
Pinched seal on hydraulic cylinder causing heavy bypass and external leak.,hydraulic_leak,pinched seal on hydraulic cylinder causing heavy bypass and external leak,3
"Rotary screw compressor oil separator element saturated, discharge air temp 240F.",overheating,rotary screw compressor oil separator element saturated discharge air temp 240f,4
"Main line magnetic flow meter display blank, power verified at 24VDC terminal block.",sensor_malfunction,main line magnetic flow meter display blank power verified at 24vdc terminal block,5
"Hydraulic manifold block too hot to touch on station 6, proportional valve sticking.",overheating,hydraulic manifold block too hot to touch on station 6 proportional valve sticking,4
"Heavy rust pitting on centrifugal pump casing flange, weeping water at 45 PSI operating pressure.",corrosion,heavy rust pitting on centrifugal pump casing flange weeping water at 45 psi operating pressure,1
Conveyor belt drive pulley bearing seized and casing cherry red.,overheating,conveyor belt drive pulley bearing seized and casing cherry red,4
Injection molding clamp motor overheating during fast-cycle runs; cooling loop needs flush.,overheating,injection molding clamp motor overheating during fast-cycle runs cooling loop needs flush,4
Major hydraulic leak from cracked valve body on the material hoist lowering circuit.,hydraulic_leak,major hydraulic leak from cracked valve body on the material hoist lowering circuit,3
Corroded grease fittings on main exhaust fan bearings; unable to connect grease gun for monthly lubrication.,corrosion,corroded grease fittings on main exhaust fan bearings unable to connect grease gun for monthly lubrication,1
"Vacuum pump running at 88C, ambient room temp too high, need ventilation.",overheating,vacuum pump running at 88c ambient room temp too high need ventilation,4
"Boiler igniter transformer shorted out, blew primary control fuse and scorched terminal block.",electrical_fault,boiler igniter transformer shorted out blew primary control fuse and scorched terminal block,2
"Package handling conveyor roller bearing locked up, shredding the underside of the rubber belt.",bearing_failure,package handling conveyor roller bearing locked up shredding the underside of the rubber belt,0
"Vibration sensor on main exhaust fan #2 dropped offline, flashing fault LED on monitor module.",sensor_malfunction,vibration sensor on main exhaust fan 2 dropped offline flashing fault led on monitor module,5
"Stacker crane hoist motor brake rectifier failed, preventing brake release and tripping VFD overcurrent fault.",electrical_fault,stacker crane hoist motor brake rectifier failed preventing brake release and tripping vfd overcurrent fault,2
"Banjo bolt sheared off on the proportional valve block, total loss of system pressure.",hydraulic_leak,banjo bolt sheared off on the proportional valve block total loss of system pressure,3
Conveyor 4 control logic faulted due to a watchdog timer expiration on the main CPU.,software_control_fault,conveyor 4 control logic faulted due to a watchdog timer expiration on the main cpu,6
"Pitting corrosion evident on steam trap body threads, leaking high-pressure condensate.",corrosion,pitting corrosion evident on steam trap body threads leaking high-pressure condensate,1
Modbus TCP connection dropped between packing line PLC and warehouse WMS.,software_control_fault,modbus tcp connection dropped between packing line plc and warehouse wms,6
"Screw conveyor flighting is worn thin at the discharge end, reducing output.",wear_and_tear,screw conveyor flighting is worn thin at the discharge end reducing output,7
Structural support legs of ammonia refrigeration condenser severely rusted at concrete interface.,corrosion,structural support legs of ammonia refrigeration condenser severely rusted at concrete interface,1
Main reservoir drain valve slowly dripping hydraulic oil onto containment pad.,hydraulic_leak,main reservoir drain valve slowly dripping hydraulic oil onto containment pad,3
"Ammonia refrigeration piping insulation soaked with moisture, resulting in severe external pipe scaling.",corrosion,ammonia refrigeration piping insulation soaked with moisture resulting in severe external pipe scaling,1
"Air intake DP transmitter tubing plugged with condensation, clear lines and re-zero.",sensor_malfunction,air intake dp transmitter tubing plugged with condensation clear lines and re-zero,5
"Sifter screen frame perimeter gasket flattened and torn, causing product dusting.",wear_and_tear,sifter screen frame perimeter gasket flattened and torn causing product dusting,7
Chilled water pump #4 drive throwing ground fault alarm; megger test showed zero resistance on phase A winding.,electrical_fault,chilled water pump 4 drive throwing ground fault alarm megger test showed zero resistance on phase a winding,2
Chiller water pump coupling spider rubber inserts crumbled to powder.,wear_and_tear,chiller water pump coupling spider rubber inserts crumbled to powder,7
"Corrosion bridging the clearance gap between the motor fan guard and housing, causing scraping noise.",corrosion,corrosion bridging the clearance gap between the motor fan guard and housing causing scraping noise,1
"Emergency generator radiator core plugged with bugs, high coolant temp warning.",overheating,emergency generator radiator core plugged with bugs high coolant temp warning,4
Limit switch wiring severed on pneumatic valve station 6 by moving bracket.,electrical_fault,limit switch wiring severed on pneumatic valve station 6 by moving bracket,2
"Tripped breaker on 24V DC power supply for conveyor sorting gates, traced to chaffed wire.",electrical_fault,tripped breaker on 24v dc power supply for conveyor sorting gates traced to chaffed wire,2
"Elevator door guide blocks worn out, causing scraping noise.",wear_and_tear,elevator door guide blocks worn out causing scraping noise,7
"Palletizer index motor brake dragging, causing severe thermal buildup in the hub.",overheating,palletizer index motor brake dragging causing severe thermal buildup in the hub,4
Exhaust fan #5 motor housing heavily rusted with flaking paint; vibration isolator bolts seized.,corrosion,exhaust fan 5 motor housing heavily rusted with flaking paint vibration isolator bolts seized,1
Flange bolts on fuel oil transfer line heavily corroded; unable to apply proper torque during reassembly.,corrosion,flange bolts on fuel oil transfer line heavily corroded unable to apply proper torque during reassembly,1
"Hydraulic power pack reservoir at 145F, proportional valve erratic.",overheating,hydraulic power pack reservoir at 145f proportional valve erratic,4
"Compressor stage 2 intercooler pressure sensor reading high, verify with mechanical gauge.",sensor_malfunction,compressor stage 2 intercooler pressure sensor reading high verify with mechanical gauge,5
"Air compressor dew point sensor showing saturated reading, purge sample lines and dry filter",sensor_malfunction,air compressor dew point sensor showing saturated reading purge sample lines and dry filter,5
Corrosion build-up locking manual isolation valve in the open position; cannot actuate for scheduled PM.,corrosion,corrosion build-up locking manual isolation valve in the open position cannot actuate for scheduled pm,1
"Corrosion products flaking off the interior walls of Air Receiver Tank TK-01, clogging downstream desiccant filters.",corrosion,corrosion products flaking off the interior walls of air receiver tank tk-01 clogging downstream desiccant filters,1
"Pasteurizer holding tube RTD sensor loose in thermowell, slow response time.",sensor_malfunction,pasteurizer holding tube rtd sensor loose in thermowell slow response time,5
"Process pump #1 sleeve bearing wiped out, heavy scoring visible on the pump shaft journal.",bearing_failure,process pump 1 sleeve bearing wiped out heavy scoring visible on the pump shaft journal,0
"VAV box 14 actuator motor blew internal fuse, wiring harness pinched in housing.",electrical_fault,vav box 14 actuator motor blew internal fuse wiring harness pinched in housing,2
"Cooling tower fan motor failed megger test, severe insulation breakdown on winding.",electrical_fault,cooling tower fan motor failed megger test severe insulation breakdown on winding,2
"Cooling fan 2 PLC output module fried, manual override also non-functional.",software_control_fault,cooling fan 2 plc output module fried manual override also non-functional,6
Cracked plastic reservoir drain plug slowly bleeding fluid onto containment berm.,hydraulic_leak,cracked plastic reservoir drain plug slowly bleeding fluid onto containment berm,3
"Agitator tank shaft bearing seized up, shear pin snapped on drive coupling.",bearing_failure,agitator tank shaft bearing seized up shear pin snapped on drive coupling,0
"Clinker cooler drive gearbox oil cooler fouled, high temp alarm active.",overheating,clinker cooler drive gearbox oil cooler fouled high temp alarm active,4
Rotary kiln girth gear teeth are showing uneven wear patterns on the drive side.,wear_and_tear,rotary kiln girth gear teeth are showing uneven wear patterns on the drive side,7
Hydraulic steering pump overheating due to internal bypass valve stuck open.,overheating,hydraulic steering pump overheating due to internal bypass valve stuck open,4
HVAC supply air unit fan bearing failure causing severe duct vibration,bearing_failure,hvac supply air unit fan bearing failure causing severe duct vibration,0
Pin-hole leak on steel brake line of overhead crane trolley drive.,hydraulic_leak,pin-hole leak on steel brake line of overhead crane trolley drive,3
"Vibration sensor on Motor M-402 lost signal, amber fault light active on vibration rack.",sensor_malfunction,vibration sensor on motor m-402 lost signal amber fault light active on vibration rack,5
Cooling tower fan gearbox input shaft seal leaking oil onto deck below.,wear_and_tear,cooling tower fan gearbox input shaft seal leaking oil onto deck below,7
Air compressor oil separator element collapsed internally due to differential pressure fatigue.,wear_and_tear,air compressor oil separator element collapsed internally due to differential pressure fatigue,7
Air compressor stage 2 rotor bearing showing elevated temp and metal flakes in oil sample.,bearing_failure,air compressor stage 2 rotor bearing showing elevated temp and metal flakes in oil sample,0
Firmware crash on the stamping press master controller required a complete hard reset and program reload.,software_control_fault,firmware crash on the stamping press master controller required a complete hard reset and program reload,6
Flange gasket blown on main hydraulic pump discharge port.,hydraulic_leak,flange gasket blown on main hydraulic pump discharge port,3
Heavy scaling on internal baffles of blowdown tank restricting routine sludge drainage.,corrosion,heavy scaling on internal baffles of blowdown tank restricting routine sludge drainage,1
"Air handler blower motor belt loose and glazed, slipping on startup.",wear_and_tear,air handler blower motor belt loose and glazed slipping on startup,7
Heavy surface rust on conveyor belt drive roller bearings; squealing noise on start-up.,corrosion,heavy surface rust on conveyor belt drive roller bearings squealing noise on start-up,1
"Baghouse dust collector timer logic stuck, pulse valves staying open.",software_control_fault,baghouse dust collector timer logic stuck pulse valves staying open,6
Flow meter FIT-110 reading low by 30% compared to batch scale.,sensor_malfunction,flow meter fit-110 reading low by 30 compared to batch scale,5
Diesel fire pump engine high coolant temp fault logged on controller panel.,overheating,diesel fire pump engine high coolant temp fault logged on controller panel,4
"TE-71 boiler flue gas oxygen sensor heater failure, reading erroneous high O2.",sensor_malfunction,te-71 boiler flue gas oxygen sensor heater failure reading erroneous high o2,5
"Main hydraulic pump shaft seal blown, heavy pooling underneath skid 3.",hydraulic_leak,main hydraulic pump shaft seal blown heavy pooling underneath skid 3,3
Air compressor stage 2 intercooler pressure sensor drifting high by 15 psi.,sensor_malfunction,air compressor stage 2 intercooler pressure sensor drifting high by 15 psi,5
Asphalt plant cold feed bin conveyor belt skirt rubber worn away.,wear_and_tear,asphalt plant cold feed bin conveyor belt skirt rubber worn away,7
Cracked weld on hydraulic tank return port weeping oil steadily.,hydraulic_leak,cracked weld on hydraulic tank return port weeping oil steadily,3
"Air compressor motor bearing failed, rotor dragging against stator.",bearing_failure,air compressor motor bearing failed rotor dragging against stator,0
"Brake actuator line ruptured, complete loss of pressure in secondary circuit.",hydraulic_leak,brake actuator line ruptured complete loss of pressure in secondary circuit,3
Extruder feed throat cooling jacket scale buildup causing high barrel temp alarms.,overheating,extruder feed throat cooling jacket scale buildup causing high barrel temp alarms,4
Pinhole leak on main pressure supply hose feeding press #3 clamp cylinder.,hydraulic_leak,pinhole leak on main pressure supply hose feeding press 3 clamp cylinder,3
Conveyor belt transfer station emergency stop circuit won't reset; traced to pinched wire under safety gate.,electrical_fault,conveyor belt transfer station emergency stop circuit won t reset traced to pinched wire under safety gate,2
Slow leak from proportional valve spool seal on CNC gantry loader.,hydraulic_leak,slow leak from proportional valve spool seal on cnc gantry loader,3
Rust on limit switch actuator arm preventing proper close signal on automatic isolation valve.,corrosion,rust on limit switch actuator arm preventing proper close signal on automatic isolation valve,1
"Severe rust accumulation on conveyor roller bearings in wet washdown zone, causing 3 rollers to seize.",corrosion,severe rust accumulation on conveyor roller bearings in wet washdown zone causing 3 rollers to seize,1
"Blown fuse on chiller water flow switch circuit, bypassed temporarily until replacement arrives.",electrical_fault,blown fuse on chiller water flow switch circuit bypassed temporarily until replacement arrives,2
Air handler blower bearings are noisy; grease is pushing past the worn seals.,wear_and_tear,air handler blower bearings are noisy grease is pushing past the worn seals,7
Heavy rust scale on diesel fuel storage tank vent pipe and flame arrestor screen.,corrosion,heavy rust scale on diesel fuel storage tank vent pipe and flame arrestor screen,1
"Stoker grate speed encoder dropping pulses, causing speed mismatch alarm.",sensor_malfunction,stoker grate speed encoder dropping pulses causing speed mismatch alarm,5
Severe galvanic reaction between aluminum housing and steel mounting bracket on conveyor sensor #5.,corrosion,severe galvanic reaction between aluminum housing and steel mounting bracket on conveyor sensor 5,1
"Hydraulic clamping cylinder magnetic reed switch broken, position not registering on HMI.",sensor_malfunction,hydraulic clamping cylinder magnetic reed switch broken position not registering on hmi,5
"Chilled water pump coupling spider insert is chewed up, causing shaft misalignment.",wear_and_tear,chilled water pump coupling spider insert is chewed up causing shaft misalignment,7
Cracked welded elbow on return manifold of hydraulic elevator lift.,hydraulic_leak,cracked welded elbow on return manifold of hydraulic elevator lift,3
Cooler core fitting stripped and leaking hydraulic oil into the water loop.,hydraulic_leak,cooler core fitting stripped and leaking hydraulic oil into the water loop,3
Stoker grate links burned and warped from extended thermal cycling.,wear_and_tear,stoker grate links burned and warped from extended thermal cycling,7
"Chiller compressor oil pressure transducer stuck at 0 psi, needs immediate replacement.",sensor_malfunction,chiller compressor oil pressure transducer stuck at 0 psi needs immediate replacement,5
Pitting corrosion observed on the leading edge of ID fan rotor blades; balancing weights loose.,corrosion,pitting corrosion observed on the leading edge of id fan rotor blades balancing weights loose,1
Severe oxidation on electrical enclosure door hinges for MCC-3; doors will not latch properly.,corrosion,severe oxidation on electrical enclosure door hinges for mcc-3 doors will not latch properly,1
"Air compressor 3 local HMI displaying black screen, backlight failure or power issue.",software_control_fault,air compressor 3 local hmi displaying black screen backlight failure or power issue,6
Chilled water circulation pump thrust bearing failure causing rotor displacement and seal leak.,bearing_failure,chilled water circulation pump thrust bearing failure causing rotor displacement and seal leak,0
"Hydraulic press cylinder wiper seal cracked, letting fluid bypass during the return stroke.",wear_and_tear,hydraulic press cylinder wiper seal cracked letting fluid bypass during the return stroke,7
Vacuum pump exhaust air temp exceeds OEM spec by 30 degrees F.,overheating,vacuum pump exhaust air temp exceeds oem spec by 30 degrees f,4
"Emergency shutdown system PLC fault light lit on safety rack 1, requiring manual key reset.",software_control_fault,emergency shutdown system plc fault light lit on safety rack 1 requiring manual key reset,6
"Blown 15A control fuse on conveyor line 3 main panel, replaced and tested OK.",electrical_fault,blown 15a control fuse on conveyor line 3 main panel replaced and tested ok,2
"Cylinder rod seal blown on lift station #4, pooling oil on floor.",hydraulic_leak,cylinder rod seal blown on lift station 4 pooling oil on floor,3
"Loose banjo bolt on brake hydraulic line, causing spongy pedal and minor fluid loss.",hydraulic_leak,loose banjo bolt on brake hydraulic line causing spongy pedal and minor fluid loss,3
Corrosion layer on electrical ground strap for compressor CM-2; cleaned and re-terminated.,corrosion,corrosion layer on electrical ground strap for compressor cm-2 cleaned and re-terminated,1
"Weeping seal on hydraulic actuator for ventilation damper, low priority drip pan in place.",hydraulic_leak,weeping seal on hydraulic actuator for ventilation damper low priority drip pan in place,3
Anchor bolts for compressor skids heavily corroded at concrete interface; torque integrity compromised.,corrosion,anchor bolts for compressor skids heavily corroded at concrete interface torque integrity compromised,1
"ZSH-14 hopper dump gate proximity sensor out of alignment, preventing index cycle.",sensor_malfunction,zsh-14 hopper dump gate proximity sensor out of alignment preventing index cycle,5
Rotary kiln drive trunnion bearing operating above normal thermal baseline.,bearing_failure,rotary kiln drive trunnion bearing operating above normal thermal baseline,0
Severe galvanic reaction between copper tubing and aluminum frame on AHU-3 cooling coil.,corrosion,severe galvanic reaction between copper tubing and aluminum frame on ahu-3 cooling coil,1
Low level alarm triggered; found major split in the return hose on forklift bay 1.,hydraulic_leak,low level alarm triggered found major split in the return hose on forklift bay 1,3
"Centrifuge vibration accelerometer dead channel, card swap required.",sensor_malfunction,centrifuge vibration accelerometer dead channel card swap required,5
Injection molding machine hydraulic manifold block overheating near proportional valve.,overheating,injection molding machine hydraulic manifold block overheating near proportional valve,4
"Hydraulic power unit oil temp sensor intermittent, tripping pump shutdown logic randomly.",sensor_malfunction,hydraulic power unit oil temp sensor intermittent tripping pump shutdown logic randomly,5
Hydraulic leak from the deck lift hinge pin cylinder hose assembly.,hydraulic_leak,hydraulic leak from the deck lift hinge pin cylinder hose assembly,3
Dust collector rotary valve flexible rubber connector dry-rotted and tearing at clamp.,wear_and_tear,dust collector rotary valve flexible rubber connector dry-rotted and tearing at clamp,7
Booster pump motor stalled and tripped thermal overload; insulation breakdown detected on phase C winding.,electrical_fault,booster pump motor stalled and tripped thermal overload insulation breakdown detected on phase c winding,2
"Main line butterfly valve seat worn, passing fluid when closed.",wear_and_tear,main line butterfly valve seat worn passing fluid when closed,7
"Hydraulic oil spraying from pinhole in primary supply line to shear press, system shut down.",hydraulic_leak,hydraulic oil spraying from pinhole in primary supply line to shear press system shut down,3
Cooling tower fan gearbox output bearing spalling observed during oil analysis,bearing_failure,cooling tower fan gearbox output bearing spalling observed during oil analysis,0
"Exhaust fan damper louvers rusted shut in open position, preventing proper building ventilation.",corrosion,exhaust fan damper louvers rusted shut in open position preventing proper building ventilation,1
"Firmware crash on mixing tank VFD, unit needs hard power cycle.",software_control_fault,firmware crash on mixing tank vfd unit needs hard power cycle,6
"Pneumatic valve actuator O-rings degraded, causing air leak and slow cycling time.",wear_and_tear,pneumatic valve actuator o-rings degraded causing air leak and slow cycling time,7
Slewing ring hydraulic motor shaft seal leaking moderately on excavator unit 7.,hydraulic_leak,slewing ring hydraulic motor shaft seal leaking moderately on excavator unit 7,3
Ventilation supply fan motor failed to start; blown primary fuse and heavy corrosion on supply cables.,electrical_fault,ventilation supply fan motor failed to start blown primary fuse and heavy corrosion on supply cables,2
"Cooling tower fan gearbox bearing failure, metal flakes found in oil sample.",bearing_failure,cooling tower fan gearbox bearing failure metal flakes found in oil sample,0
Pitting corrosion visible on the impeller blades of cooling tower water pump #2.,corrosion,pitting corrosion visible on the impeller blades of cooling tower water pump 2,1
"Chilled water pump NDE bearing failed, shaft has noticeable radial play.",bearing_failure,chilled water pump nde bearing failed shaft has noticeable radial play,0
"O-ring failure on filter housing cap, hydraulic fluid pooling on top of power unit 7.",hydraulic_leak,o-ring failure on filter housing cap hydraulic fluid pooling on top of power unit 7,3
"Packaging line conveyor drive bearing seized, motor thermal overload tripped.",bearing_failure,packaging line conveyor drive bearing seized motor thermal overload tripped,0
Hydraulic leak at flange connection on primary press feed pump.,hydraulic_leak,hydraulic leak at flange connection on primary press feed pump,3
Primary cooling water pump outboard sleeve bearing temp elevated to 185F.,bearing_failure,primary cooling water pump outboard sleeve bearing temp elevated to 185f,0
SCADA historian logging intermittent timeout errors from line 1 temperature controller.,software_control_fault,scada historian logging intermittent timeout errors from line 1 temperature controller,6
"Rotary airlock valve drive bearing seized, shearing the shear pin on the drive shaft.",bearing_failure,rotary airlock valve drive bearing seized shearing the shear pin on the drive shaft,0
"Blown ceramic fuses on induction furnace heating element, replaced three units and verified continuity.",electrical_fault,blown ceramic fuses on induction furnace heating element replaced three units and verified continuity,2
"PLC-2 lost comms with SCADA node 4, interlocks dropped out on feed conveyor.",software_control_fault,plc-2 lost comms with scada node 4 interlocks dropped out on feed conveyor,6
Flange face corrosion on block valve HV-204 resulting in a slow weep leak of process water; gaskets and studs need replacement.,corrosion,flange face corrosion on block valve hv-204 resulting in a slow weep leak of process water gaskets and studs need replacement,1
Leaking shaft seal on hydraulic motor driving roller conveyor zone 5.,hydraulic_leak,leaking shaft seal on hydraulic motor driving roller conveyor zone 5,3
"Reservoir drain valve dripping steadily, replaced plug gasket to fix.",hydraulic_leak,reservoir drain valve dripping steadily replaced plug gasket to fix,3
Noticed a slow drip from the proportional valve subplate gaskets on stamping line B.,hydraulic_leak,noticed a slow drip from the proportional valve subplate gaskets on stamping line b,3
"Chiller compressor #4 blown control fuse on starter panel, replaced fuse and traced intermittent short to crankcase heater.",electrical_fault,chiller compressor 4 blown control fuse on starter panel replaced fuse and traced intermittent short to crankcase heater,2
"Conveyor 5 tail pulley sleeve bearing seized completely, belt stalled and smoking.",bearing_failure,conveyor 5 tail pulley sleeve bearing seized completely belt stalled and smoking,0
"RO water skid feed pump tripped thermal overload relay, found loose terminal lug on phase B wire.",electrical_fault,ro water skid feed pump tripped thermal overload relay found loose terminal lug on phase b wire,2
Flange bolts on Steam Header Valve V-203 are heavily rusted and seized; replacement required during next outage.,corrosion,flange bolts on steam header valve v-203 are heavily rusted and seized replacement required during next outage,1
"Turbine generator auxiliary lube oil pump motor bearing failure, switched to backup.",bearing_failure,turbine generator auxiliary lube oil pump motor bearing failure switched to backup,0
Palletizer index motor tripped thermal overload; measured current imbalance across all three phases at 18%.,electrical_fault,palletizer index motor tripped thermal overload measured current imbalance across all three phases at 18,2
Cooling water booster pump outboard bearing squealing intermittently.,bearing_failure,cooling water booster pump outboard bearing squealing intermittently,0
Severe pitting on agitator shaft in mix tank 2; requires weld buildup or replacement.,corrosion,severe pitting on agitator shaft in mix tank 2 requires weld buildup or replacement,1
"HVAC air handler unit unit #4 control transformer primary winding open, zero voltage on secondary 24V side.",electrical_fault,hvac air handler unit unit 4 control transformer primary winding open zero voltage on secondary 24v side,2
Hydraulic press main pump motor failed insulation resistance test on phase A.,electrical_fault,hydraulic press main pump motor failed insulation resistance test on phase a,2
Seep at hydraulic cooler inlet flange on injection molding machine #5.,hydraulic_leak,seep at hydraulic cooler inlet flange on injection molding machine 5,3
"Clinker cooler speed sensor optical pickup dirty, rpm readout flickering.",sensor_malfunction,clinker cooler speed sensor optical pickup dirty rpm readout flickering,5
"Baghouse dust collector pulse timer logic locked up in PLC, solenoids staying energized.",software_control_fault,baghouse dust collector pulse timer logic locked up in plc solenoids staying energized,6
"Conveyor belt transfer station lost power, feed cable severed by sharp bracket edge.",electrical_fault,conveyor belt transfer station lost power feed cable severed by sharp bracket edge,2
Air compressor stage 2 discharge air hitting 220F due to failing aftercooler fan.,overheating,air compressor stage 2 discharge air hitting 220f due to failing aftercooler fan,4
"Hydraulic power unit 4 oil cooler fins plugged with dust, fluid temp hitting 65C.",overheating,hydraulic power unit 4 oil cooler fins plugged with dust fluid temp hitting 65c,4
"Primary hydraulic pump case drain temp sensor shorted, causing spurious high-temp shutdown.",sensor_malfunction,primary hydraulic pump case drain temp sensor shorted causing spurious high-temp shutdown,5
Hydraulic power unit #2 motor clicks on contactor pull-in but won't turn; blown fuse on leg A.,electrical_fault,hydraulic power unit 2 motor clicks on contactor pull-in but won t turn blown fuse on leg a,2
Wastewater lift station pump #1 failed to kick on; thermal overload tripped and reset button jammed.,electrical_fault,wastewater lift station pump 1 failed to kick on thermal overload tripped and reset button jammed,2
"Centrifugal pump #5 mechanical seal flushing line restricted, stuffing box overheating.",overheating,centrifugal pump 5 mechanical seal flushing line restricted stuffing box overheating,4
Erroneous control logic in exhaust fan 2 staging sequence causing short-cycling.,software_control_fault,erroneous control logic in exhaust fan 2 staging sequence causing short-cycling,6
Main air compressor #1 throwing phase imbalance alarm; found loose terminal connection at the main disconnect.,electrical_fault,main air compressor 1 throwing phase imbalance alarm found loose terminal connection at the main disconnect,2
Wastewater lift pump 1 auto-start sequence failing due to bad float switch boolean in PLC.,software_control_fault,wastewater lift pump 1 auto-start sequence failing due to bad float switch boolean in plc,6
Dust collector DP sensor tubing plugged with particulate matter.,sensor_malfunction,dust collector dp sensor tubing plugged with particulate matter,5
Rotary screw air dryer purge valve diaphragm is torn and bleeding air continuously.,wear_and_tear,rotary screw air dryer purge valve diaphragm is torn and bleeding air continuously,7
Hydraulic power unit electric motor rear bearing binding up.,bearing_failure,hydraulic power unit electric motor rear bearing binding up,0
"Packaging line conveyor roller bearing locked, shredding belt",bearing_failure,packaging line conveyor roller bearing locked shredding belt,0
"Boiler exhaust gas O2 sensor failing calibration check, stuck lean.",sensor_malfunction,boiler exhaust gas o2 sensor failing calibration check stuck lean,5
"Conveyor belt drive gearbox smoking, thermal imaging shows housing at 180F.",overheating,conveyor belt drive gearbox smoking thermal imaging shows housing at 180f,4
"Pinholing in high-pressure hose feeding cylinder 4 on stamping press, needs immediate replacement.",hydraulic_leak,pinholing in high-pressure hose feeding cylinder 4 on stamping press needs immediate replacement,3
"Chilled water pump packing gland fully compressed and still leaking, replace packing.",wear_and_tear,chilled water pump packing gland fully compressed and still leaking replace packing,7
"Extruder barrel zone 4 heater band stuck on, localized temp spiked to 450C.",overheating,extruder barrel zone 4 heater band stuck on localized temp spiked to 450c,4
Vibration sensor on main exhaust fan motor losing signal; check wiring harness and junction box.,sensor_malfunction,vibration sensor on main exhaust fan motor losing signal check wiring harness and junction box,5
"PS-91 Lube skid pressure switch welded closed, pump running continuously without fault trip.",sensor_malfunction,ps-91 lube skid pressure switch welded closed pump running continuously without fault trip,5
"Tumbler drum drive trunnion rollers grooved, causing grinding noise in drum housing.",wear_and_tear,tumbler drum drive trunnion rollers grooved causing grinding noise in drum housing,7
"Boiler steam header pressure transducer erratic output causing PID loop hunting, check shielded cable ground",sensor_malfunction,boiler steam header pressure transducer erratic output causing pid loop hunting check shielded cable ground,5
"Exhaust blower pillow block bearing seized solid, drive belt shredded.",bearing_failure,exhaust blower pillow block bearing seized solid drive belt shredded,0
"Mixer tank agitator motor main terminal lug melted off due to loose connection, re-terminated wire.",electrical_fault,mixer tank agitator motor main terminal lug melted off due to loose connection re-terminated wire,2
Sleeve bearing on 100HP motor showing severe scoring on lower half.,bearing_failure,sleeve bearing on 100hp motor showing severe scoring on lower half,0
"Vibration sensor on Motor B showing flatline zero, check wiring harness.",sensor_malfunction,vibration sensor on motor b showing flatline zero check wiring harness,5
"PT-11 vacuum pressure transducer drifting negative, causing automated vacuum packer to fail cycle start.",sensor_malfunction,pt-11 vacuum pressure transducer drifting negative causing automated vacuum packer to fail cycle start,5
Flange gasket failure on acid transfer line due to deep pitting on the mating metal face.,corrosion,flange gasket failure on acid transfer line due to deep pitting on the mating metal face,1
"Pinhole leak on the braided supply hose of conveyor line 3 lift cylinder, fluid pooling on floor.",hydraulic_leak,pinhole leak on the braided supply hose of conveyor line 3 lift cylinder fluid pooling on floor,3
"Boiler induced draft fan motor experienced ground fault trip, stator winding failed megger test completely.",electrical_fault,boiler induced draft fan motor experienced ground fault trip stator winding failed megger test completely,2
Main conveyor feed motor tripped thermal overload repeatedly under standard load.,electrical_fault,main conveyor feed motor tripped thermal overload repeatedly under standard load,2
"Wasterwater aeration blower discharge piping glowing dull red, check valve stuck partially closed.",overheating,wasterwater aeration blower discharge piping glowing dull red check valve stuck partially closed,4
"Main distribution panel feeder breaker trips intermittently, found loose lug connection causing high resistance and heat.",electrical_fault,main distribution panel feeder breaker trips intermittently found loose lug connection causing high resistance and heat,2
Centrifugal pump suction pressure switch chattering on startup.,sensor_malfunction,centrifugal pump suction pressure switch chattering on startup,5
"Rotary screw compressor tripped main breaker, short circuit found in main terminal box.",electrical_fault,rotary screw compressor tripped main breaker short circuit found in main terminal box,2
"Batch mixer paddle blades are worn down on the outer edges, leaving unmixed material.",wear_and_tear,batch mixer paddle blades are worn down on the outer edges leaving unmixed material,7
"Pneumatic valve actuator solenoid body excessively hot, cycling continuously without pause.",overheating,pneumatic valve actuator solenoid body excessively hot cycling continuously without pause,4
"Plant air dryer purge valve seat eroded, continuous pressure bleed.",wear_and_tear,plant air dryer purge valve seat eroded continuous pressure bleed,7
Boiler feed pump #1 inboard bearing operating 40F above normal baseline.,overheating,boiler feed pump 1 inboard bearing operating 40f above normal baseline,4
"Induction heater transformer cooling circuit flow fault, running hot.",overheating,induction heater transformer cooling circuit flow fault running hot,4
Pneumatic actuator butterfly valve on main air header failing to seat fully due to degraded internal O-rings and gasket.,wear_and_tear,pneumatic actuator butterfly valve on main air header failing to seat fully due to degraded internal o-rings and gasket,7
Blowout on hydraulic hose servicing the core pull circuit on mold machine #1.,hydraulic_leak,blowout on hydraulic hose servicing the core pull circuit on mold machine 1,3
HVAC blower motor sleeve bearings making a dry grinding noise at high RPM.,wear_and_tear,hvac blower motor sleeve bearings making a dry grinding noise at high rpm,7
Pneumatic transfer valve manifold lost Profibus communication with main PLC rack.,software_control_fault,pneumatic transfer valve manifold lost profibus communication with main plc rack,6
"Pinhole in flexible rubber return hose near the cooling fan motor, spraying fine mist.",hydraulic_leak,pinhole in flexible rubber return hose near the cooling fan motor spraying fine mist,3
"Conveyor belt tail pulley bearing seized completely, belt stalled.",bearing_failure,conveyor belt tail pulley bearing seized completely belt stalled,0
"Chilled water pump #1 non-drive end bearing housing hot to touch, heavy rumble present.",bearing_failure,chilled water pump 1 non-drive end bearing housing hot to touch heavy rumble present,0
Heavy scale build-up inside steam sterilizer chamber drain lines causing slow cycle discharge.,corrosion,heavy scale build-up inside steam sterilizer chamber drain lines causing slow cycle discharge,1
Vibration probe on main exhaust fan motor reporting intermittent signal dropouts.,sensor_malfunction,vibration probe on main exhaust fan motor reporting intermittent signal dropouts,5
Exhaust stack guy wires rusted down to 50% strand diameter near anchor points; immediate replacement needed.,corrosion,exhaust stack guy wires rusted down to 50 strand diameter near anchor points immediate replacement needed,1
HMI touch panel on boiler feed pump unresponsive to operator input.,software_control_fault,hmi touch panel on boiler feed pump unresponsive to operator input,6
Waste heat recovery system throwing unhandled exception in SCADA script.,software_control_fault,waste heat recovery system throwing unhandled exception in scada script,6
"Conveyor drive pulley bearing seized, motor stalled and tripped breaker.",bearing_failure,conveyor drive pulley bearing seized motor stalled and tripped breaker,0
"Main air compressor oil seal leaking past housing, pooling oil in secondary containment.",wear_and_tear,main air compressor oil seal leaking past housing pooling oil in secondary containment,7
Pitting corrosion on turbine flow meter rotor blades causing erratic pulse output readings.,corrosion,pitting corrosion on turbine flow meter rotor blades causing erratic pulse output readings,1
"Tripped feeder breaker for wastewater lift station, motor windings flooded and shorted.",electrical_fault,tripped feeder breaker for wastewater lift station motor windings flooded and shorted,2
"Rotary kiln drive trunnion bearing operating 40 degrees above normal baseline, apply supplemental cooling.",bearing_failure,rotary kiln drive trunnion bearing operating 40 degrees above normal baseline apply supplemental cooling,0
"Exhaust fan #3 motor is humming and pulling high amps, thermal overload relay keeps tripping after 2 mins.",electrical_fault,exhaust fan 3 motor is humming and pulling high amps thermal overload relay keeps tripping after 2 mins,2
"Return line fitting loose on hydraulic power unit HPU-01, weeping fluid during cycle.",hydraulic_leak,return line fitting loose on hydraulic power unit hpu-01 weeping fluid during cycle,3
"Exhaust blower inboard bearing failure, heavy metal flakes found in grease sample.",bearing_failure,exhaust blower inboard bearing failure heavy metal flakes found in grease sample,0
Mixer 1 batch recipe download failing at step 4 due to a PLC memory limit error.,software_control_fault,mixer 1 batch recipe download failing at step 4 due to a plc memory limit error,6
Weeping fitting at the suction line elbow on the primary hydraulic pump skid.,hydraulic_leak,weeping fitting at the suction line elbow on the primary hydraulic pump skid,3
Surface corrosion on conveyor belt idler rollers causing squealing and belt drag.,corrosion,surface corrosion on conveyor belt idler rollers causing squealing and belt drag,1
Feed conveyor belt showing severe fraying and edge cracking along the 50ft section.,wear_and_tear,feed conveyor belt showing severe fraying and edge cracking along the 50ft section,7
Air handler unit 2 VFD faulting on Modbus RTU communication timeout with master controller.,software_control_fault,air handler unit 2 vfd faulting on modbus rtu communication timeout with master controller,6
Gate valve #14 stem threads stripped out from years of frequent cycling.,wear_and_tear,gate valve 14 stem threads stripped out from years of frequent cycling,7
"Air handling unit supply temp sensor reading ambient instead of duct temp, broken wire at terminal block",sensor_malfunction,air handling unit supply temp sensor reading ambient instead of duct temp broken wire at terminal block,5
"Pinpoint leak spraying atomized fluid near the main pump discharge manifold, fire hazard.",hydraulic_leak,pinpoint leak spraying atomized fluid near the main pump discharge manifold fire hazard,3
"Blown 15A control fuse on exhaust fan 3 starter panel, replaced fuse and tested.",electrical_fault,blown 15a control fuse on exhaust fan 3 starter panel replaced fuse and tested,2
"Primary crusher motor bearing failure, severe rumbling and smoke reported by operator.",bearing_failure,primary crusher motor bearing failure severe rumbling and smoke reported by operator,0
"Chiller unit PLC lost time sync, causing erroneous scheduling and premature startup.",software_control_fault,chiller unit plc lost time sync causing erroneous scheduling and premature startup,6
"Hydraulic lift table pump motor smoking under load, thermal breaker tripped.",overheating,hydraulic lift table pump motor smoking under load thermal breaker tripped,4
"Hydraulic cylinder end cap bolts loose, blowing oil past main barrel O-ring seal.",hydraulic_leak,hydraulic cylinder end cap bolts loose blowing oil past main barrel o-ring seal,3
Air handling unit supply fan motor experienced catastrophic winding failure and ground fault.,electrical_fault,air handling unit supply fan motor experienced catastrophic winding failure and ground fault,2
Heavy rust layer on safety relief valve spring; pop-test failed due to binding in the coils.,corrosion,heavy rust layer on safety relief valve spring pop-test failed due to binding in the coils,1
Stoker boiler grate drive shear pin keeps snapping due to binding in worn slide rails.,wear_and_tear,stoker boiler grate drive shear pin keeps snapping due to binding in worn slide rails,7
"SCADA tag update failure for tank 4 level transmitter, showing stale data.",software_control_fault,scada tag update failure for tank 4 level transmitter showing stale data,6
"High vibration and elevated temp on the blower motor DE bearing, needs replacement ASAP.",bearing_failure,high vibration and elevated temp on the blower motor de bearing needs replacement asap,0
"Chilled water pump #3 auxiliary contact welded shut, keeping run status light illuminated while stopped.",electrical_fault,chilled water pump 3 auxiliary contact welded shut keeping run status light illuminated while stopped,2
Exhaust blower #4 breaker tripping immediately upon manual start command.,electrical_fault,exhaust blower 4 breaker tripping immediately upon manual start command,2
"Inlet pressure transducer on feed pump 3 is throwing a 4-20mA loop fault, showing 0 psi.",sensor_malfunction,inlet pressure transducer on feed pump 3 is throwing a 4-20ma loop fault showing 0 psi,5
Pneumatic transfer blower motor cooling fins packed with dust and overheating.,overheating,pneumatic transfer blower motor cooling fins packed with dust and overheating,4
"Catastrophic hose rupture on boom lift hydraulic circuit, machine tagged out.",hydraulic_leak,catastrophic hose rupture on boom lift hydraulic circuit machine tagged out,3
"Vacuum pump sliding vanes are worn past service limit, pulling low vacuum on line 2.",wear_and_tear,vacuum pump sliding vanes are worn past service limit pulling low vacuum on line 2,7
Vibration sensor on main exhaust fan #2 throwing high-g false alarms; accelerometer cable frayed.,sensor_malfunction,vibration sensor on main exhaust fan 2 throwing high-g false alarms accelerometer cable frayed,5
"Diesel generator radiator core plugged with debris, coolant temp warning light active.",overheating,diesel generator radiator core plugged with debris coolant temp warning light active,4
Centrifuge 1 vibration interlock tripped falsely due to corrupted scaling parameters in PLC.,software_control_fault,centrifuge 1 vibration interlock tripped falsely due to corrupted scaling parameters in plc,6
Extruder gear pump drive motor drawing high amps and overheating on startup.,overheating,extruder gear pump drive motor drawing high amps and overheating on startup,4
Vane pump casing hot to the touch; bypass valve stuck open causing fluid shear and heat buildup.,overheating,vane pump casing hot to the touch bypass valve stuck open causing fluid shear and heat buildup,4
"Air compressor cooling fan bearing screaming at high RPM, needs replacement ASAP.",bearing_failure,air compressor cooling fan bearing screaming at high rpm needs replacement asap,0
"Fitting loose on manifold block, causing steady seep of hydraulic fluid.",hydraulic_leak,fitting loose on manifold block causing steady seep of hydraulic fluid,3
"Pellet mill main drive motor running at 95C, thermal overload set point needs check.",overheating,pellet mill main drive motor running at 95c thermal overload set point needs check,4
"Assembly line 2 photo-eye sensor lost power, found severed wiring harness inside articulated cable track.",electrical_fault,assembly line 2 photo-eye sensor lost power found severed wiring harness inside articulated cable track,2
"Fresh air makeup unit fan bearing vibrating heavily, unit shaking structural steel frame.",bearing_failure,fresh air makeup unit fan bearing vibrating heavily unit shaking structural steel frame,0
"Severe oxidation on electrical enclosure hinge and latch assembly, door hard to secure properly.",corrosion,severe oxidation on electrical enclosure hinge and latch assembly door hard to secure properly,1
"Discharge temp sensor on #3 main air compressor reading erratic, jumping between 120F and 250F.",sensor_malfunction,discharge temp sensor on 3 main air compressor reading erratic jumping between 120f and 250f,5
Refrigeration unit low side pressure transducer leaking and giving false low reading.,sensor_malfunction,refrigeration unit low side pressure transducer leaking and giving false low reading,5
"Incoming power supply to PLC cabinet dropped phase, causing emergency stop across line 2.",electrical_fault,incoming power supply to plc cabinet dropped phase causing emergency stop across line 2,2
"Boiler feedwater pump 2 inboard bearing running at 95C, needs grease urgently.",overheating,boiler feedwater pump 2 inboard bearing running at 95c needs grease urgently,4
"Main plant PLC rack 2 power supply failing internally, dropping discrete input cards intermittently.",software_control_fault,main plant plc rack 2 power supply failing internally dropping discrete input cards intermittently,6
"Exhaust fan motor running hot to the touch, tripping thermal overload after 20 mins of continuous operation.",overheating,exhaust fan motor running hot to the touch tripping thermal overload after 20 mins of continuous operation,4
Infeed conveyor transfer arm cylinder stuck forward because magnetic reed switch signal not updating in PLC.,software_control_fault,infeed conveyor transfer arm cylinder stuck forward because magnetic reed switch signal not updating in plc,6
Wastewater clarifier drive cage bearing seizing under torque,bearing_failure,wastewater clarifier drive cage bearing seizing under torque,0
"Shattered sight glass on reservoir of hydraulic power unit #9, active leak.",hydraulic_leak,shattered sight glass on reservoir of hydraulic power unit 9 active leak,3
"Pneumatic transfer blower motor bearing seized and smoking, breaker tripped instantly.",overheating,pneumatic transfer blower motor bearing seized and smoking breaker tripped instantly,4
"PLC-3 communication lost with main conveyor 4 HMI panel, restarting node fixed temporarily.",software_control_fault,plc-3 communication lost with main conveyor 4 hmi panel restarting node fixed temporarily,6
"Exhaust fan ductwork bottom panel has rusted through, creating a 3-inch hole and air leak.",corrosion,exhaust fan ductwork bottom panel has rusted through creating a 3-inch hole and air leak,1
Air compressor main drive sleeve bearing making low rumbling noise under load.,bearing_failure,air compressor main drive sleeve bearing making low rumbling noise under load,0
Wastewater lift station telemetry unit rebooting continuously from firmware fault.,software_control_fault,wastewater lift station telemetry unit rebooting continuously from firmware fault,6
"Hydraulic unit #4 filter dp switch stuck closed, replacing pressure differential sensor.",sensor_malfunction,hydraulic unit 4 filter dp switch stuck closed replacing pressure differential sensor,5
Boiler 2 flame safeguard PLC locking out burner sequence on spurious low-gas-pressure bit.,software_control_fault,boiler 2 flame safeguard plc locking out burner sequence on spurious low-gas-pressure bit,6
"Line 2 accumulation roller pneumatic proximity sensor misaligned, failing to detect cartons.",sensor_malfunction,line 2 accumulation roller pneumatic proximity sensor misaligned failing to detect cartons,5
Corrosion on electrical ground strap connecting main transformer to earth grid.,corrosion,corrosion on electrical ground strap connecting main transformer to earth grid,1
"Vacuum pump coupling end bearing dry and chattering, lubricate and inspect race condition.",bearing_failure,vacuum pump coupling end bearing dry and chattering lubricate and inspect race condition,0
SCADA alarm storm triggered by false high-level signal on surge tank level transmitter.,software_control_fault,scada alarm storm triggered by false high-level signal on surge tank level transmitter,6
"Exhaust fan #2 V-belts cracked and stretched, slipping under heavy load.",wear_and_tear,exhaust fan 2 v-belts cracked and stretched slipping under heavy load,7
"Crushed crush washer on the main manifold gauge port, fluid weeping under full load.",hydraulic_leak,crushed crush washer on the main manifold gauge port fluid weeping under full load,3
Exhaust fan motor housing covered in surface rust due to chemical exposure.,corrosion,exhaust fan motor housing covered in surface rust due to chemical exposure,1
Clarithrifier sludge blanket level optical sensor lens fouled with biological growth.,sensor_malfunction,clarithrifier sludge blanket level optical sensor lens fouled with biological growth,5
Stoker grate speed pulse pick-up sensor failing to register RPM.,sensor_malfunction,stoker grate speed pulse pick-up sensor failing to register rpm,5
"Boiler induced draft fan damper actuator linkage bearing seized, preventing auto-modulation.",bearing_failure,boiler induced draft fan damper actuator linkage bearing seized preventing auto-modulation,0
"Air compressor intake valve gasket flattened and leaking pressure, needs replacement.",wear_and_tear,air compressor intake valve gasket flattened and leaking pressure needs replacement,7
Pellet mill die rollers showing uneven wear and pitting on working surface.,wear_and_tear,pellet mill die rollers showing uneven wear and pitting on working surface,7
Air compressor discharge temp switch chattering and tripping unit prematurely.,sensor_malfunction,air compressor discharge temp switch chattering and tripping unit prematurely,5
Stacker crane travel motor bearing failure caused catastrophic jamming of the bridge drive.,bearing_failure,stacker crane travel motor bearing failure caused catastrophic jamming of the bridge drive,0
"Vacuum pump vanes worn down, failing to pull required target mmHg.",wear_and_tear,vacuum pump vanes worn down failing to pull required target mmhg,7
"Agitator tank mixing shaft lower sleeve bearing worn out, causing radial play and seal leakage.",bearing_failure,agitator tank mixing shaft lower sleeve bearing worn out causing radial play and seal leakage,0
Fire water deluge system riser showing heavy external corrosion and flaking paint near floor penetration.,corrosion,fire water deluge system riser showing heavy external corrosion and flaking paint near floor penetration,1
"Centrifuge bowl gasket flattened and brittle, leaking process liquid during high-speed spin.",wear_and_tear,centrifuge bowl gasket flattened and brittle leaking process liquid during high-speed spin,7
"Ventilation fan bearing failure, unit locked out for safety.",bearing_failure,ventilation fan bearing failure unit locked out for safety,0
"Packaging line 4 drive chain stretched beyond tensioner limits, links showing heavy side-wear.",wear_and_tear,packaging line 4 drive chain stretched beyond tensioner limits links showing heavy side-wear,7
"Tank 5 level radar losing signal intermittently, calibration required.",sensor_malfunction,tank 5 level radar losing signal intermittently calibration required,5
Main water pump mechanical seal leaking continuously due to carbon face wear.,wear_and_tear,main water pump mechanical seal leaking continuously due to carbon face wear,7
Intermittent communication timeout between safety PLC and stamping press controller.,software_control_fault,intermittent communication timeout between safety plc and stamping press controller,6
Slewing drive hydraulic motor shaft seal leaking moderately into the gearbox housing.,hydraulic_leak,slewing drive hydraulic motor shaft seal leaking moderately into the gearbox housing,3
"Fire pump diesel engine oil temp gauge pegged max, sender shorted to ground.",sensor_malfunction,fire pump diesel engine oil temp gauge pegged max sender shorted to ground,5
"Ruptured pilot line on hydraulic shear, system pressure drops immediately on command.",hydraulic_leak,ruptured pilot line on hydraulic shear system pressure drops immediately on command,3
"Water booster pump starter contactor pitted badly on L2, causing single-phasing and motor chatter.",electrical_fault,water booster pump starter contactor pitted badly on l2 causing single-phasing and motor chatter,2
Palletizer lift mechanism guide roller bearing seized on track.,bearing_failure,palletizer lift mechanism guide roller bearing seized on track,0
"Booster pump #2 non-drive end bearing failure, loud rumbling and heavy radial vibration.",bearing_failure,booster pump 2 non-drive end bearing failure loud rumbling and heavy radial vibration,0
"Main air compressor intake valve gasket is blown out, causing pressure drop.",wear_and_tear,main air compressor intake valve gasket is blown out causing pressure drop,7
"Slurry pump casing worn through at volute cutwater, urgent repair needed.",wear_and_tear,slurry pump casing worn through at volute cutwater urgent repair needed,7
"Conveyor 7 photo-eye logic inverted in PLC, boxes backing up at merge point.",software_control_fault,conveyor 7 photo-eye logic inverted in plc boxes backing up at merge point,6
Ammonia compressor suction pressure transducer calibration is way off.,sensor_malfunction,ammonia compressor suction pressure transducer calibration is way off,5
Hydraulic press controller threw a watchdog timer fault during high-pressure clamping sequence.,software_control_fault,hydraulic press controller threw a watchdog timer fault during high-pressure clamping sequence,6
Batch mixer 2 discharge gate valve opening prematurely due to inverted bit in PLC register.,software_control_fault,batch mixer 2 discharge gate valve opening prematurely due to inverted bit in plc register,6
"Gearbox breather vent corroded solid, leading to internal pressure build-up and shaft seal blowout.",corrosion,gearbox breather vent corroded solid leading to internal pressure build-up and shaft seal blowout,1
Rotary screw compressor thermal bypass valve failed; oil not passing through cooler.,overheating,rotary screw compressor thermal bypass valve failed oil not passing through cooler,4
Cooling tower fan VFD losing speed reference signal from master PLC.,software_control_fault,cooling tower fan vfd losing speed reference signal from master plc,6
"Blown seal on hydraulic gear pump, fluid spraying onto adjacent wiring harness.",hydraulic_leak,blown seal on hydraulic gear pump fluid spraying onto adjacent wiring harness,3
Mixer agitator gearbox input pinion teeth pitted and worn thin.,wear_and_tear,mixer agitator gearbox input pinion teeth pitted and worn thin,7
Cooling tower fan #2 tripped main breaker; insulation test on feed cable failed with reading below 1 megohm.,electrical_fault,cooling tower fan 2 tripped main breaker insulation test on feed cable failed with reading below 1 megohm,2
"Condensate return pump baseplate completely rusted through, causing severe motor vibration and misalignment.",corrosion,condensate return pump baseplate completely rusted through causing severe motor vibration and misalignment,1
Firmware corruption on the main injection valve actuator caused erratic positioning signals.,software_control_fault,firmware corruption on the main injection valve actuator caused erratic positioning signals,6
"Wastewater lift station submersible pump lower bearing failed, high stator winding temps.",bearing_failure,wastewater lift station submersible pump lower bearing failed high stator winding temps,0
Line 4 accumulation table motor PLC logic failing to sequence stop zones properly.,software_control_fault,line 4 accumulation table motor plc logic failing to sequence stop zones properly,6
"Main boiler flame scanner failing to detect burner ignition, clean lens and check sight tube.",sensor_malfunction,main boiler flame scanner failing to detect burner ignition clean lens and check sight tube,5
Conveyor drive pulley sleeve bearing making loud squealing noise under load,bearing_failure,conveyor drive pulley sleeve bearing making loud squealing noise under load,0
"Feed pump mechanical seal leaking approx 15 drops/min, carbon face worn down from continuous duty.",wear_and_tear,feed pump mechanical seal leaking approx 15 drops min carbon face worn down from continuous duty,7
"Conveyor 4 proximity switch failing to detect pallets, alignment looks good.",sensor_malfunction,conveyor 4 proximity switch failing to detect pallets alignment looks good,5
Rod scraper seal blown on the primary dump cylinder of the material handler.,hydraulic_leak,rod scraper seal blown on the primary dump cylinder of the material handler,3
"Hydraulic power unit motor bearing grease purging out past seal, noisy.",bearing_failure,hydraulic power unit motor bearing grease purging out past seal noisy,0
Emergency backup generator alternator bearing showing high frequency vibration.,bearing_failure,emergency backup generator alternator bearing showing high frequency vibration,0
Hydraulic steering unit gear pump whining loudly and casing is hot.,overheating,hydraulic steering unit gear pump whining loudly and casing is hot,4
"Boiler induced draft fan bearing housing smoking and vibrating excessively, shutdown required.",bearing_failure,boiler induced draft fan bearing housing smoking and vibrating excessively shutdown required,0
Elevator lift PLC threw a safety circuit feedback mismatch fault during descent.,software_control_fault,elevator lift plc threw a safety circuit feedback mismatch fault during descent,6
"Line 2 main drive motor tripped on overtemp, cooling fan shroud packed with dust.",overheating,line 2 main drive motor tripped on overtemp cooling fan shroud packed with dust,4
Boiler draft fan shaft coupling spider disintegrated.,wear_and_tear,boiler draft fan shaft coupling spider disintegrated,7
HVAC exhaust damper actuator positioner lost calibration data in EEPROM.,software_control_fault,hvac exhaust damper actuator positioner lost calibration data in eeprom,6
Conveyor line 5 safety circuit open due to intermittent ground fault in emergency stop loop.,electrical_fault,conveyor line 5 safety circuit open due to intermittent ground fault in emergency stop loop,2
Heavy scale build-up inside 4-inch recirculation water pipe restricting flow by approx 40%.,corrosion,heavy scale build-up inside 4-inch recirculation water pipe restricting flow by approx 40,1
"Palletizer lift table optical sensor blocked by dust, clean lens and realign.",sensor_malfunction,palletizer lift table optical sensor blocked by dust clean lens and realign,5
"Rod end seal failing on the dump gate cylinder, pooling oil in the pit.",hydraulic_leak,rod end seal failing on the dump gate cylinder pooling oil in the pit,3
"Cooling fan on main hydraulic press motor is missing shroud fins, causing localized thermal spikes.",overheating,cooling fan on main hydraulic press motor is missing shroud fins causing localized thermal spikes,4
"Slow drip from pump shaft seal on hydraulic power pack #1, placing drip pan.",hydraulic_leak,slow drip from pump shaft seal on hydraulic power pack 1 placing drip pan,3
"Rotary airlock feeder rotor tips worn down, causing air leak into the pneumatic line.",wear_and_tear,rotary airlock feeder rotor tips worn down causing air leak into the pneumatic line,7
Air compressor discharge temp element broken wire at terminal block.,sensor_malfunction,air compressor discharge temp element broken wire at terminal block,5
"TE-405 lube oil temp RTD reading open circuit, compressor tripped on high temp interlock.",sensor_malfunction,te-405 lube oil temp rtd reading open circuit compressor tripped on high temp interlock,5
"JIC fitting on suction line vibrating loose, weeping fluid constantly.",hydraulic_leak,jic fitting on suction line vibrating loose weeping fluid constantly,3
"Rotary valve encoder loose on shaft, position feedback is drifting.",sensor_malfunction,rotary valve encoder loose on shaft position feedback is drifting,5
"Robotic arm controller showing severe insulation breakdown on main power whip, replace cable.",electrical_fault,robotic arm controller showing severe insulation breakdown on main power whip replace cable,2
"Centrifugal compressor intake butterfly valve stem bushing seized, manual override difficult.",wear_and_tear,centrifugal compressor intake butterfly valve stem bushing seized manual override difficult,7
HMI alarm banner flooded with ghost alarms from decommissioned conveyor zone.,software_control_fault,hmi alarm banner flooded with ghost alarms from decommissioned conveyor zone,6
Cooling tower circulation pump bearing housing temp spiked to 92C.,overheating,cooling tower circulation pump bearing housing temp spiked to 92c,4
Vibrating screen suspension springs fatigued and sagging on southeast corner.,wear_and_tear,vibrating screen suspension springs fatigued and sagging on southeast corner,7
"Fitting loose on main lift cylinder port A, weeping oil under full load.",hydraulic_leak,fitting loose on main lift cylinder port a weeping oil under full load,3
Emergency fire suppression valve bonnet heavily corroded and difficult to operate manually.,corrosion,emergency fire suppression valve bonnet heavily corroded and difficult to operate manually,1
Scale accumulation inside pasteurizer heat exchanger plates resulting in elevated discharge temp.,corrosion,scale accumulation inside pasteurizer heat exchanger plates resulting in elevated discharge temp,1
"Desiccant dryer purge valve seat worn, continuous bleed air loss.",wear_and_tear,desiccant dryer purge valve seat worn continuous bleed air loss,7
"Chilled water loop PID loop in HVAC controller stuck in manual mode, won't accept auto setpoint.",software_control_fault,chilled water loop pid loop in hvac controller stuck in manual mode won t accept auto setpoint,6
"Centrifuge bowl assembly main support bearing failed, unbalance trip.",bearing_failure,centrifuge bowl assembly main support bearing failed unbalance trip,0
Extruder temp control PLC lost serial communication with temperature scanner.,software_control_fault,extruder temp control plc lost serial communication with temperature scanner,6
"Main hydraulic unit oil level sensor stuck low, float appears jammed.",sensor_malfunction,main hydraulic unit oil level sensor stuck low float appears jammed,5
"TS-11 motor bearing thermal switch failed closed, preventing motor restart after scheduled shutdown.",sensor_malfunction,ts-11 motor bearing thermal switch failed closed preventing motor restart after scheduled shutdown,5
"Fitting loose on heat exchanger inlet line, fluid pooling in lower cowl.",hydraulic_leak,fitting loose on heat exchanger inlet line fluid pooling in lower cowl,3
Cooling tower pump inboard sleeve bearing shows signs of scoring and metal shavings in oil reservoir.,bearing_failure,cooling tower pump inboard sleeve bearing shows signs of scoring and metal shavings in oil reservoir,0
"Rotary kiln shell scanner infrared sensor lens dirty, false hot spot alarms.",sensor_malfunction,rotary kiln shell scanner infrared sensor lens dirty false hot spot alarms,5
"PLC-2 communication timeout on main conveyor line 3, HMI screen frozen displaying stale data.",software_control_fault,plc-2 communication timeout on main conveyor line 3 hmi screen frozen displaying stale data,6
Extruder barrel zone 3 heater PID loop tuning parameters wiped after power dip.,software_control_fault,extruder barrel zone 3 heater pid loop tuning parameters wiped after power dip,6
Stamping press top dead center resolver lost zero reference.,sensor_malfunction,stamping press top dead center resolver lost zero reference,5
"Packaging line guide rails grooved by continuous product friction, causing jams.",wear_and_tear,packaging line guide rails grooved by continuous product friction causing jams,7
"Gearbox breather port clogged with rust scale and moisture condensation, causing internal pressure build-up and seal leak.",corrosion,gearbox breather port clogged with rust scale and moisture condensation causing internal pressure build-up and seal leak,1
"Hydraulic fluid pooling under the primary shear actuator, torn high-pressure hose.",hydraulic_leak,hydraulic fluid pooling under the primary shear actuator torn high-pressure hose,3
Pallet wrapper turntable PLC logic failing to read home position sensor.,software_control_fault,pallet wrapper turntable plc logic failing to read home position sensor,6
Rust accumulation causing sticking linkage on main steam damper actuator assembly.,corrosion,rust accumulation causing sticking linkage on main steam damper actuator assembly,1
Substation transformer top oil temp reading 85C above ambient; schedule immediate thermographic inspection.,overheating,substation transformer top oil temp reading 85c above ambient schedule immediate thermographic inspection,4
Boiler feed water pump motor humming but not turning; capacitor blown and rotor locked.,electrical_fault,boiler feed water pump motor humming but not turning capacitor blown and rotor locked,2
Rotary airlock valve rotor blades worn down by abrasive iron scale buildup.,corrosion,rotary airlock valve rotor blades worn down by abrasive iron scale buildup,1
"Extruder barrel zone 4 heater band stuck on, temp exceeded setpoint by 40 degrees.",overheating,extruder barrel zone 4 heater band stuck on temp exceeded setpoint by 40 degrees,4
Pasteurizer zone 2 temperature recorder drifting 10F from actual bath thermometer.,sensor_malfunction,pasteurizer zone 2 temperature recorder drifting 10f from actual bath thermometer,5
"Hose rupture on loader arm tilt circuit, lost approx 5 gal fluid before E-stop.",hydraulic_leak,hose rupture on loader arm tilt circuit lost approx 5 gal fluid before e-stop,3
"Catastrophic failure of the main supply hose on the injection molding clamp unit, oil everywhere.",hydraulic_leak,catastrophic failure of the main supply hose on the injection molding clamp unit oil everywhere,3
Split seam on rubber return line leading to oil cooler on punch press #5.,hydraulic_leak,split seam on rubber return line leading to oil cooler on punch press 5,3
Corrosion damage to limit switch arm on overhead crane trolley; travel stop failing intermittently.,corrosion,corrosion damage to limit switch arm on overhead crane trolley travel stop failing intermittently,1
Air dryer dew point monitor continuously indicating wet air despite desiccant bed swap.,sensor_malfunction,air dryer dew point monitor continuously indicating wet air despite desiccant bed swap,5
"CHW loop pressure transducer PT-204 stuck reading 0 psi, control loop going wide open.",sensor_malfunction,chw loop pressure transducer pt-204 stuck reading 0 psi control loop going wide open,5
"Exhaust stack damper actuator motor bearing seized, unit stuck at 50% open.",bearing_failure,exhaust stack damper actuator motor bearing seized unit stuck at 50 open,0
"Exhauster fan bearing seized, belt burned through and snapped in half.",bearing_failure,exhauster fan bearing seized belt burned through and snapped in half,0
Plant air compressor stage 2 intercooler outlet temp reading 240°F.,overheating,plant air compressor stage 2 intercooler outlet temp reading 240 f,4
Main exhaust fan motor tripping internal thermal overload after 20 mins of continuous operation.,overheating,main exhaust fan motor tripping internal thermal overload after 20 mins of continuous operation,4
"Elevator top limit switch failed open, car not stopping correctly at floor 4.",sensor_malfunction,elevator top limit switch failed open car not stopping correctly at floor 4,5
Pinhole spray from a worn rubber hose feeding the index table hydraulic motor.,hydraulic_leak,pinhole spray from a worn rubber hose feeding the index table hydraulic motor,3
Main assembly line PLC power supply fried after a power surge; burnt smell and dead LED indicators.,electrical_fault,main assembly line plc power supply fried after a power surge burnt smell and dead led indicators,2
"Extruder barrel zone 4 heater band stuck on, controller showing runaway temp condition.",overheating,extruder barrel zone 4 heater band stuck on controller showing runaway temp condition,4
"Exhaust fan #3 motor is screaming on startup, high pitch squeal points to dry sleeve bearing.",bearing_failure,exhaust fan 3 motor is screaming on startup high pitch squeal points to dry sleeve bearing,0
Solenoid valve bank 6 control relay mapping scrambled in PLC hardware configuration table.,software_control_fault,solenoid valve bank 6 control relay mapping scrambled in plc hardware configuration table,6
Pasteurizer temperature control PLC module failing to update PID setpoints from SCADA.,software_control_fault,pasteurizer temperature control plc module failing to update pid setpoints from scada,6
"Boiler feed pump #1 bearing temp spiked to 195F, possible lack of lube or spalling.",bearing_failure,boiler feed pump 1 bearing temp spiked to 195f possible lack of lube or spalling,0
Boiler induced draft fan bearing screaming; immediate shutdown required.,bearing_failure,boiler induced draft fan bearing screaming immediate shutdown required,0
Scale build-up in cooling jacket of air compressor #3 leading to high temp trips.,corrosion,scale build-up in cooling jacket of air compressor 3 leading to high temp trips,1
"Palletizer lift chain guide blocks worn flat, causing chain derailment hazard.",wear_and_tear,palletizer lift chain guide blocks worn flat causing chain derailment hazard,7
Leaking banjo fitting on the steering actuator of heavy haul truck 12.,hydraulic_leak,leaking banjo fitting on the steering actuator of heavy haul truck 12,3
Pitting corrosion evident on the impeller vanes of boiler feedwater pump B.,corrosion,pitting corrosion evident on the impeller vanes of boiler feedwater pump b,1
"Cracked hydraulic reservoir weld near return port, weeping oil under pressure.",hydraulic_leak,cracked hydraulic reservoir weld near return port weeping oil under pressure,3
"Pitting on the wetted parts of chemical metering pump MP-05, causing loss of dosing pressure and erratic flow.",corrosion,pitting on the wetted parts of chemical metering pump mp-05 causing loss of dosing pressure and erratic flow,1
Hydraulic power unit electric motor bearing noisy and rumbling under load.,bearing_failure,hydraulic power unit electric motor bearing noisy and rumbling under load,0
Cooling tower fan motor failed insulation test with Megger; winding resistance near zero on phase B to ground.,electrical_fault,cooling tower fan motor failed insulation test with megger winding resistance near zero on phase b to ground,2
"Booster pump drive end bearing locked up, thermal overload tripped instantly.",bearing_failure,booster pump drive end bearing locked up thermal overload tripped instantly,0
"Main air compressor tripped overcurrent protection, phase B winding shorted to ground.",electrical_fault,main air compressor tripped overcurrent protection phase b winding shorted to ground,2
"Centrifugal pump impeller blades are eroded from cavitation, dropping flow by 15%.",wear_and_tear,centrifugal pump impeller blades are eroded from cavitation dropping flow by 15,7
Centrifugal blower motor overheating; phase imbalance measured at 4.2%.,overheating,centrifugal blower motor overheating phase imbalance measured at 4 2,4
"Severe scale build-up inside 4-inch cooling water supply valve, actuator unable to achieve full stroke.",corrosion,severe scale build-up inside 4-inch cooling water supply valve actuator unable to achieve full stroke,1
Chiller compressor #2 control circuit fuse keeps blowing; traced to water ingress in terminal junction box.,electrical_fault,chiller compressor 2 control circuit fuse keeps blowing traced to water ingress in terminal junction box,2
Reactor vessel jacket pressure transmitter calibration drifted out of spec by 15 psi.,sensor_malfunction,reactor vessel jacket pressure transmitter calibration drifted out of spec by 15 psi,5
"Centrifugal pump #1 outboard bearing smoking, heavy vibration and high thermal readings.",overheating,centrifugal pump 1 outboard bearing smoking heavy vibration and high thermal readings,4
"Submersible sump pump running dry, housing extremely hot.",overheating,submersible sump pump running dry housing extremely hot,4
Draft fan motor on boiler #1 tripping breaker on thermal overload after 20 mins run time.,overheating,draft fan motor on boiler 1 tripping breaker on thermal overload after 20 mins run time,4
Conveyor roller bearings seized due to rust intrusion from washdown cycle exposure.,corrosion,conveyor roller bearings seized due to rust intrusion from washdown cycle exposure,1
"Mixer agitator gearbox bearing failure, metal shavings found in drain oil sample.",bearing_failure,mixer agitator gearbox bearing failure metal shavings found in drain oil sample,0
"Hydraulic unit #4 main breaker trips under heavy load, fuses check ok.",electrical_fault,hydraulic unit 4 main breaker trips under heavy load fuses check ok,2
"Cooling fan on air compressor failed, unit shut down on high oil temp.",overheating,cooling fan on air compressor failed unit shut down on high oil temp,4
Flange leakage on Acid Transfer Line V-50 due to gasket degradation accelerated by chemical corrosion.,corrosion,flange leakage on acid transfer line v-50 due to gasket degradation accelerated by chemical corrosion,1
"Emergency generator exhaust manifold flanged connection rusted through, leaking hot combustion gases.",corrosion,emergency generator exhaust manifold flanged connection rusted through leaking hot combustion gases,1
"Conveyor belt speed sensor lost signal, causing intermittent zero-speed faults on line 4.",sensor_malfunction,conveyor belt speed sensor lost signal causing intermittent zero-speed faults on line 4,5
Severe galvanic corrosion between aluminum instrument enclosure and galvanized mounting bracket on roof rack.,corrosion,severe galvanic corrosion between aluminum instrument enclosure and galvanized mounting bracket on roof rack,1
"Diesel generator fuel lift pump diaphragm cracked from hardening, unit won't prime.",wear_and_tear,diesel generator fuel lift pump diaphragm cracked from hardening unit won t prime,7
Line 6 palletizer hoist motor excessively hot after continuous cycle.,overheating,line 6 palletizer hoist motor excessively hot after continuous cycle,4
"Hydraulic unit 5 solenoid valve coil burned open, machine halted mid-cycle with error code E-14.",electrical_fault,hydraulic unit 5 solenoid valve coil burned open machine halted mid-cycle with error code e-14,2
Mixer 2 agitator current sensor giving false overload warnings.,sensor_malfunction,mixer 2 agitator current sensor giving false overload warnings,5
Gearbox on exhaust fan B emitting burning smell; oil level verified low.,overheating,gearbox on exhaust fan b emitting burning smell oil level verified low,4
Slurry pump throat bushing deeply grooved by abrasive media flow.,wear_and_tear,slurry pump throat bushing deeply grooved by abrasive media flow,7
"Pinhole in braided steel line supplying hydraulic shear, spraying oil.",hydraulic_leak,pinhole in braided steel line supplying hydraulic shear spraying oil,3
"Boiler blowdown valve seat eroded by steam cutting, refusing to seat tight.",wear_and_tear,boiler blowdown valve seat eroded by steam cutting refusing to seat tight,7
Drive coupling guard rusted to frame on conveyor 7; had to be cut off for maintenance access.,corrosion,drive coupling guard rusted to frame on conveyor 7 had to be cut off for maintenance access,1
"Crusher feed conveyor tail bearing seized and smoking, roller destroyed.",bearing_failure,crusher feed conveyor tail bearing seized and smoking roller destroyed,0
Dust collector rotary valve flexible inlet sleeve torn from dry rot.,wear_and_tear,dust collector rotary valve flexible inlet sleeve torn from dry rot,7
Compressor B PLC memory fault error code E-402 displayed on rack 2.,software_control_fault,compressor b plc memory fault error code e-402 displayed on rack 2,6
"Bale press main cylinder bottom seal blown out, massive fluid loss on deck.",hydraulic_leak,bale press main cylinder bottom seal blown out massive fluid loss on deck,3
Conveying line blower motor NDE bearing rattling and overheating.,bearing_failure,conveying line blower motor nde bearing rattling and overheating,0
"Cooling tower fan 1 VFD lost analog speed reference from SCADA, defaulting to minimum Hz.",software_control_fault,cooling tower fan 1 vfd lost analog speed reference from scada defaulting to minimum hz,6
Main incoming breaker trip log shows ghost command generated from the SCADA supervisory system.,software_control_fault,main incoming breaker trip log shows ghost command generated from the scada supervisory system,6
Scrubber recirculation pump bearing housing hot to the touch,bearing_failure,scrubber recirculation pump bearing housing hot to the touch,0
"Cooling water pump drive end bearing seized, motor failed to start and tripped breaker.",bearing_failure,cooling water pump drive end bearing seized motor failed to start and tripped breaker,0
"Seep at steering cylinder gland seal on forklift #8, top off daily required.",hydraulic_leak,seep at steering cylinder gland seal on forklift 8 top off daily required,3
Retract port fitting on hydraulic press cylinder weeping during high tonnage.,hydraulic_leak,retract port fitting on hydraulic press cylinder weeping during high tonnage,3
Main assembly line PLC power supply unit blown fuse due to internal short.,electrical_fault,main assembly line plc power supply unit blown fuse due to internal short,2
Exhaust fan #3 motor bearing grinding loudly upon startup.,bearing_failure,exhaust fan 3 motor bearing grinding loudly upon startup,0
"Packaging line indexer gearbox thermal fault tripped, lube oil level low and degraded.",overheating,packaging line indexer gearbox thermal fault tripped lube oil level low and degraded,4
"Magmeter on chemical dosing line intermittent dropouts, erratic flow totalizer readings.",sensor_malfunction,magmeter on chemical dosing line intermittent dropouts erratic flow totalizer readings,5
Motor winding temp on Main Exhaust Fan 2 tripped high-temp cutout at 105C.,overheating,motor winding temp on main exhaust fan 2 tripped high-temp cutout at 105c,4
Centrifugal pump 3 flow rate interlock failing to reset in PLC despite verified flow switch status.,software_control_fault,centrifugal pump 3 flow rate interlock failing to reset in plc despite verified flow switch status,6
Rust flaking off overhead structural supports above mixing tank 1.,corrosion,rust flaking off overhead structural supports above mixing tank 1,1
"SCADA trending log stopped updating for reactor temp sensor 4, historical data lost.",software_control_fault,scada trending log stopped updating for reactor temp sensor 4 historical data lost,6
Mixer gear reducer intermediate shaft bearing pitted and flaking metal into the oil sump.,bearing_failure,mixer gear reducer intermediate shaft bearing pitted and flaking metal into the oil sump,0
Minor seep observed at manifold block test port coupling on press line 4.,hydraulic_leak,minor seep observed at manifold block test port coupling on press line 4,3
"Screw conveyor flighting worn down on outer diameter, leaving product behind in trough.",wear_and_tear,screw conveyor flighting worn down on outer diameter leaving product behind in trough,7
Corrosion pitting found on the boiler feed pump suction bell during internal inspection.,corrosion,corrosion pitting found on the boiler feed pump suction bell during internal inspection,1
"Extensive scale build-up inside plate heat exchanger PHE-02, causing high pressure drop across the secondary loop.",corrosion,extensive scale build-up inside plate heat exchanger phe-02 causing high pressure drop across the secondary loop,1
Blown control transformer fuse on hydraulic press panel; shorted limit switch cable found.,electrical_fault,blown control transformer fuse on hydraulic press panel shorted limit switch cable found,2
"Vacuum pump drive end bearing failure, seized solid during afternoon shift cycle.",bearing_failure,vacuum pump drive end bearing failure seized solid during afternoon shift cycle,0
"Main air compressor star-delta starter failed to transition to delta, tripping main breaker after 5 seconds.",electrical_fault,main air compressor star-delta starter failed to transition to delta tripping main breaker after 5 seconds,2
"Severe oxidation on exhaust fan motor housing and mounting bolts, vibration readings elevated.",corrosion,severe oxidation on exhaust fan motor housing and mounting bolts vibration readings elevated,1
"Package unit supply fan bearing making high-pitched squeal, needs immediate lube or replacement.",bearing_failure,package unit supply fan bearing making high-pitched squeal needs immediate lube or replacement,0
Exhaust fan unit 7 bearing housing cracked from severe vibration imbalance.,bearing_failure,exhaust fan unit 7 bearing housing cracked from severe vibration imbalance,0
Quick disconnect coupling failing to seal when unplugged on mobile tugger attachment.,hydraulic_leak,quick disconnect coupling failing to seal when unplugged on mobile tugger attachment,3
Rotary airlock drive gearbox showing paint discoloration from severe overheating.,overheating,rotary airlock drive gearbox showing paint discoloration from severe overheating,4
"Vacuum pump oil turning dark and smoky, exhaust temp sensor reads 210F.",overheating,vacuum pump oil turning dark and smoky exhaust temp sensor reads 210f,4
"Booster pump #3 gland seal leaking excessively, friction causing shaft sleeve to overheat.",overheating,booster pump 3 gland seal leaking excessively friction causing shaft sleeve to overheat,4
"Waste water paddle aerator gearbox output bearing seized, shaft locked solid.",bearing_failure,waste water paddle aerator gearbox output bearing seized shaft locked solid,0
Conveyor belt take-up screw threads rusted and seized in adjustment bracket.,corrosion,conveyor belt take-up screw threads rusted and seized in adjustment bracket,1
"Hot oil pump mechanical seal flush line plugged, seal face smoking.",overheating,hot oil pump mechanical seal flush line plugged seal face smoking,4
"Wastewater lift station PLC CPU fault light flashing red, station currently on manual bypass.",software_control_fault,wastewater lift station plc cpu fault light flashing red station currently on manual bypass,6
"Line 2 accumulation roller photo-eye blocked by dust, false part present signal.",sensor_malfunction,line 2 accumulation roller photo-eye blocked by dust false part present signal,5
Corrosion on pneumatic actuator mounting bracket causing alignment shift on emergency shutoff valve.,corrosion,corrosion on pneumatic actuator mounting bracket causing alignment shift on emergency shutoff valve,1
Palletizer robot PLC faulted out with watchdog timer expiration during complex pick cycle.,software_control_fault,palletizer robot plc faulted out with watchdog timer expiration during complex pick cycle,6
Galvanic corrosion between aluminum handrail and structural steel platform near tank farm.,corrosion,galvanic corrosion between aluminum handrail and structural steel platform near tank farm,1
Boiler feedwater valve actuator lost Modbus TCP connection to the central SCADA server.,software_control_fault,boiler feedwater valve actuator lost modbus tcp connection to the central scada server,6
Exhaust scrubber fan motor making loud buzzing noise; found phase loss at contactor output terminals.,electrical_fault,exhaust scrubber fan motor making loud buzzing noise found phase loss at contactor output terminals,2
Heavy scaling inside plate and frame heat exchanger plates causing high delta-P across unit.,corrosion,heavy scaling inside plate and frame heat exchanger plates causing high delta-p across unit,1
Severe pitting corrosion on internal impeller blades of effluent transfer pump #3.,corrosion,severe pitting corrosion on internal impeller blades of effluent transfer pump 3,1
Compressor stage 2 drive end sleeve bearing has heavy scoring and oil leak.,bearing_failure,compressor stage 2 drive end sleeve bearing has heavy scoring and oil leak,0
"Heavy orange scaling inside closed-loop chilled water expansion tank sight glass, level unreadable.",corrosion,heavy orange scaling inside closed-loop chilled water expansion tank sight glass level unreadable,1
"RO unit permeate conductivity meter failing self-test diagnostic, replace transmitter module",sensor_malfunction,ro unit permeate conductivity meter failing self-test diagnostic replace transmitter module,5
"TT-01 temp transmitter reading high on discharge line, actual temp is normal with IR gun.",sensor_malfunction,tt-01 temp transmitter reading high on discharge line actual temp is normal with ir gun,5
Cooling tower fan blades showing pitting and leading edge erosion from particulate wear.,wear_and_tear,cooling tower fan blades showing pitting and leading edge erosion from particulate wear,7
Emergency generator fuel tank level float switch stuck in high position.,sensor_malfunction,emergency generator fuel tank level float switch stuck in high position,5
Pitting on shaft sleeve of Boiler Circulating Pump #1 leading to premature mechanical seal failure.,corrosion,pitting on shaft sleeve of boiler circulating pump 1 leading to premature mechanical seal failure,1
"Flange bolts on primary boiler feed pump heavily oxidized and seized, requires torching for removal.",corrosion,flange bolts on primary boiler feed pump heavily oxidized and seized requires torching for removal,1
"Rotary actuator shaft seal failed, spilling oil into the containment shroud.",hydraulic_leak,rotary actuator shaft seal failed spilling oil into the containment shroud,3
"Stacker crane traction motor thermal sensor open circuit, motor housing too hot to hold hand on.",overheating,stacker crane traction motor thermal sensor open circuit motor housing too hot to hold hand on,4
Tank level radar sensor losing signal return through heavy foam.,sensor_malfunction,tank level radar sensor losing signal return through heavy foam,5
Infeed conveyor roller bearing has severe spalling on outer race.,bearing_failure,infeed conveyor roller bearing has severe spalling on outer race,0
"Line 2 conveyor drive motor fan shroud missing, motor overheating and smelling of hot varnish.",overheating,line 2 conveyor drive motor fan shroud missing motor overheating and smelling of hot varnish,4
CIP system PLC failed to advance past acid wash phase due to stuck transition bit in sequence chart.,software_control_fault,cip system plc failed to advance past acid wash phase due to stuck transition bit in sequence chart,6
"Main stack continuous emissions monitor temp probe shorted out, reading -40F.",sensor_malfunction,main stack continuous emissions monitor temp probe shorted out reading -40f,5
"Paster cooling tunnel speed follower encoder failing, tracking loss on line.",sensor_malfunction,paster cooling tunnel speed follower encoder failing tracking loss on line,5
Severe pitting corrosion on propeller blades of cooling tower fan cell 4.,corrosion,severe pitting corrosion on propeller blades of cooling tower fan cell 4,1
Silo rotary valve motor gearbox seizing up from lack of lubrication.,overheating,silo rotary valve motor gearbox seizing up from lack of lubrication,4
"Stamping press clutch pack slipping and smoking, immediate shutdown required.",overheating,stamping press clutch pack slipping and smoking immediate shutdown required,4
Generator fuel tank ultrasonic level sensor stuck at empty.,sensor_malfunction,generator fuel tank ultrasonic level sensor stuck at empty,5
"Cooling tower water pump motor bearing catastrophic failure, smoking on startup.",bearing_failure,cooling tower water pump motor bearing catastrophic failure smoking on startup,0
Main air compressor intake valve gasket blown due to age and thermal cycling.,wear_and_tear,main air compressor intake valve gasket blown due to age and thermal cycling,7
Slow drip from the proportional valve stack on the CNC gantry loader.,hydraulic_leak,slow drip from the proportional valve stack on the cnc gantry loader,3
"Wiring to solenoid valve 12 chewed by rodents, causing short circuit and blown fuse.",electrical_fault,wiring to solenoid valve 12 chewed by rodents causing short circuit and blown fuse,2
Submersible sump pump in pit B tripped thermal overload; motor windings shorted to ground.,electrical_fault,submersible sump pump in pit b tripped thermal overload motor windings shorted to ground,2
Exhaust scrubber blower motor tripped breaker; found phase-to-ground short in stator winding.,electrical_fault,exhaust scrubber blower motor tripped breaker found phase-to-ground short in stator winding,2
Chiller compressor motor rear bearing spalling and rumbling loudly under load.,bearing_failure,chiller compressor motor rear bearing spalling and rumbling loudly under load,0
"Cooling tower pump 2 motor shorted to ground, megger test showed zero ohms on phase A windings.",electrical_fault,cooling tower pump 2 motor shorted to ground megger test showed zero ohms on phase a windings,2
Air handler unit drive belts cracked and glazed from heat.,wear_and_tear,air handler unit drive belts cracked and glazed from heat,7
Wastewater scum pump running hot on thermal cycle; check impeller for ragging.,overheating,wastewater scum pump running hot on thermal cycle check impeller for ragging,4
"Conveyor line 3 drive motor running hot to touch, measured casing temp at 185°F under load.",overheating,conveyor line 3 drive motor running hot to touch measured casing temp at 185 f under load,4
"Vacuum pump drive coupling slipping, generating heavy friction and high housing temps.",overheating,vacuum pump drive coupling slipping generating heavy friction and high housing temps,4
Heavy weeping from spool valve end cap on stack 3 of loader valve.,hydraulic_leak,heavy weeping from spool valve end cap on stack 3 of loader valve,3
Loose quick-disconnect coupling leaking fluid when robotic arm articulates.,hydraulic_leak,loose quick-disconnect coupling leaking fluid when robotic arm articulates,3
Booster pump NDE bearing showing high vibration harmonics on spectrum analysis.,bearing_failure,booster pump nde bearing showing high vibration harmonics on spectrum analysis,0
Cooling tower fan motor making humming noise and failing to turn; manual shaft rotation confirms locked rotor from fried windings.,electrical_fault,cooling tower fan motor making humming noise and failing to turn manual shaft rotation confirms locked rotor from fried windings,2
"Booster fan motor non-drive end bearing screaming, thermal imaging shows 210F hotspot.",bearing_failure,booster fan motor non-drive end bearing screaming thermal imaging shows 210f hotspot,0
"Main breaker for HVAC unit 3 tripped repeatedly under load, suspect weak thermal trip.",electrical_fault,main breaker for hvac unit 3 tripped repeatedly under load suspect weak thermal trip,2
"Reactor vessel skin temp TC broken wire at terminal block, displaying max scale.",sensor_malfunction,reactor vessel skin temp tc broken wire at terminal block displaying max scale,5
SCADA historian stopped logging data from the North tank farm nodes.,software_control_fault,scada historian stopped logging data from the north tank farm nodes,6
Exhaust fan motor housing vibration is high due to worn rubber isolation bushings.,wear_and_tear,exhaust fan motor housing vibration is high due to worn rubber isolation bushings,7
Flange connection on caustic soda line leaking due to severe chemical corrosion on bolt threads.,corrosion,flange connection on caustic soda line leaking due to severe chemical corrosion on bolt threads,1
"Cooling tower fan vibe sensor wiring frayed, needs replacement before vibration analysis today.",sensor_malfunction,cooling tower fan vibe sensor wiring frayed needs replacement before vibration analysis today,5
"Conveyor 5 proximity sensor damaged by pallet impact, needs swap.",sensor_malfunction,conveyor 5 proximity sensor damaged by pallet impact needs swap,5
"Auto-palletizer PLC program corrupted after brownout, restored from backup.",software_control_fault,auto-palletizer plc program corrupted after brownout restored from backup,6
"Granulator screen support brackets grooved from vibrating material, needs buildup weld.",wear_and_tear,granulator screen support brackets grooved from vibrating material needs buildup weld,7
Hydraulic press safety light curtain receiver sensor out of alignment or failing.,sensor_malfunction,hydraulic press safety light curtain receiver sensor out of alignment or failing,5
Hydraulic leak from the banjo fitting on the hydrostatic drive transmission of forklift 9.,hydraulic_leak,hydraulic leak from the banjo fitting on the hydrostatic drive transmission of forklift 9,3
Generator 1 automatic transfer switch controller failed to handshake with main plant SCADA.,software_control_fault,generator 1 automatic transfer switch controller failed to handshake with main plant scada,6
Exhaust fan motor drive-end bearing running hot at 185F with heavy vibration.,bearing_failure,exhaust fan motor drive-end bearing running hot at 185f with heavy vibration,0
"Rust accumulation locking manual isolation valve stem on fire water header; penetrating oil applied, still stuck.",corrosion,rust accumulation locking manual isolation valve stem on fire water header penetrating oil applied still stuck,1
Baghouse shaker mechanism pivot pins and bronze bushings egg-shaped.,wear_and_tear,baghouse shaker mechanism pivot pins and bronze bushings egg-shaped,7
"Stacker crane travel wheel bearing binding up under load, causing motor stall.",bearing_failure,stacker crane travel wheel bearing binding up under load causing motor stall,0
Centrifuge feed pump VFD losing fieldbus communication with the master PLC.,software_control_fault,centrifuge feed pump vfd losing fieldbus communication with the master plc,6
Vacuum pump oil turning dark and smelling burnt due to continuous heavy load.,overheating,vacuum pump oil turning dark and smelling burnt due to continuous heavy load,4
"Stoker boiler undergrate air flow transmitter erratic, PID loop cycling wildly.",sensor_malfunction,stoker boiler undergrate air flow transmitter erratic pid loop cycling wildly,5
Sump pump #2 tripped thermal overload; motor windings soaked and insulation resistance reading zero.,electrical_fault,sump pump 2 tripped thermal overload motor windings soaked and insulation resistance reading zero,2
"Fitting loose on the pressure relief valve manifold, weeping fluid under load.",hydraulic_leak,fitting loose on the pressure relief valve manifold weeping fluid under load,3
Conveyor belt 4 drive motor faulted due to a communication timeout on the Profibus network.,software_control_fault,conveyor belt 4 drive motor faulted due to a communication timeout on the profibus network,6
"Firmware crash on main drive VFD, motor tripped on overcurrent fault code F012.",software_control_fault,firmware crash on main drive vfd motor tripped on overcurrent fault code f012,6
"Heavy rust and scale build-up inside 4-inch cooling water supply header, causing restricted flow to compressor 2.",corrosion,heavy rust and scale build-up inside 4-inch cooling water supply header causing restricted flow to compressor 2,1
"Diesel backup generator block heater failed, coolant temp low then overheated on load.",overheating,diesel backup generator block heater failed coolant temp low then overheated on load,4
"Pneumatic actuator cylinder seals leaking air internally, slow stroke times.",wear_and_tear,pneumatic actuator cylinder seals leaking air internally slow stroke times,7
"FT-302 chilled water flow meter lost 4-20mA output signal, PLC showing comms fault.",sensor_malfunction,ft-302 chilled water flow meter lost 4-20ma output signal plc showing comms fault,5
"Sump pump check valve flapper hinge worn out, backflow occurring on shutdown.",wear_and_tear,sump pump check valve flapper hinge worn out backflow occurring on shutdown,7
"Air intake filter diff pressure gauge stuck, maintenance overdue alert.",sensor_malfunction,air intake filter diff pressure gauge stuck maintenance overdue alert,5
Conveyor belt 7 photo-eye input stuck high in PLC logic despite clear optical path.,software_control_fault,conveyor belt 7 photo-eye input stuck high in plc logic despite clear optical path,6
Rotary airlock valve casing eroded by abrasive rust flakes from upstream cyclone separator.,corrosion,rotary airlock valve casing eroded by abrasive rust flakes from upstream cyclone separator,1
Intermittent power loss on packaging line 2 control panel due to loose terminal block connection.,electrical_fault,intermittent power loss on packaging line 2 control panel due to loose terminal block connection,2
"Exhaust fan 7 vibration spike logged by accelerometer, likely loose mounting stud or bearing wear.",sensor_malfunction,exhaust fan 7 vibration spike logged by accelerometer likely loose mounting stud or bearing wear,5
"Main line vibration sensor on crusher showing flatline trace, check BNC cable.",sensor_malfunction,main line vibration sensor on crusher showing flatline trace check bnc cable,5
"Exhaust duct booster fan bearing binding, motor pulling high amps.",bearing_failure,exhaust duct booster fan bearing binding motor pulling high amps,0
Rust-jacketing on concrete anchor bolts holding main exhaust stack guy wires; immediate structural check needed.,corrosion,rust-jacketing on concrete anchor bolts holding main exhaust stack guy wires immediate structural check needed,1
"Chiller pump 2 motor hums and fails to rotate, found open circuit in stator winding.",electrical_fault,chiller pump 2 motor hums and fails to rotate found open circuit in stator winding,2
"Air compressor receiver tank bottom seam showing orange peel scaling, needs NDT thickness check.",corrosion,air compressor receiver tank bottom seam showing orange peel scaling needs ndt thickness check,1
"Line 4 hydraulic press LVDT position sensor calibration drifted by 5mm, causing part misalignments.",sensor_malfunction,line 4 hydraulic press lvdt position sensor calibration drifted by 5mm causing part misalignments,5
Hydraulic power pack oil temp alarm; solenoid valve unloader is failing to cycle properly.,overheating,hydraulic power pack oil temp alarm solenoid valve unloader is failing to cycle properly,4
Baghouse dust collector solenoid valve bank lost power; tripped internal circuit breaker on PLC rack.,electrical_fault,baghouse dust collector solenoid valve bank lost power tripped internal circuit breaker on plc rack,2
"Centrifugal blower casing interior encrusted with heavy chemical scale, reducing volumetric output.",corrosion,centrifugal blower casing interior encrusted with heavy chemical scale reducing volumetric output,1
"AHU supply fan motor winding temp alarm, belt tension too high.",overheating,ahu supply fan motor winding temp alarm belt tension too high,4
"Fittings loose on the accumulator block, steady drip under pressure.",hydraulic_leak,fittings loose on the accumulator block steady drip under pressure,3
"Booster pump #2 thrust washer worn, slight end play detected on shaft.",wear_and_tear,booster pump 2 thrust washer worn slight end play detected on shaft,7
"Tripped breaker on 480V supply to Paint Booth 1 ventilation motor, reset successfully.",electrical_fault,tripped breaker on 480v supply to paint booth 1 ventilation motor reset successfully,2
Tank farm level radar transponder losing lock on product surface during agitation.,sensor_malfunction,tank farm level radar transponder losing lock on product surface during agitation,5
"Chiller compressor #2 crankcase heater shorted out, blowing main branch circuit breaker.",electrical_fault,chiller compressor 2 crankcase heater shorted out blowing main branch circuit breaker,2
"Boiler feedwater pump motor starter contacts welded shut, blew backup control fuse.",electrical_fault,boiler feedwater pump motor starter contacts welded shut blew backup control fuse,2
Generator alternator winding temp RTD phase B open circuit alarm on HMI.,sensor_malfunction,generator alternator winding temp rtd phase b open circuit alarm on hmi,5
Overhead crane bridge PLC threw a checksum error in non-volatile memory on power-up.,software_control_fault,overhead crane bridge plc threw a checksum error in non-volatile memory on power-up,6
Gate valve body showing deep rust pitting and weeping through wall near bonnet flange.,corrosion,gate valve body showing deep rust pitting and weeping through wall near bonnet flange,1
"Corroded valve stem on gate valve GV-88, making it completely immovable during the semi-annual PM test.",corrosion,corroded valve stem on gate valve gv-88 making it completely immovable during the semi-annual pm test,1
"Package line conveyor curve bearing dry and squealing, needs immediate grease.",bearing_failure,package line conveyor curve bearing dry and squealing needs immediate grease,0
"Raw material silo 3 level sensor Modbus communication failing intermittently, causing SCADA dashes.",software_control_fault,raw material silo 3 level sensor modbus communication failing intermittently causing scada dashes,6
Hydraulic leak spraying from the rod seal on primary clamp cylinder of injection molding machine #2.,hydraulic_leak,hydraulic leak spraying from the rod seal on primary clamp cylinder of injection molding machine 2,3
Conveyor 7 drive inverter throwing intermittent software fault code F042.,software_control_fault,conveyor 7 drive inverter throwing intermittent software fault code f042,6
"Conveyor tail pulley bearing seizing up, belt smoking slightly under load.",bearing_failure,conveyor tail pulley bearing seizing up belt smoking slightly under load,0
"Main electrical feed cable to paint booth damaged during forklift traffic, exposed conductors.",electrical_fault,main electrical feed cable to paint booth damaged during forklift traffic exposed conductors,2
"O-ring failure on main filter housing cap, spraying fluid under 1500 psi.",hydraulic_leak,o-ring failure on main filter housing cap spraying fluid under 1500 psi,3
"Conveyor line 8 safety circuit tripped, traced to frayed wiring near photoeye sensor.",electrical_fault,conveyor line 8 safety circuit tripped traced to frayed wiring near photoeye sensor,2
"Boiler feed pump motor frame temp at 95C, check alignment and cooling fins.",overheating,boiler feed pump motor frame temp at 95c check alignment and cooling fins,4
Slow weep from spool valve end cap on shear machine.,hydraulic_leak,slow weep from spool valve end cap on shear machine,3
Reciprocating compressor crankcase connecting rod big end bearing knocking on every stroke.,bearing_failure,reciprocating compressor crankcase connecting rod big end bearing knocking on every stroke,0
"Cracked weld on hydraulic reservoir return port, active leak requiring immediate patch.",hydraulic_leak,cracked weld on hydraulic reservoir return port active leak requiring immediate patch,3
Cooling tower fan gearbox output shaft seal is leaking gear oil.,wear_and_tear,cooling tower fan gearbox output shaft seal is leaking gear oil,7
Draft fan motor on furnace tripping thermal overload after 20 mins run time.,overheating,draft fan motor on furnace tripping thermal overload after 20 mins run time,4
"Galvanic corrosion evident where copper instrumentation line contacts stainless steel manifold frame, minor pitting present.",corrosion,galvanic corrosion evident where copper instrumentation line contacts stainless steel manifold frame minor pitting present,1
Cylinder rod packing leaking heavily on press brake clamping ram.,hydraulic_leak,cylinder rod packing leaking heavily on press brake clamping ram,3
Pin-hole spray from the high-pressure hose on the hydraulic press brake backgauge.,hydraulic_leak,pin-hole spray from the high-pressure hose on the hydraulic press brake backgauge,3
"Vacuum pump exhaust manifold glowing dull red, check inline cooling water flow.",overheating,vacuum pump exhaust manifold glowing dull red check inline cooling water flow,4
Reject gate pneumatic cylinder firing randomly due to stray PLC output bit.,software_control_fault,reject gate pneumatic cylinder firing randomly due to stray plc output bit,6
Rotary valve actuator fuse blown on Silo 2; solenoid coil shorted internally and needs replacement.,electrical_fault,rotary valve actuator fuse blown on silo 2 solenoid coil shorted internally and needs replacement,2
Barcode scanner serial-to-Ethernet gateway dropping connection to PLC.,software_control_fault,barcode scanner serial-to-ethernet gateway dropping connection to plc,6
"Control transformer for boiler feed pump blew secondary fuse, internal short suspected.",electrical_fault,control transformer for boiler feed pump blew secondary fuse internal short suspected,2
Diesel generator fuel lift pump diaphragm stiffened and cracked from continuous use.,wear_and_tear,diesel generator fuel lift pump diaphragm stiffened and cracked from continuous use,7
"Sludge press hydraulic manifold oil temp hitting 160°F, heat exchanger fouled.",overheating,sludge press hydraulic manifold oil temp hitting 160 f heat exchanger fouled,4
Air handling unit #3 supply fan tripped thermal overload; motor insulation breakdown on high-speed winding.,electrical_fault,air handling unit 3 supply fan tripped thermal overload motor insulation breakdown on high-speed winding,2
"Main exhaust fan PLC lost analog input card connection, defaulting to 0 RPM state.",software_control_fault,main exhaust fan plc lost analog input card connection defaulting to 0 rpm state,6
Line 4 palletizer optical proximity sensor covered in dust and missing part counts.,sensor_malfunction,line 4 palletizer optical proximity sensor covered in dust and missing part counts,5
Internal scale build-up restricting flow through heat exchanger tube bundle #4.,corrosion,internal scale build-up restricting flow through heat exchanger tube bundle 4,1
Stacker crane hoist motor return line chafed against structural steel frame.,hydraulic_leak,stacker crane hoist motor return line chafed against structural steel frame,3
"Injection molding machine nozzle heater band shorted out, causing localized thermal runaway.",overheating,injection molding machine nozzle heater band shorted out causing localized thermal runaway,4
"Chiller compressor 2 crankcase heater wiring burnt at terminal connection, replace whip.",electrical_fault,chiller compressor 2 crankcase heater wiring burnt at terminal connection replace whip,2
Labeler machine stepper motor controller firmware fault halting production run.,software_control_fault,labeler machine stepper motor controller firmware fault halting production run,6
"Main compressor intake valve seat is pitted, causing low discharge pressure.",wear_and_tear,main compressor intake valve seat is pitted causing low discharge pressure,7
Drive roller bearing temp on packaging line 4 elevated at 78C.,overheating,drive roller bearing temp on packaging line 4 elevated at 78c,4
"Chilled water circulation pump outboard bearing housing hot to the touch, needs grease purge.",overheating,chilled water circulation pump outboard bearing housing hot to the touch needs grease purge,4
Intermittent HMI link loss on packaging line 3 rotary table; reboot temporary fix.,software_control_fault,intermittent hmi link loss on packaging line 3 rotary table reboot temporary fix,6
Exhaust fan EF-03 mounting frame severely oxidized and structurally compromised near the roof curb.,corrosion,exhaust fan ef-03 mounting frame severely oxidized and structurally compromised near the roof curb,1
Slow weep from the lower cylinder trunnion seal on the dock lift scissor mechanism.,hydraulic_leak,slow weep from the lower cylinder trunnion seal on the dock lift scissor mechanism,3
Main line air compressor aftercooler failure resulted in downstream air temps exceeding 180F.,overheating,main line air compressor aftercooler failure resulted in downstream air temps exceeding 180f,4
"Ventilation damper actuator feedback potentiometer broken, position unverified in PLC.",sensor_malfunction,ventilation damper actuator feedback potentiometer broken position unverified in plc,5
Rust scaling inside the compressed air receiver tank; drain valve plugged solid with debris.,corrosion,rust scaling inside the compressed air receiver tank drain valve plugged solid with debris,1
Agitator 2 motor vibration sensor cable severed by rotating shaft guard.,sensor_malfunction,agitator 2 motor vibration sensor cable severed by rotating shaft guard,5
"Exhauster fan bearing failure, unit locked up completely during shift.",bearing_failure,exhauster fan bearing failure unit locked up completely during shift,0
"Motor #3 DE bearing screaming on startup, high vibration noted in 100-300 Hz band.",bearing_failure,motor 3 de bearing screaming on startup high vibration noted in 100-300 hz band,0
"Compressor 3 controller rebooted spontaneously mid-shift, dropping system header pressure.",software_control_fault,compressor 3 controller rebooted spontaneously mid-shift dropping system header pressure,6
Exhaust blower motor bearing grease melted and leaked onto housing.,overheating,exhaust blower motor bearing grease melted and leaked onto housing,4
"Chilled water circulation pump outboard bearing housing running at 185F, needs grease and alignment check.",overheating,chilled water circulation pump outboard bearing housing running at 185f needs grease and alignment check,4
Corrosion on the terminal posts of the backup generator starter battery; cleaning and terminal replacement required.,corrosion,corrosion on the terminal posts of the backup generator starter battery cleaning and terminal replacement required,1
Flange gasket blown between pump discharge and check valve on unit 7.,hydraulic_leak,flange gasket blown between pump discharge and check valve on unit 7,3
CIP wash skid PLC logic bypassing caustic rinse step due to bad timer block.,software_control_fault,cip wash skid plc logic bypassing caustic rinse step due to bad timer block,6
"Compressor lube oil pressure transmitter dead, spare part ordered.",sensor_malfunction,compressor lube oil pressure transmitter dead spare part ordered,5
"Main conveyor drive motor tripped thermal overload during startup, reset and checked current draw running high at 48A.",electrical_fault,main conveyor drive motor tripped thermal overload during startup reset and checked current draw running high at 48a,2
"Chiller #2 leaving water temp sensor reading 15 deg high, needs calibration check against handheld.",sensor_malfunction,chiller 2 leaving water temp sensor reading 15 deg high needs calibration check against handheld,5
Exhaust fan #3 belt driven motor seized bearing leading to tripped thermal overloads.,electrical_fault,exhaust fan 3 belt driven motor seized bearing leading to tripped thermal overloads,2
"Extruder zone 4 barrel heater relay stuck closed, causing severe local overheating.",overheating,extruder zone 4 barrel heater relay stuck closed causing severe local overheating,4
"Batch mixer discharge butterfly valve seat degraded, allowing dry powder leakage during cycle.",wear_and_tear,batch mixer discharge butterfly valve seat degraded allowing dry powder leakage during cycle,7
"Centrifugal pump impeller blades are heavily pitted from cavitation, reducing flow.",wear_and_tear,centrifugal pump impeller blades are heavily pitted from cavitation reducing flow,7
Pinhole leak on servo valve pilot line causing erratic axis drift and oil mist.,hydraulic_leak,pinhole leak on servo valve pilot line causing erratic axis drift and oil mist,3
"Primary crusher drive coupling rubber spider disintegrated, heavy vibration at startup.",wear_and_tear,primary crusher drive coupling rubber spider disintegrated heavy vibration at startup,7
"Main reservoir return line cracked at the weld, steady pooling underneath unit.",hydraulic_leak,main reservoir return line cracked at the weld steady pooling underneath unit,3
Hydraulic power unit electric motor bearing noisy,bearing_failure,hydraulic power unit electric motor bearing noisy,0
Conveyor drive motor running hot to touch after 20 mins of continuous load.,overheating,conveyor drive motor running hot to touch after 20 mins of continuous load,4
Sump pump check valve flapper rusted open due to acidic mine water exposure.,corrosion,sump pump check valve flapper rusted open due to acidic mine water exposure,1
Mixer agitator shaft seal packing gland overtightened and still weeping product.,wear_and_tear,mixer agitator shaft seal packing gland overtightened and still weeping product,7
"Ruptured hydraulic accumulator bladder charging line, pressure lost instantly.",hydraulic_leak,ruptured hydraulic accumulator bladder charging line pressure lost instantly,3
"Extruder main drive motor running hot at 92C under load, thermal trip imminent.",overheating,extruder main drive motor running hot at 92c under load thermal trip imminent,4
"Hydraulic reservoir temp hitting 145F, heat exchanger fouled with scale.",overheating,hydraulic reservoir temp hitting 145f heat exchanger fouled with scale,4
Cracked weld on hydraulic reservoir return trough causing slow continuous leak.,hydraulic_leak,cracked weld on hydraulic reservoir return trough causing slow continuous leak,3
"Booster pump motor drive end bearing is completely locked up, thermal overload tripped.",bearing_failure,booster pump motor drive end bearing is completely locked up thermal overload tripped,0
Insulation breakdown on chiller compressor power cable inside terminal enclosure.,electrical_fault,insulation breakdown on chiller compressor power cable inside terminal enclosure,2
"MCC-2 feed pump motor tripped on overload; reset and checked amp draw, found phase C pulling 15% high.",electrical_fault,mcc-2 feed pump motor tripped on overload reset and checked amp draw found phase c pulling 15 high,2
Reactor vessel pressure transducer reading erratic spikes up to 300 psi during steady-state operation.,sensor_malfunction,reactor vessel pressure transducer reading erratic spikes up to 300 psi during steady-state operation,5
"Ground fault on Roller Table 1 drive motor, megger test confirms fried phase B winding.",electrical_fault,ground fault on roller table 1 drive motor megger test confirms fried phase b winding,2
Corroded sprinkler pipe hanger in warehouse zone 3 needs immediate replacement.,corrosion,corroded sprinkler pipe hanger in warehouse zone 3 needs immediate replacement,1
"Conveyor transfer station limit switch wiring severed by falling debris, causing short circuit and blown 10A fuse.",electrical_fault,conveyor transfer station limit switch wiring severed by falling debris causing short circuit and blown 10a fuse,2
Exhaust blower motor housing too hot to touch; clean filters and check alignment.,overheating,exhaust blower motor housing too hot to touch clean filters and check alignment,4
"Conveyor 5 photoeye logic inverted in PLC program, boxes running backward.",software_control_fault,conveyor 5 photoeye logic inverted in plc program boxes running backward,6
"Rotary airlock speed monitor failing to pick up target, dropping trip signal.",sensor_malfunction,rotary airlock speed monitor failing to pick up target dropping trip signal,5
"AHU-2 supply fan belt-end bearing is failing, loud roaring sound audible in mechanical room.",bearing_failure,ahu-2 supply fan belt-end bearing is failing loud roaring sound audible in mechanical room,0
"Batch mixer PLC memory corruption detected after brownout, reloading backup program from flash card.",software_control_fault,batch mixer plc memory corruption detected after brownout reloading backup program from flash card,6
"Hydraulic leak at main suction line flange on #3 hydraulic power unit, pooling on floor.",hydraulic_leak,hydraulic leak at main suction line flange on 3 hydraulic power unit pooling on floor,3
"Chiller compressor 1 crankcase heater circuit tripped breaker, found shorted heating element inside compressor shell.",electrical_fault,chiller compressor 1 crankcase heater circuit tripped breaker found shorted heating element inside compressor shell,2
"Batching system controller threw memory parity fault, halted line.",software_control_fault,batching system controller threw memory parity fault halted line,6
"Exhaust scrubber fan motor making loud humming noise, single-phasing due to burnt contact in starter.",electrical_fault,exhaust scrubber fan motor making loud humming noise single-phasing due to burnt contact in starter,2
"Mixer agitator gearbox output shaft bearing seized solid, motor tripped on overload.",bearing_failure,mixer agitator gearbox output shaft bearing seized solid motor tripped on overload,0
"Exhaust fan 1 controller stuck in local mode, would not respond to remote SCADA command.",software_control_fault,exhaust fan 1 controller stuck in local mode would not respond to remote scada command,6
Chiller compressor service valves weeping refrigerant past worn stem packing.,wear_and_tear,chiller compressor service valves weeping refrigerant past worn stem packing,7
Pitted shaft sleeve on boiler blowdown pump causing premature mechanical seal failure.,corrosion,pitted shaft sleeve on boiler blowdown pump causing premature mechanical seal failure,1
Heavy rust accumulation on feed water pump casing flange causing minor weeping at the gasket.,corrosion,heavy rust accumulation on feed water pump casing flange causing minor weeping at the gasket,1
Corrosion on exhaust stack guy wires showing strand thinning near anchor points.,corrosion,corrosion on exhaust stack guy wires showing strand thinning near anchor points,1
"Pneumatic transfer system PLC watchdog timer expired, emergency stop triggered.",software_control_fault,pneumatic transfer system plc watchdog timer expired emergency stop triggered,6
"Boiler induced draft fan bearing temp reading 195F on SCADA, needs immediate inspection.",overheating,boiler induced draft fan bearing temp reading 195f on scada needs immediate inspection,4
Asphalt plant pugmill mixer PLC memory parity error on rack 2.,software_control_fault,asphalt plant pugmill mixer plc memory parity error on rack 2,6
Pitting on internal walls of pneumatic receiver vessel; UT test required to verify remaining wall thickness.,corrosion,pitting on internal walls of pneumatic receiver vessel ut test required to verify remaining wall thickness,1
"Overhead crane bridge travel motor bearing seized, motor stalled and tripped thermal overload.",bearing_failure,overhead crane bridge travel motor bearing seized motor stalled and tripped thermal overload,0
"Blown fuse on Conveyor 6 photocell circuit, traced to pinched wire under guide rail.",electrical_fault,blown fuse on conveyor 6 photocell circuit traced to pinched wire under guide rail,2
De-palletizer vacuum gripper release command delayed by 800ms due to network latency on SCADA.,software_control_fault,de-palletizer vacuum gripper release command delayed by 800ms due to network latency on scada,6
"Heavy rust on underground fuel oil fill port cap threads, unable to seal properly.",corrosion,heavy rust on underground fuel oil fill port cap threads unable to seal properly,1
Slow drip from banjo fitting on steering actuator of forklift #12.,hydraulic_leak,slow drip from banjo fitting on steering actuator of forklift 12,3
Glycol pump mechanical seal failed prematurely due to abrasive rust particles circulating in the fluid loop.,corrosion,glycol pump mechanical seal failed prematurely due to abrasive rust particles circulating in the fluid loop,1
Seeping seal on counterbalance valve block of overhead crane hoist motor.,hydraulic_leak,seeping seal on counterbalance valve block of overhead crane hoist motor,3
"Hot water circulation pump mechanical seal failing, steady drip at 3 drops per min.",wear_and_tear,hot water circulation pump mechanical seal failing steady drip at 3 drops per min,7
"Rotary airlock valve drive bearing locked up, sheared the shear pin on the sprocket.",bearing_failure,rotary airlock valve drive bearing locked up sheared the shear pin on the sprocket,0
Cracked weld on hydraulic reservoir return port causing steady leak.,hydraulic_leak,cracked weld on hydraulic reservoir return port causing steady leak,3
"Main line pneumatic actuator linkage bushings worn out, excessive play causing misalignments.",wear_and_tear,main line pneumatic actuator linkage bushings worn out excessive play causing misalignments,7
"Heavy oxidation on exterior of emergency generator fuel tank fill port, surrounding deck grating showing flaking rust.",corrosion,heavy oxidation on exterior of emergency generator fuel tank fill port surrounding deck grating showing flaking rust,1
"Boiler feed pump wear rings have excessive clearance, high internal slip.",wear_and_tear,boiler feed pump wear rings have excessive clearance high internal slip,7
Diesel generator exhaust manifold covered in heavy surface rust and flaking scale.,corrosion,diesel generator exhaust manifold covered in heavy surface rust and flaking scale,1
Vertical turbine pump line shaft sleeve bearing worn out of tolerance,bearing_failure,vertical turbine pump line shaft sleeve bearing worn out of tolerance,0
Centrifugal blower housing interior pitted from acidic flue gas condensate exposure.,corrosion,centrifugal blower housing interior pitted from acidic flue gas condensate exposure,1
"Deaerator pressure sensor erratic, causing erratic vent valve actuation",sensor_malfunction,deaerator pressure sensor erratic causing erratic vent valve actuation,5
Extruder gearbox oil temp alarm active; high speed shaft bearing showing early failure signs.,overheating,extruder gearbox oil temp alarm active high speed shaft bearing showing early failure signs,4
"Automatic guided vehicle navigation controller dropped Wi-Fi packets, causing ghost stop on path 2.",software_control_fault,automatic guided vehicle navigation controller dropped wi-fi packets causing ghost stop on path 2,6
"HMI touch screen on packing line 1 unresponsive, power cycle restored display driver.",software_control_fault,hmi touch screen on packing line 1 unresponsive power cycle restored display driver,6
"Water treatment clarifier drive motor thermal relay tripped, gearbox very hot.",overheating,water treatment clarifier drive motor thermal relay tripped gearbox very hot,4
Rotary kiln drive controller dropped Ethernet/IP connection to the central SCADA network.,software_control_fault,rotary kiln drive controller dropped ethernet ip connection to the central scada network,6
Conveyor belt 3 motor drive reporting an internal firmware crash code F-042.,software_control_fault,conveyor belt 3 motor drive reporting an internal firmware crash code f-042,6
"High-pressure fitting stripped on the pipe bending machine clamp circuit, fluid spraying.",hydraulic_leak,high-pressure fitting stripped on the pipe bending machine clamp circuit fluid spraying,3
Agitator gearbox output shaft seal leaking gear oil into mixing tank.,wear_and_tear,agitator gearbox output shaft seal leaking gear oil into mixing tank,7
Batch mixer planetary gearbox making whining noise and running noticeably hotter than usual.,overheating,batch mixer planetary gearbox making whining noise and running noticeably hotter than usual,4
"Air handler unit #5 fan shaft bearing seized, tripping thermal overload relay.",bearing_failure,air handler unit 5 fan shaft bearing seized tripping thermal overload relay,0
"Boiler feed water pump motor phase imbalance detected; leg B voltage low, terminal block connections oxidized.",electrical_fault,boiler feed water pump motor phase imbalance detected leg b voltage low terminal block connections oxidized,2
Exhaust scrubber recirculation pump tripped thermal overload; found loose terminal connection melting the wire nut.,electrical_fault,exhaust scrubber recirculation pump tripped thermal overload found loose terminal connection melting the wire nut,2
Pinched seal in quick-release coupling on liftgate hydraulic circuit.,hydraulic_leak,pinched seal in quick-release coupling on liftgate hydraulic circuit,3
"Rod wiper seal failure on hydraulic press ram, oil spilling onto lower die set.",hydraulic_leak,rod wiper seal failure on hydraulic press ram oil spilling onto lower die set,3
"Boiler feed pump 2 controller lost IP address configuration after power surge, dropping off network.",software_control_fault,boiler feed pump 2 controller lost ip address configuration after power surge dropping off network,6
Boiler feedwater flow meter losing 4-20mA signal intermittently.,sensor_malfunction,boiler feedwater flow meter losing 4-20ma signal intermittently,5
Chemical dosing pump motor winding insulation degraded; ground fault relay tripped repeatedly.,electrical_fault,chemical dosing pump motor winding insulation degraded ground fault relay tripped repeatedly,2
Pitting corrosion on compressor intercooler tubes leading to localized air-to-water leakage.,corrosion,pitting corrosion on compressor intercooler tubes leading to localized air-to-water leakage,1
Gate valve GV-11 stem threads stripped due to rust build-up in outdoor unheated valve pit.,corrosion,gate valve gv-11 stem threads stripped due to rust build-up in outdoor unheated valve pit,1
"Sorting line conveyor 5 drive motor shorted out, tripped main distribution breaker.",electrical_fault,sorting line conveyor 5 drive motor shorted out tripped main distribution breaker,2
"Slewing drive hydraulic motor leaking from drain port, low torque noted.",hydraulic_leak,slewing drive hydraulic motor leaking from drain port low torque noted,3
Severe corrosion on electrical conduit fitting entering outdoor chiller control panel.,corrosion,severe corrosion on electrical conduit fitting entering outdoor chiller control panel,1
Rotary screw air compressor airend discharge bearing chattering badly under full load.,bearing_failure,rotary screw air compressor airend discharge bearing chattering badly under full load,0
Main air header pressure sensor calibration drifted down 15 psi.,sensor_malfunction,main air header pressure sensor calibration drifted down 15 psi,5
"Hydraulic press main cylinder LVDT feedback sensor out of calibration, causing positioning errors.",sensor_malfunction,hydraulic press main cylinder lvdt feedback sensor out of calibration causing positioning errors,5
"Main 400A breaker for HVAC chiller #2 tripped under load; arc flash inspection clear, resetting now.",electrical_fault,main 400a breaker for hvac chiller 2 tripped under load arc flash inspection clear resetting now,2
Centrifugal pump impeller vanes cavitation-pitted and reduced by 30% in thickness.,wear_and_tear,centrifugal pump impeller vanes cavitation-pitted and reduced by 30 in thickness,7
"HVAC air handler blower bearing squealing intermittently, belt tension checked and OK.",bearing_failure,hvac air handler blower bearing squealing intermittently belt tension checked and ok,0
Rotary kiln drive pinion outboard bearing hot and rumbling.,bearing_failure,rotary kiln drive pinion outboard bearing hot and rumbling,0
"Hose chaffing against frame rail on scissor lift #12, weeping fluid during operation.",hydraulic_leak,hose chaffing against frame rail on scissor lift 12 weeping fluid during operation,3
"Rotary air dryer control circuit fuse keeps blowing, traced to shorted wire in internal enclosure.",electrical_fault,rotary air dryer control circuit fuse keeps blowing traced to shorted wire in internal enclosure,2
"Injection molding press toggle linkage bearing seizing, localized temp spike at 110C.",overheating,injection molding press toggle linkage bearing seizing localized temp spike at 110c,4
"Control cabinet main circuit breaker instantly trips on reset, suspect dead short in feed wiring.",electrical_fault,control cabinet main circuit breaker instantly trips on reset suspect dead short in feed wiring,2
Boiler 1 burner management system PLC lost HART communication with the fuel gas transmitter.,software_control_fault,boiler 1 burner management system plc lost hart communication with the fuel gas transmitter,6
"Cylinder cap end seal blown out on hoist mechanism, immediate shut down required.",hydraulic_leak,cylinder cap end seal blown out on hoist mechanism immediate shut down required,3
"Chilled water circulation pump motor DE bearing smoking, unit locked out.",bearing_failure,chilled water circulation pump motor de bearing smoking unit locked out,0
Cooling tower fan gearbox output shaft bearing vibrating excessively at 1800 RPM.,bearing_failure,cooling tower fan gearbox output shaft bearing vibrating excessively at 1800 rpm,0
Pneumatic blower inlet bearing making metallic rattling noise.,bearing_failure,pneumatic blower inlet bearing making metallic rattling noise,0
Tank farm SCADA graphic showing greyed-out dynamic data links for valves V-101 through V-105.,software_control_fault,tank farm scada graphic showing greyed-out dynamic data links for valves v-101 through v-105,6
"Boiler feed pump #1 inboard sleeve bearing seized completely, motor tripped on overcurrent.",bearing_failure,boiler feed pump 1 inboard sleeve bearing seized completely motor tripped on overcurrent,0
Worn wiper seal on hydraulic cylinder causing heavy oil bypass during retract cycle.,hydraulic_leak,worn wiper seal on hydraulic cylinder causing heavy oil bypass during retract cycle,3
Auxiliary lube pump motor PLC auto-start sequence failed during routine test.,software_control_fault,auxiliary lube pump motor plc auto-start sequence failed during routine test,6
"Hydraulic leak at flange connection of cooling fan motor, fluid contaminating floor.",hydraulic_leak,hydraulic leak at flange connection of cooling fan motor fluid contaminating floor,3
Main lift cylinder bottom gland seal leaking under pressure.,hydraulic_leak,main lift cylinder bottom gland seal leaking under pressure,3
"Chiller compressor oil temp reading -40F, open circuit suspected on RTD.",sensor_malfunction,chiller compressor oil temp reading -40f open circuit suspected on rtd,5
HMI trending data freezing on line 3 pasteurizer due to memory leak in the visualization software.,software_control_fault,hmi trending data freezing on line 3 pasteurizer due to memory leak in the visualization software,6
Corrosion on pneumatic actuator mounting bracket for ESD valve #4 needs cleaning and recoating.,corrosion,corrosion on pneumatic actuator mounting bracket for esd valve 4 needs cleaning and recoating,1
"HMI screen on conveyor 4 frozen, operator unable to execute manual stop sequence.",software_control_fault,hmi screen on conveyor 4 frozen operator unable to execute manual stop sequence,6
Water treatment clarifier rake drive worm gear teeth pitted and worn down.,wear_and_tear,water treatment clarifier rake drive worm gear teeth pitted and worn down,7
"HMI lost comms with PLC-03, operator unable to adjust line speed.",software_control_fault,hmi lost comms with plc-03 operator unable to adjust line speed,6
Minor seep at the flange gasket of the primary hydraulic heat exchanger.,hydraulic_leak,minor seep at the flange gasket of the primary hydraulic heat exchanger,3
"Rotary screw compressor oil separator temp high, service required immediately.",overheating,rotary screw compressor oil separator temp high service required immediately,4
Heavy scale accumulation restricting drain port on oil-water separator vessel.,corrosion,heavy scale accumulation restricting drain port on oil-water separator vessel,1
"Cooling tower fan motor internal short, heavy burning smell from terminal box.",electrical_fault,cooling tower fan motor internal short heavy burning smell from terminal box,2
Packaging line sorting arm pivot bushing seized due to brass wear and lack of grease.,wear_and_tear,packaging line sorting arm pivot bushing seized due to brass wear and lack of grease,7
Unloader crane PLC threw an illegal instruction fault during the automated homing sequence.,software_control_fault,unloader crane plc threw an illegal instruction fault during the automated homing sequence,6
"Palletizer PLC rack PSU faulted, dropping all discrete output cards and halting operation.",software_control_fault,palletizer plc rack psu faulted dropping all discrete output cards and halting operation,6
"Mixer agitator gearbox breather plugged, pressure buildup causing severe overheating of casing.",overheating,mixer agitator gearbox breather plugged pressure buildup causing severe overheating of casing,4
"Line 3 exhaust fan motor running hot to the touch, tripping thermal overload every 20 mins.",overheating,line 3 exhaust fan motor running hot to the touch tripping thermal overload every 20 mins,4
"Wastewater aerator motor single-phased, thermal overload saved unit but winding insulation compromised.",electrical_fault,wastewater aerator motor single-phased thermal overload saved unit but winding insulation compromised,2
"Pellet mill main roller bearing spalled severely, heavy vibration shaking the frame.",bearing_failure,pellet mill main roller bearing spalled severely heavy vibration shaking the frame,0
Severe corrosion on the intake louvers of Emergency Generator #1 radiator housing.,corrosion,severe corrosion on the intake louvers of emergency generator 1 radiator housing,1
"Feed conveyor belt frayed along left edge, needs replacement before snapping.",wear_and_tear,feed conveyor belt frayed along left edge needs replacement before snapping,7
Generator cooling fan belt dried out and snapped during routine operation.,wear_and_tear,generator cooling fan belt dried out and snapped during routine operation,7
"Blown 5A fuse on auto-lubricator control board, unit dead.",electrical_fault,blown 5a fuse on auto-lubricator control board unit dead,2
"EtherCAT master disconnected error on CNC lathe axis controller, production halted.",software_control_fault,ethercat master disconnected error on cnc lathe axis controller production halted,6
"Conveyor belt #4 edge fraying badly along return idler, schedule retensioning and patch.",wear_and_tear,conveyor belt 4 edge fraying badly along return idler schedule retensioning and patch,7
"Rust scale fouling the magnetic pickup sensor on Sludge Pump #4, causing erratic RPM readings on PLC.",corrosion,rust scale fouling the magnetic pickup sensor on sludge pump 4 causing erratic rpm readings on plc,1
Flange face pitting found on boiler feedwater pump suction nozzle; gasket weeping slightly.,corrosion,flange face pitting found on boiler feedwater pump suction nozzle gasket weeping slightly,1
"Chiller plant master PLC crashed during auto-lead/lag transition, manual takeover required.",software_control_fault,chiller plant master plc crashed during auto-lead lag transition manual takeover required,6
"Injection molding machine oil cooler plugged, hydraulic unit shutting down on high temp.",overheating,injection molding machine oil cooler plugged hydraulic unit shutting down on high temp,4
Pitting corrosion discovered on propeller blades of cooling tower fan #4 during monthly inspection.,corrosion,pitting corrosion discovered on propeller blades of cooling tower fan 4 during monthly inspection,1
"Transfer car wheel bearing seized, flat spot worn into steel wheel tread.",bearing_failure,transfer car wheel bearing seized flat spot worn into steel wheel tread,0
"Rotary airlock rotor tips are worn down, letting air bypass into the feed line.",wear_and_tear,rotary airlock rotor tips are worn down letting air bypass into the feed line,7
Cooling tower fan gearbox intermediate shaft bearing showing high spectral peaks on VA route.,bearing_failure,cooling tower fan gearbox intermediate shaft bearing showing high spectral peaks on va route,0
"Fitting cross-threaded during last shift repair on the indexer cylinder, blowing fluid.",hydraulic_leak,fitting cross-threaded during last shift repair on the indexer cylinder blowing fluid,3
Silo 3 rotary paddle level switch stuck in material-present state despite empty bin.,sensor_malfunction,silo 3 rotary paddle level switch stuck in material-present state despite empty bin,5
Blown 15A control fuse on Packing Machine #2; replaced fuse but unit still dead.,electrical_fault,blown 15a control fuse on packing machine 2 replaced fuse but unit still dead,2
"Fitted new O-ring on return line banjo fitting, leak resolved on conveyor 12 drive unit.",hydraulic_leak,fitted new o-ring on return line banjo fitting leak resolved on conveyor 12 drive unit,3
"Vacuum pump #4 motor thermal cutoff tripped, unit located in hot mezzanine area.",overheating,vacuum pump 4 motor thermal cutoff tripped unit located in hot mezzanine area,4
"North cooling water supply temp transmitter dead, reading -40F on DCS graphics.",sensor_malfunction,north cooling water supply temp transmitter dead reading -40f on dcs graphics,5
Silo 3 top-mounted radar level transmitter returning invalid distance error.,sensor_malfunction,silo 3 top-mounted radar level transmitter returning invalid distance error,5
"Furnace zone 1 flame scanner sensor weak signal, intermittent burner shutdown.",sensor_malfunction,furnace zone 1 flame scanner sensor weak signal intermittent burner shutdown,5
"Hydraulic fluid dripping steadily from rod seal on primary clamp cylinder, press line 2.",hydraulic_leak,hydraulic fluid dripping steadily from rod seal on primary clamp cylinder press line 2,3
Chilled water loop pump #2 motor drive end bearing running hot at 165F with audible grinding.,bearing_failure,chilled water loop pump 2 motor drive end bearing running hot at 165f with audible grinding,0
"Emergency fire damper limit switch stuck open, status light dark on HMI.",sensor_malfunction,emergency fire damper limit switch stuck open status light dark on hmi,5
"Main extruder gearbox high-speed shaft bearing vibrating excessively, scheduled for weekend overhaul.",bearing_failure,main extruder gearbox high-speed shaft bearing vibrating excessively scheduled for weekend overhaul,0
"Chilled water pump #3 inboard bearing running hot at 165 deg F, grease purge shows metallic flakes.",bearing_failure,chilled water pump 3 inboard bearing running hot at 165 deg f grease purge shows metallic flakes,0
"Boiler forced draft fan bearing roaring loudly, high vibration at 120Hz.",bearing_failure,boiler forced draft fan bearing roaring loudly high vibration at 120hz,0
"Cooling tower fan motor tripped thermal overload, found loose terminal connection on phase A.",electrical_fault,cooling tower fan motor tripped thermal overload found loose terminal connection on phase a,2
Boiler 1 fuel gas shutoff valve interlock logic reversed in PLC firmware modification.,software_control_fault,boiler 1 fuel gas shutoff valve interlock logic reversed in plc firmware modification,6
"Labeler applicator peel plate edge nicked and worn, tearing labels intermittently.",wear_and_tear,labeler applicator peel plate edge nicked and worn tearing labels intermittently,7
Air compressor 1airend discharge bearing showing high frequency vibration anomalies on PdM route.,bearing_failure,air compressor 1airend discharge bearing showing high frequency vibration anomalies on pdm route,0
Main air compressor discharge temp probe shearing off in thermowell due to water hammer.,sensor_malfunction,main air compressor discharge temp probe shearing off in thermowell due to water hammer,5
"Centrifugal compressor impeller vanes eroded from cavitation, discharge pressure dropping.",wear_and_tear,centrifugal compressor impeller vanes eroded from cavitation discharge pressure dropping,7
"Crushed hydraulic line running under pallet wrapper turntable, active pooling.",hydraulic_leak,crushed hydraulic line running under pallet wrapper turntable active pooling,3
"PT-102 discharge temp sensor reading high, verified with IR gun, actual temp is normal.",sensor_malfunction,pt-102 discharge temp sensor reading high verified with ir gun actual temp is normal,5
Exhaust blower motor failed to start; thermal overload tripped and main fuse blown on 480V feed.,electrical_fault,exhaust blower motor failed to start thermal overload tripped and main fuse blown on 480v feed,2
Surface oxidation and rust scale on the structural support frame of cooling tower CT-01 near the basin overflow.,corrosion,surface oxidation and rust scale on the structural support frame of cooling tower ct-01 near the basin overflow,1
Air compressor oil filter housing thread O-ring crushed and leaking after routine PM.,wear_and_tear,air compressor oil filter housing thread o-ring crushed and leaking after routine pm,7
"Pressure line chafing through protective sleeve against cable tray, spraying fluid.",hydraulic_leak,pressure line chafing through protective sleeve against cable tray spraying fluid,3
"Hydraulic power unit #3 fluid temp hit 165°F under normal load, reservoir cooling fan inop.",overheating,hydraulic power unit 3 fluid temp hit 165 f under normal load reservoir cooling fan inop,4
"Packaging line sealer bar temperature runaway, solid state relay shorted.",overheating,packaging line sealer bar temperature runaway solid state relay shorted,4
Firmware crash on palletizer axis controller causing unexpected homing failure.,software_control_fault,firmware crash on palletizer axis controller causing unexpected homing failure,6
"Blow-molding machine toggle bushings egg-shaped, causing part flashing.",wear_and_tear,blow-molding machine toggle bushings egg-shaped causing part flashing,7
"Mag meter on chemical dosing skid flashing fault code E-04, no flow reading to PLC.",sensor_malfunction,mag meter on chemical dosing skid flashing fault code e-04 no flow reading to plc,5
Vacuum pump coupling rubber spider completely disintegrated from wear and oil exposure.,wear_and_tear,vacuum pump coupling rubber spider completely disintegrated from wear and oil exposure,7
Cooling tower fan gearbox oil breaking down rapidly from chronic high operating temps.,overheating,cooling tower fan gearbox oil breaking down rapidly from chronic high operating temps,4
Shaft seal failure on the main hydraulic drive pump for the shredder line; heavy loss.,hydraulic_leak,shaft seal failure on the main hydraulic drive pump for the shredder line heavy loss,3
"Grit collector drive torque sensor tripping at low loads, recalibrate overload setpoint",sensor_malfunction,grit collector drive torque sensor tripping at low loads recalibrate overload setpoint,5
"Elevator head pulley bearing screaming under load, immediate replacement required.",bearing_failure,elevator head pulley bearing screaming under load immediate replacement required,0
EtherNet/IP packet loss causing erratic jogging on robotic arm cell 1.,software_control_fault,ethernet ip packet loss causing erratic jogging on robotic arm cell 1,6
Air compressor main screw sleeve bearing shows early signs of spalling; metal flakes found in oil sample.,bearing_failure,air compressor main screw sleeve bearing shows early signs of spalling metal flakes found in oil sample,0
Packaging line sorting roller chain elongated beyond tensioner limits due to pin wear.,wear_and_tear,packaging line sorting roller chain elongated beyond tensioner limits due to pin wear,7
Hydraulic power unit electric motor rear bearing making cyclic ticking noise.,bearing_failure,hydraulic power unit electric motor rear bearing making cyclic ticking noise,0
Packaging robot arm axis 3 power cable has intermittent open circuit due to repeated flexing.,electrical_fault,packaging robot arm axis 3 power cable has intermittent open circuit due to repeated flexing,2
Wastewater clarifier drive worm gear is showing severe tooth wear and metal shavings.,wear_and_tear,wastewater clarifier drive worm gear is showing severe tooth wear and metal shavings,7
"Bleeder valve on brake manifold left loose during PM, minor seepage noted.",hydraulic_leak,bleeder valve on brake manifold left loose during pm minor seepage noted,3
"Conveyor transfer motor starter contacts welded shut, tripping upstream breaker.",electrical_fault,conveyor transfer motor starter contacts welded shut tripping upstream breaker,2
Chilled water loop flow meter losing signal during peak load conditions.,sensor_malfunction,chilled water loop flow meter losing signal during peak load conditions,5
"Corroded grounding strap on exterior transformer pad, high resistance reading.",corrosion,corroded grounding strap on exterior transformer pad high resistance reading,1
Wastewater agitator gearbox output bearing spalled and leaking oil past seal.,bearing_failure,wastewater agitator gearbox output bearing spalled and leaking oil past seal,0
"Compressor lube oil pressure sensor intermittent connection at plug, tripping unit.",sensor_malfunction,compressor lube oil pressure sensor intermittent connection at plug tripping unit,5
Exhaust ductwork on diesel backup generator rusted out at roof penetration.,corrosion,exhaust ductwork on diesel backup generator rusted out at roof penetration,1
Staple line palletizer main breaker trips on startup; visual inspection shows chafed wiring harness inside the cabinet.,electrical_fault,staple line palletizer main breaker trips on startup visual inspection shows chafed wiring harness inside the cabinet,2
"Incline conveyor belt lacing pin worn half-through, joint looks weak.",wear_and_tear,incline conveyor belt lacing pin worn half-through joint looks weak,7
"Exhaust blower pillow block bearing completely disintegrated, shaft sagging.",bearing_failure,exhaust blower pillow block bearing completely disintegrated shaft sagging,0
"Stacker crane travel motor bearing binding, causing intermittent drive faults on axis 2.",bearing_failure,stacker crane travel motor bearing binding causing intermittent drive faults on axis 2,0
Screw compressor minimum pressure valve Teflon seat is grooved and leaking.,wear_and_tear,screw compressor minimum pressure valve teflon seat is grooved and leaking,7
Heavy rust accumulation on feed water pump casing causing minor weeping at the mechanical seal gland.,corrosion,heavy rust accumulation on feed water pump casing causing minor weeping at the mechanical seal gland,1
"Exhaust fan V-belts stretched and cracked, airflow output down 15%.",wear_and_tear,exhaust fan v-belts stretched and cracked airflow output down 15,7
"Extruder barrel zone 4 heater band stuck on, causing material degradation.",overheating,extruder barrel zone 4 heater band stuck on causing material degradation,4
"Gearbox #1 output shaft bushing worn out, excessive play in shaft.",wear_and_tear,gearbox 1 output shaft bushing worn out excessive play in shaft,7
Severe galvanic corrosion observed on the stainless-steel mounting bolts of recirculation pump #2 flange.,corrosion,severe galvanic corrosion observed on the stainless-steel mounting bolts of recirculation pump 2 flange,1
"Palletizer PLC logic locked up in an infinite loop during the sorting sequence, cleared via online edit.",software_control_fault,palletizer plc logic locked up in an infinite loop during the sorting sequence cleared via online edit,6
Boiler feedwater pump motor phase-loss relay tripped; found loose lug inside starter enclosure.,electrical_fault,boiler feedwater pump motor phase-loss relay tripped found loose lug inside starter enclosure,2
"Rust scaling inside electrical enclosure NEMA 4x latch mechanism, door jammed.",corrosion,rust scaling inside electrical enclosure nema 4x latch mechanism door jammed,1
Compressor stage 2 rotor bearing high temp alarm triggered at 230F.,bearing_failure,compressor stage 2 rotor bearing high temp alarm triggered at 230f,0
"Chiller compressor 2 threw thermal overload, windings show signs of thermal degradation.",electrical_fault,chiller compressor 2 threw thermal overload windings show signs of thermal degradation,2
VFD on Mixer #3 showing earth fault alarm; motor leads checked out OK.,electrical_fault,vfd on mixer 3 showing earth fault alarm motor leads checked out ok,2
"Rotary air compressor 4 SCADA graphics showing grayed-out status indicators, control logic still running.",software_control_fault,rotary air compressor 4 scada graphics showing grayed-out status indicators control logic still running,6
Megger test on Main Water Pump motor showed zero resistance on phase C.,electrical_fault,megger test on main water pump motor showed zero resistance on phase c,2
"Ammonia compressor suction pressure transmitter erratic, capacity control hunting.",sensor_malfunction,ammonia compressor suction pressure transmitter erratic capacity control hunting,5
"Main line sorter PLC scan time exceeded threshold, causing intermittent tracking drops.",software_control_fault,main line sorter plc scan time exceeded threshold causing intermittent tracking drops,6
"Motor casing temp reached 95C under full load, tripping thermal overload on conveyor 3 drive.",overheating,motor casing temp reached 95c under full load tripping thermal overload on conveyor 3 drive,4
Air handling unit supply fan bearing making metallic scraping noise.,bearing_failure,air handling unit supply fan bearing making metallic scraping noise,0
Cooling fan on air compressor intercooler seized and blew the primary control fuse.,electrical_fault,cooling fan on air compressor intercooler seized and blew the primary control fuse,2
"Main exhaust fan motor running hot to touch after 20 mins of operation, thermal overload tripped twice today.",overheating,main exhaust fan motor running hot to touch after 20 mins of operation thermal overload tripped twice today,4
Conveyor belt 1 inverse logic error causing backward feed during start sequence.,software_control_fault,conveyor belt 1 inverse logic error causing backward feed during start sequence,6
SCADA trend historian failing to log pressure data from reactor vessel 3 since shift change.,software_control_fault,scada trend historian failing to log pressure data from reactor vessel 3 since shift change,6
"Split hydraulic return hose underneath the scissor lift platform, pooling oil.",hydraulic_leak,split hydraulic return hose underneath the scissor lift platform pooling oil,3
"Cooling tower fan gearbox output shaft bearing spalling badly, loud grinding noise heard during rounds.",bearing_failure,cooling tower fan gearbox output shaft bearing spalling badly loud grinding noise heard during rounds,0
"Chilled water pump #1 casing hot to touch, suction strainer completely plugged.",overheating,chilled water pump 1 casing hot to touch suction strainer completely plugged,4
Tramp metal separator belt gouged and torn in multiple spots from sharp feed.,wear_and_tear,tramp metal separator belt gouged and torn in multiple spots from sharp feed,7
Crushed hydraulic line on conveyor 12 lift table causing erratic movement and oil loss.,hydraulic_leak,crushed hydraulic line on conveyor 12 lift table causing erratic movement and oil loss,3
Hydraulic power unit oil temp switch leaking and failing to trip at 140F setpoint.,sensor_malfunction,hydraulic power unit oil temp switch leaking and failing to trip at 140f setpoint,5
"Chiller 3 return chilled water temp probe reading 120F, actual loop temp is 45F.",sensor_malfunction,chiller 3 return chilled water temp probe reading 120f actual loop temp is 45f,5
"Cooling fan blade missing on drive motor, causing rapid thermal cutout trips.",overheating,cooling fan blade missing on drive motor causing rapid thermal cutout trips,4
"Exhaust damper linkage bronze bushings worn out, creating sloppy positioning and hunting.",wear_and_tear,exhaust damper linkage bronze bushings worn out creating sloppy positioning and hunting,7
CIP system valve matrix sequence halting mid-cycle on step 14 due to missing handshake signal.,software_control_fault,cip system valve matrix sequence halting mid-cycle on step 14 due to missing handshake signal,6
Boiler feedwater pump #1 outboard bearing temp reading 195°F on handheld meter.,overheating,boiler feedwater pump 1 outboard bearing temp reading 195 f on handheld meter,4
Air compressor 4 lead-lag control logic is out of sync with plant master controller.,software_control_fault,air compressor 4 lead-lag control logic is out of sync with plant master controller,6
Pelletizer cutter motor tripping on electronic thermal overload.,overheating,pelletizer cutter motor tripping on electronic thermal overload,4
Insulation failure on crane hoist power cable; splicing in replacement section.,electrical_fault,insulation failure on crane hoist power cable splicing in replacement section,2
"Centrifugal pump thrust bearing failed, severe axial play on shaft",bearing_failure,centrifugal pump thrust bearing failed severe axial play on shaft,0
"Chiller compressor 1 discharge temp alarm active, head pressure spiking at 280 psi.",overheating,chiller compressor 1 discharge temp alarm active head pressure spiking at 280 psi,4
"Main air header dew point sensor soaked with oil carryover, erratic RH data.",sensor_malfunction,main air header dew point sensor soaked with oil carryover erratic rh data,5
Fire suppression system control panel logging intermittent serial link fault with main PLC.,software_control_fault,fire suppression system control panel logging intermittent serial link fault with main plc,6
Main hydraulic reservoir sight glass leaking around gasket flange.,hydraulic_leak,main hydraulic reservoir sight glass leaking around gasket flange,3
Hydraulic leak at quick-disconnect coupling on forklift attachment.,hydraulic_leak,hydraulic leak at quick-disconnect coupling on forklift attachment,3
Main line turbine fan bearing reading 210F with severe axial vibration.,bearing_failure,main line turbine fan bearing reading 210f with severe axial vibration,0
Cracked elbow fitting on accumulator charging circuit.,hydraulic_leak,cracked elbow fitting on accumulator charging circuit,3
Emergency generator fuel level ultrasonic sensor stuck at empty despite full tank.,sensor_malfunction,emergency generator fuel level ultrasonic sensor stuck at empty despite full tank,5
Stator winding failure on 50HP pump motor; pulled unit for shop rebuild.,electrical_fault,stator winding failure on 50hp pump motor pulled unit for shop rebuild,2
Chiller unit 1 PLC threw an analog input out-of-range error for the loop temp sensor.,software_control_fault,chiller unit 1 plc threw an analog input out-of-range error for the loop temp sensor,6
"Exhaust fan drive belt slipping due to excessive stretching, temp running high at 145F.",wear_and_tear,exhaust fan drive belt slipping due to excessive stretching temp running high at 145f,7
"Vacuum pump #1 coupling end bearing failed, shaft has noticeable radial play.",bearing_failure,vacuum pump 1 coupling end bearing failed shaft has noticeable radial play,0
Red rust trails on structural support beams underneath acid wash conveyor line.,corrosion,red rust trails on structural support beams underneath acid wash conveyor line,1
ID fan outboard bearing grease purged black with metal flakes present,bearing_failure,id fan outboard bearing grease purged black with metal flakes present,0
"Auxiliary boiler feedwater pump bearing assembly hot, alignment checked out of spec.",overheating,auxiliary boiler feedwater pump bearing assembly hot alignment checked out of spec,4
HVAC chilled water return temp sensor calibration is off by 8 degrees.,sensor_malfunction,hvac chilled water return temp sensor calibration is off by 8 degrees,5
Pneumatic valve positioner smart chip failing to communicate HART protocol.,sensor_malfunction,pneumatic valve positioner smart chip failing to communicate hart protocol,5
Rotary screw compressor control panel throwing Phase Loss alarm; incoming L2 leg dead at main disconnect.,electrical_fault,rotary screw compressor control panel throwing phase loss alarm incoming l2 leg dead at main disconnect,2
"Gearbox #3 output shaft bushing worn out, causing excessive radial play on the pinion gear.",wear_and_tear,gearbox 3 output shaft bushing worn out causing excessive radial play on the pinion gear,7
Stacker crane travel motor bearing making metallic grinding noise.,bearing_failure,stacker crane travel motor bearing making metallic grinding noise,0
Overhead crane bridge drive gearbox leaking through worn output shaft oil seal.,wear_and_tear,overhead crane bridge drive gearbox leaking through worn output shaft oil seal,7
Pitting on chemical metering pump stainless steel head assembly; chemical leak detected.,corrosion,pitting on chemical metering pump stainless steel head assembly chemical leak detected,1
"Extruder barrel zone 4 heater band running uncontrolled, surface temp exceeded 500F before manual shutdown.",overheating,extruder barrel zone 4 heater band running uncontrolled surface temp exceeded 500f before manual shutdown,4
"PT-102 discharge pressure transmitter reading erratic spikes, 0-150 psi range unreliable.",sensor_malfunction,pt-102 discharge pressure transmitter reading erratic spikes 0-150 psi range unreliable,5
Deaerator feed pump bearing housing vibrating and running 40F over ambient.,overheating,deaerator feed pump bearing housing vibrating and running 40f over ambient,4
"Cooling tower fan motor winding resistance is reading zero to ground, insulation breakdown confirmed with megger.",electrical_fault,cooling tower fan motor winding resistance is reading zero to ground insulation breakdown confirmed with megger,2
Pin hole leak in high pressure supply line spraying fluid near motor.,hydraulic_leak,pin hole leak in high pressure supply line spraying fluid near motor,3
"Incoming power supply to packing line conveyor PLC intermittent, dropping out under heavy load.",electrical_fault,incoming power supply to packing line conveyor plc intermittent dropping out under heavy load,2
"Hydraulic leak at the banjo fitting on steering actuator, needs new crush washers.",hydraulic_leak,hydraulic leak at the banjo fitting on steering actuator needs new crush washers,3
"Overhead crane bridge travel motor phase imbalance detected, measure 14A, 14A, and 22A across phases.",electrical_fault,overhead crane bridge travel motor phase imbalance detected measure 14a 14a and 22a across phases,2
Hydraulic clamping circuit manifold leaking from internal plug weep hole.,hydraulic_leak,hydraulic clamping circuit manifold leaking from internal plug weep hole,3
"Blown fuse on Main Assembly Line transformer secondary, replaced and tested output voltage.",electrical_fault,blown fuse on main assembly line transformer secondary replaced and tested output voltage,2
Pneumatic pinch valve sleeve degraded and tearing near center port.,wear_and_tear,pneumatic pinch valve sleeve degraded and tearing near center port,7
Pitting on emergency diesel generator raw water heat exchanger end bell requires weld repair.,corrosion,pitting on emergency diesel generator raw water heat exchanger end bell requires weld repair,1
Internal rust scale breaking loose in compressed air main and clogging point-of-use regulators.,corrosion,internal rust scale breaking loose in compressed air main and clogging point-of-use regulators,1
SCADA alarm flood indicating intermittent Ethernet/IP dropouts at mixing tank 1 node.,software_control_fault,scada alarm flood indicating intermittent ethernet ip dropouts at mixing tank 1 node,6
"Pinched hose on hydraulic clamp circuit, pressure dropping below 1200 psi threshold.",hydraulic_leak,pinched hose on hydraulic clamp circuit pressure dropping below 1200 psi threshold,3
Slow seepage around the flange bolts of the hydraulic reservoir return manifold.,hydraulic_leak,slow seepage around the flange bolts of the hydraulic reservoir return manifold,3
Fire suppression system flow switch stuck in tripped position after test.,sensor_malfunction,fire suppression system flow switch stuck in tripped position after test,5
"Pneumatic cylinder internal piston seals worn, causing cylinder to creep under load.",wear_and_tear,pneumatic cylinder internal piston seals worn causing cylinder to creep under load,7
"Rod scraper seal damaged on hydraulic press brake ram, minor external oil film present.",hydraulic_leak,rod scraper seal damaged on hydraulic press brake ram minor external oil film present,3
Furnace zone 4 thermocouple broken wire indicated by upscale maximum reading.,sensor_malfunction,furnace zone 4 thermocouple broken wire indicated by upscale maximum reading,5
"Sifter deck suspension springs fatigued and sagging, causing structural rubbing.",wear_and_tear,sifter deck suspension springs fatigued and sagging causing structural rubbing,7
"Hydraulic power unit 1 motor seized, severe winding burn-out and chemical smell present.",electrical_fault,hydraulic power unit 1 motor seized severe winding burn-out and chemical smell present,2
"LS-12 limit switch on conveyor 4 takeoff jammed open, pallet staging backup occurring.",sensor_malfunction,ls-12 limit switch on conveyor 4 takeoff jammed open pallet staging backup occurring,5
Main breaker for assembly line 2 tripped due to momentary phase imbalance and overcurrent spike.,electrical_fault,main breaker for assembly line 2 tripped due to momentary phase imbalance and overcurrent spike,2
Packer machine gearbox output shaft bearing making heavy grinding noise.,wear_and_tear,packer machine gearbox output shaft bearing making heavy grinding noise,7
"Sieve shaker mounting springs fatigued and sagging, dampening vibration stroke.",wear_and_tear,sieve shaker mounting springs fatigued and sagging dampening vibration stroke,7
Extruder barrel cooling fan motor bearing seized up.,bearing_failure,extruder barrel cooling fan motor bearing seized up,0
Main exhaust fan B-2 showing excessive vibration due to worn motor housing bushings.,wear_and_tear,main exhaust fan b-2 showing excessive vibration due to worn motor housing bushings,7
Boiler feedwater pump non-return valve stuck open due to mineral scale build-up on internal guide rails.,corrosion,boiler feedwater pump non-return valve stuck open due to mineral scale build-up on internal guide rails,1
"Sinter plant fan bearing vibrating violently, impending catastrophic seizure likely.",bearing_failure,sinter plant fan bearing vibrating violently impending catastrophic seizure likely,0
Boiler economizer inlet gas temp thermocouple wiring shorted to conduit box.,sensor_malfunction,boiler economizer inlet gas temp thermocouple wiring shorted to conduit box,5
Heavy rust on fire suppression system dry pipe riser check valve bonnet bolts.,corrosion,heavy rust on fire suppression system dry pipe riser check valve bonnet bolts,1
Condenser tube sheet showing widespread galvanic corrosion and pitting near sacrificial anodes.,corrosion,condenser tube sheet showing widespread galvanic corrosion and pitting near sacrificial anodes,1
"Boiler 1 feed pump PLC stuck in manual mode, auto PID loop logic failing to execute.",software_control_fault,boiler 1 feed pump plc stuck in manual mode auto pid loop logic failing to execute,6
"Main water pump impeller vanes eroded from cavitation, reduced discharge pressure.",wear_and_tear,main water pump impeller vanes eroded from cavitation reduced discharge pressure,7
"Blown 2A fuse on Fire Damper 4 control module, replaced and tested manual override.",electrical_fault,blown 2a fuse on fire damper 4 control module replaced and tested manual override,2
Fire suppression system nitrogen cylinder pressure transducer showing low battery/fault.,sensor_malfunction,fire suppression system nitrogen cylinder pressure transducer showing low battery fault,5
"Servo valve subplate gasket blown, heavy hydraulic leak and loss of control.",hydraulic_leak,servo valve subplate gasket blown heavy hydraulic leak and loss of control,3
"Insulation failure on crane hoist pendant cable, replaced entire 50ft tether assembly.",electrical_fault,insulation failure on crane hoist pendant cable replaced entire 50ft tether assembly,2
"Slurry pump wear plate deeply grooved, clearance out of spec.",wear_and_tear,slurry pump wear plate deeply grooved clearance out of spec,7
"Exhaust fan 4 bearing temp RTD shorted out, showing -50F on PLC screen.",sensor_malfunction,exhaust fan 4 bearing temp rtd shorted out showing -50f on plc screen,5
"Chiller water flow meter showing zero GPM despite pump running at 60Hz, verify inline strainer is clear",sensor_malfunction,chiller water flow meter showing zero gpm despite pump running at 60hz verify inline strainer is clear,5
Pneumatic transfer blower bearing failure caused severe rotor rub against housing.,bearing_failure,pneumatic transfer blower bearing failure caused severe rotor rub against housing,0
Cooling tower fan 1 VFD lost fieldbus communication with master PLC controller.,software_control_fault,cooling tower fan 1 vfd lost fieldbus communication with master plc controller,6
"Elevator bucket belt stretched to max take-up limit, needs section cut out.",wear_and_tear,elevator bucket belt stretched to max take-up limit needs section cut out,7
Agitator drive coupling spider insert completely pulverized from age and torque cycles.,wear_and_tear,agitator drive coupling spider insert completely pulverized from age and torque cycles,7
Rotary kiln drive PLC losing encoder feedback pulses intermittently.,software_control_fault,rotary kiln drive plc losing encoder feedback pulses intermittently,6
"Centrifugal pump wear rings clearance exceeded, flow dropped.",wear_and_tear,centrifugal pump wear rings clearance exceeded flow dropped,7
"Bucket elevator drive chain elongated past tolerance limit, jumping teeth on the sprocket.",wear_and_tear,bucket elevator drive chain elongated past tolerance limit jumping teeth on the sprocket,7
Cooling water booster pump non-drive end bearing rattling at 1750 RPM.,bearing_failure,cooling water booster pump non-drive end bearing rattling at 1750 rpm,0
Cooling fan motor on Extruder 4 showing signs of winding failure with burning smell.,electrical_fault,cooling fan motor on extruder 4 showing signs of winding failure with burning smell,2
Induced draft damper actuator linkage bearing seized solid.,bearing_failure,induced draft damper actuator linkage bearing seized solid,0
"Chilled water circulation pump outboard seal running hot to touch, checked alignment and it's off by 40 mils.",overheating,chilled water circulation pump outboard seal running hot to touch checked alignment and it s off by 40 mils,4
"Main breaker for Assembly Line 4 keeps tripping under heavy load, suspect thermal fatigue.",electrical_fault,main breaker for assembly line 4 keeps tripping under heavy load suspect thermal fatigue,2
Hydraulic leak on the brake accumulator charging valve block of the gantry crane.,hydraulic_leak,hydraulic leak on the brake accumulator charging valve block of the gantry crane,3
Screw compressor main rotor roller bearing showing high vibration FFT spectrum anomalies.,bearing_failure,screw compressor main rotor roller bearing showing high vibration fft spectrum anomalies,0
"Rotary kiln shell temp pyrometer lens coated in dust, clean optics and verify sighting alignment",sensor_malfunction,rotary kiln shell temp pyrometer lens coated in dust clean optics and verify sighting alignment,5
"Main air compressor discharge air temp sensor failing high, tripping high-temp safety switch at 110C.",overheating,main air compressor discharge air temp sensor failing high tripping high-temp safety switch at 110c,4
"Air dryer purge valve PLC timer loop failing to reset, causing continuous venting.",software_control_fault,air dryer purge valve plc timer loop failing to reset causing continuous venting,6
Compressor room ventilation fan failure caused ambient temp to reach 45C.,overheating,compressor room ventilation fan failure caused ambient temp to reach 45c,4
Submersible sump pump running dry and overheating before float switch engaged.,overheating,submersible sump pump running dry and overheating before float switch engaged,4
Packaging line #1 thermal sealer heating element wiring insulation degraded and shorted against metal frame.,electrical_fault,packaging line 1 thermal sealer heating element wiring insulation degraded and shorted against metal frame,2
Severe oxidation on main breaker enclosure door hinges; latch mechanism stuck open.,corrosion,severe oxidation on main breaker enclosure door hinges latch mechanism stuck open,1
"Chiller Compressor 1 tripped on internal thermal cutout, low voltage suspected on L2.",electrical_fault,chiller compressor 1 tripped on internal thermal cutout low voltage suspected on l2,2
"Main sewage lift station guide rails heavily corroded, threatening structural integrity of carriage.",corrosion,main sewage lift station guide rails heavily corroded threatening structural integrity of carriage,1
"Main exhaust damper linkage bushings wallowed out, slop in blade positioning.",wear_and_tear,main exhaust damper linkage bushings wallowed out slop in blade positioning,7
"Exhaust fan unit 3 throwing thermal overload repeatedly, found burnt wiring inside terminal box.",electrical_fault,exhaust fan unit 3 throwing thermal overload repeatedly found burnt wiring inside terminal box,2
Blower motor sleeve bushing has excessive play causing heavy shaft vibration.,wear_and_tear,blower motor sleeve bushing has excessive play causing heavy shaft vibration,7
"Boiler feed pump throttle bushing worn, high bypass flow observed.",wear_and_tear,boiler feed pump throttle bushing worn high bypass flow observed,7
Boiler feed pump motor terminal block melted; vibration caused loose lug and high resistance arc.,electrical_fault,boiler feed pump motor terminal block melted vibration caused loose lug and high resistance arc,2
"Main gate valve stem heavily rusted, stuck half-open during emergency shutdown test.",corrosion,main gate valve stem heavily rusted stuck half-open during emergency shutdown test,1
"Auto-bagger PLC logic error causing double-drops on every fifth cycle, updated rung logic.",software_control_fault,auto-bagger plc logic error causing double-drops on every fifth cycle updated rung logic,6
"Pinpoint spray leak on main pump discharge hose, wrapping with tape temporarily.",hydraulic_leak,pinpoint spray leak on main pump discharge hose wrapping with tape temporarily,3
Mixer motor 2 PLC input card fried after power surge.,software_control_fault,mixer motor 2 plc input card fried after power surge,6
"Cooling fan motor bearing failed, unit dropped offline.",bearing_failure,cooling fan motor bearing failed unit dropped offline,0
Corrosion on waste water sump pump 2 guide rails causing binding during lift operations.,corrosion,corrosion on waste water sump pump 2 guide rails causing binding during lift operations,1
Centrifugal blower inlet damper linkage bushings are seized from rust and wear.,wear_and_tear,centrifugal blower inlet damper linkage bushings are seized from rust and wear,7
Internal pipe scale breaking loose and clogging inline strainer downstream of the main water meter.,corrosion,internal pipe scale breaking loose and clogging inline strainer downstream of the main water meter,1
"Mixing paddle shaft outboard pillow block bearing dry and noisy, greasing port blocked.",bearing_failure,mixing paddle shaft outboard pillow block bearing dry and noisy greasing port blocked,0
"Hydraulic cooler core cracked internally, mixing oil with cooling water loop.",hydraulic_leak,hydraulic cooler core cracked internally mixing oil with cooling water loop,3
Heavy scale build-up inside Plate Heat Exchanger PHE-02 plates; delta P across unit exceeds 15 psi limit.,corrosion,heavy scale build-up inside plate heat exchanger phe-02 plates delta p across unit exceeds 15 psi limit,1
Blown 30A fuse on palletizer motor starter; motor seized due to jammed gearbox.,electrical_fault,blown 30a fuse on palletizer motor starter motor seized due to jammed gearbox,2
Main exhaust fan breaker trips immediately when switched to manual override.,electrical_fault,main exhaust fan breaker trips immediately when switched to manual override,2
Pneumatic actuator cylinder body pitted and leaking air past seals due to internal moisture corrosion.,corrosion,pneumatic actuator cylinder body pitted and leaking air past seals due to internal moisture corrosion,1
"HVAC air handler blower belt is glazed, squealing on startup.",wear_and_tear,hvac air handler blower belt is glazed squealing on startup,7
"Compressor stage 2 discharge air temp alarm at 240F, check intercooler water flow.",overheating,compressor stage 2 discharge air temp alarm at 240f check intercooler water flow,4
Fire sprinkler piping in wet pipe system showing heavy exterior scale and weeping joints.,corrosion,fire sprinkler piping in wet pipe system showing heavy exterior scale and weeping joints,1
Chilled water loop circulation pump vibration and high bearing temp noted on round.,overheating,chilled water loop circulation pump vibration and high bearing temp noted on round,4
"Exhaust hood exhaust fan starter coil burned out, preventing remote start from kitchen control panel.",electrical_fault,exhaust hood exhaust fan starter coil burned out preventing remote start from kitchen control panel,2
"Diesel generator radiator core clogged with dust, engine coolant temp reaching 215°F.",overheating,diesel generator radiator core clogged with dust engine coolant temp reaching 215 f,4
Condensate return line pinhole leak caused by internal wall thinning from carbonic acid corrosion near elbow joint.,corrosion,condensate return line pinhole leak caused by internal wall thinning from carbonic acid corrosion near elbow joint,1
"Slow weep observed at rod seal of lift cylinder #3, scheduled for weekend PM.",hydraulic_leak,slow weep observed at rod seal of lift cylinder 3 scheduled for weekend pm,3
Trip coil activated on main 4160V breaker for primary water pump; relay showing earth fault.,electrical_fault,trip coil activated on main 4160v breaker for primary water pump relay showing earth fault,2
Boiler draft fan bearing failure caused immediate emergency shutdown.,bearing_failure,boiler draft fan bearing failure caused immediate emergency shutdown,0
"Exhaust scrubber pump tripped thermal relay, low resistance on motor winding phase C.",electrical_fault,exhaust scrubber pump tripped thermal relay low resistance on motor winding phase c,2
"Conveyor sortation logic sending boxes down wrong chute, encoder pulse mismatch.",software_control_fault,conveyor sortation logic sending boxes down wrong chute encoder pulse mismatch,6
Conveyor belt #5 variable frequency drive displaying Earth Fault code upon acceleration ramp-up.,electrical_fault,conveyor belt 5 variable frequency drive displaying earth fault code upon acceleration ramp-up,2
"Sludge press drive reducer running extremely hot, oil level check shows water contamination.",overheating,sludge press drive reducer running extremely hot oil level check shows water contamination,4
Conveyor 3 speed sensor showing 0 RPM on HMI despite belt running normally at full speed.,sensor_malfunction,conveyor 3 speed sensor showing 0 rpm on hmi despite belt running normally at full speed,5
CNC spindle chiller flow error coupled with spindle housing running very hot.,overheating,cnc spindle chiller flow error coupled with spindle housing running very hot,4
"Mixer tank agitator shaft bushing excessively worn, causing 1/4 inch radial play.",wear_and_tear,mixer tank agitator shaft bushing excessively worn causing 1 4 inch radial play,7
"Conveyor belt speed sensor intermittently losing pulse count, causing unnecessary line stoppages.",sensor_malfunction,conveyor belt speed sensor intermittently losing pulse count causing unnecessary line stoppages,5
Main line gear reducer output shaft seal weeping grease.,wear_and_tear,main line gear reducer output shaft seal weeping grease,7
"Boiler feedwater flow transmitter output erratic, dampening parameter needs check.",sensor_malfunction,boiler feedwater flow transmitter output erratic dampening parameter needs check,5
Exhaust fan unit #2 tripped main breaker; found phase imbalance and motor windings showing ground fault.,electrical_fault,exhaust fan unit 2 tripped main breaker found phase imbalance and motor windings showing ground fault,2
Deaerator level control valve hunting continuously due to bad analog output scale in PLC.,software_control_fault,deaerator level control valve hunting continuously due to bad analog output scale in plc,6
"Rotary kiln drive PLC losing analog input scaling, skewing RPM readouts by 20%.",software_control_fault,rotary kiln drive plc losing analog input scaling skewing rpm readouts by 20,6
Flange bolts on primary chemical feed pump heavily corroded; requires immediate replacement to prevent leaks.,corrosion,flange bolts on primary chemical feed pump heavily corroded requires immediate replacement to prevent leaks,1
Pallet wrapper turntable motor tripping thermal overload; high amp draw due to shorted winding turns.,electrical_fault,pallet wrapper turntable motor tripping thermal overload high amp draw due to shorted winding turns,2
"Weeping seal on boom extension cylinder, machine 12, top off daily.",hydraulic_leak,weeping seal on boom extension cylinder machine 12 top off daily,3
Heavy oxidation on emergency generator exhaust manifold flange bolts; shearing during torque check.,corrosion,heavy oxidation on emergency generator exhaust manifold flange bolts shearing during torque check,1
"Conveyor belt tail pulley bearing seized up, causing belt slippage and burning smell.",bearing_failure,conveyor belt tail pulley bearing seized up causing belt slippage and burning smell,0
Exterior corrosion on emergency diesel generator fuel tank vent pipe; cap rusted shut.,corrosion,exterior corrosion on emergency diesel generator fuel tank vent pipe cap rusted shut,1
Kiln drive chain stretched significantly; master link pin showing deep groove wear.,wear_and_tear,kiln drive chain stretched significantly master link pin showing deep groove wear,7
"Discharge pressure transmitter on boiler feed pump #2 dead, 4-20mA loop open.",sensor_malfunction,discharge pressure transmitter on boiler feed pump 2 dead 4-20ma loop open,5
"Booster pump suction pressure gauge reading negative during prime cycle, calibration drift suspected",sensor_malfunction,booster pump suction pressure gauge reading negative during prime cycle calibration drift suspected,5
"Rotary kiln drive trunnion bearing operating hot at 195F, check lube lines.",bearing_failure,rotary kiln drive trunnion bearing operating hot at 195f check lube lines,0
"Exhaust hood fan #1 blown main fuse; motor windings shorted to ground, preparing for rewind.",electrical_fault,exhaust hood fan 1 blown main fuse motor windings shorted to ground preparing for rewind,2
HMI touch panel unresponsive to inputs on washdown station 4.,software_control_fault,hmi touch panel unresponsive to inputs on washdown station 4,6
Pitting corrosion observed on the submerged portion of the sump pump casing in Pit B.,corrosion,pitting corrosion observed on the submerged portion of the sump pump casing in pit b,1
Diesel generator fuel lift pump diaphragm is cracked and weeping diesel.,wear_and_tear,diesel generator fuel lift pump diaphragm is cracked and weeping diesel,7
"Vacuum pump oil turning dark and smelling burnt, unit overheating after 2 hours.",overheating,vacuum pump oil turning dark and smelling burnt unit overheating after 2 hours,4
"Silo 3 top limit switch arm bent, no signal on up travel.",sensor_malfunction,silo 3 top limit switch arm bent no signal on up travel,5
"Heavy rust scale inside compressed air receiver tank bottom drain port, clogging auto-drain.",corrosion,heavy rust scale inside compressed air receiver tank bottom drain port clogging auto-drain,1
Galvanic reaction between aluminum mounting bracket and steel frame causing localized pitting.,corrosion,galvanic reaction between aluminum mounting bracket and steel frame causing localized pitting,1
"Screw conveyor flighting edge worn thin over last 4 feet, low output volume.",wear_and_tear,screw conveyor flighting edge worn thin over last 4 feet low output volume,7
Ventilation exhaust fan motor thermal overload tripped; low voltage on phase A causing motor to drag.,electrical_fault,ventilation exhaust fan motor thermal overload tripped low voltage on phase a causing motor to drag,2
"Rotary airlock feeder tip seals worn, blowing product back into intake chute.",wear_and_tear,rotary airlock feeder tip seals worn blowing product back into intake chute,7
Wasterwater lift station level float switch stuck in high position due to grease buildup.,sensor_malfunction,wasterwater lift station level float switch stuck in high position due to grease buildup,5
Severe oxidation on emergency diesel generator exhaust manifold thermal wrap brackets.,corrosion,severe oxidation on emergency diesel generator exhaust manifold thermal wrap brackets,1
Accumulated rust scale blocking strainer basket on suction side of booster pump.,corrosion,accumulated rust scale blocking strainer basket on suction side of booster pump,1
Centrifuge feed pump flow rate calculation logic outputting NaN to SCADA.,software_control_fault,centrifuge feed pump flow rate calculation logic outputting nan to scada,6
Corroded hardline pinhole leak on CNC turret lathe hydraulic clamping unit.,hydraulic_leak,corroded hardline pinhole leak on cnc turret lathe hydraulic clamping unit,3
Robot arm controller threw a severe safety circuit fault during palletizing cycle.,software_control_fault,robot arm controller threw a severe safety circuit fault during palletizing cycle,6
Air compressor load solenoid position switch not making contact.,sensor_malfunction,air compressor load solenoid position switch not making contact,5
"Exhaust fan 2 vibration sensor intermittent high spikes, suspect loose BNC cable.",sensor_malfunction,exhaust fan 2 vibration sensor intermittent high spikes suspect loose bnc cable,5
Palletizer indexer servo motor throwing over-temp faults during rapid cycling.,overheating,palletizer indexer servo motor throwing over-temp faults during rapid cycling,4
"Air compressor #3 high stage discharge temp alarm active, intercooler needs descaling.",overheating,air compressor 3 high stage discharge temp alarm active intercooler needs descaling,4
Cooling tower fan blade assembly showing signs of pitting along the leading edges.,corrosion,cooling tower fan blade assembly showing signs of pitting along the leading edges,1
"Main line exhaust fan bearing housing hot to touch, thermal gun reads 180F.",bearing_failure,main line exhaust fan bearing housing hot to touch thermal gun reads 180f,0
Feed water pump mechanical seal leaking ~2 GPM; scoring evident on shaft sleeve from prolonged operation.,wear_and_tear,feed water pump mechanical seal leaking 2 gpm scoring evident on shaft sleeve from prolonged operation,7
"Reactor agitator drive upper sleeve bearing wiping babbit material, shutdown req.",bearing_failure,reactor agitator drive upper sleeve bearing wiping babbit material shutdown req,0
Paint booth make-up air unit burner housing overheating past safety limit switch.,overheating,paint booth make-up air unit burner housing overheating past safety limit switch,4
"Rotary air compressor stage 2 shaft bushing is completely wallowed out, resulting in excessive rotor play.",wear_and_tear,rotary air compressor stage 2 shaft bushing is completely wallowed out resulting in excessive rotor play,7
Flange leakage due to severe gasket face corrosion on high-pressure steam trap station.,corrosion,flange leakage due to severe gasket face corrosion on high-pressure steam trap station,1
"Infeed conveyor drive motor smoking and smelling of burnt insulation, immediately locked out for safety.",overheating,infeed conveyor drive motor smoking and smelling of burnt insulation immediately locked out for safety,4
"Dust collector rotary valve flexible tips worn down, air blow-by.",wear_and_tear,dust collector rotary valve flexible tips worn down air blow-by,7
Scale build-up inside air compressor aftercooler causing high discharge temps.,corrosion,scale build-up inside air compressor aftercooler causing high discharge temps,1
"Robotics controller cabinet internal temp at 50C, filter fan failure.",overheating,robotics controller cabinet internal temp at 50c filter fan failure,4
Internal pipe scale restricting suction line pressure on air compressor #2.,corrosion,internal pipe scale restricting suction line pressure on air compressor 2,1
"VT-04 accelerometer on shredder gearbox loose on mounting stud, generating false spike data.",sensor_malfunction,vt-04 accelerometer on shredder gearbox loose on mounting stud generating false spike data,5
Cooling tower fan 2 vibration trip logic masked in software; investigating configuration change.,software_control_fault,cooling tower fan 2 vibration trip logic masked in software investigating configuration change,6
"Compressor stage 2 interstage pressure sensor showing negative psi, probable blown element.",sensor_malfunction,compressor stage 2 interstage pressure sensor showing negative psi probable blown element,5
Cooling fan on 50HP extrusion motor dead; thermal overload tripped after 20 mins of continuous operation.,electrical_fault,cooling fan on 50hp extrusion motor dead thermal overload tripped after 20 mins of continuous operation,2
"Main exhaust fan V-belts stretched and loose, causing belt squeal on startup.",wear_and_tear,main exhaust fan v-belts stretched and loose causing belt squeal on startup,7
"Main air compressor oil temp alarm active, intercooler partially blocked with scale.",overheating,main air compressor oil temp alarm active intercooler partially blocked with scale,4
Air handler unit #4 belt tensioner pulley bearing squealing.,wear_and_tear,air handler unit 4 belt tensioner pulley bearing squealing,7
Cooling water booster pump bearing seized during shift change.,bearing_failure,cooling water booster pump bearing seized during shift change,0
"ID fan #4 inboard roller bearing temperature climbing rapidly under load, currently at 210F.",bearing_failure,id fan 4 inboard roller bearing temperature climbing rapidly under load currently at 210f,0
"Exhaust blower motor windings shorted to housing, tripping ground fault protection.",electrical_fault,exhaust blower motor windings shorted to housing tripping ground fault protection,2
"Generator enclosure cooling fan motor bearings are noisy, high vibration signature.",wear_and_tear,generator enclosure cooling fan motor bearings are noisy high vibration signature,7
Overhead crane bridge motor tripped breaker; found burnt wiring harness inside the pendant control station.,electrical_fault,overhead crane bridge motor tripped breaker found burnt wiring harness inside the pendant control station,2
Flange gasket failure caused by heavy flange face corrosion on acid transfer line.,corrosion,flange gasket failure caused by heavy flange face corrosion on acid transfer line,1
Seep observed at the flange gasket of the main hydraulic manifold block.,hydraulic_leak,seep observed at the flange gasket of the main hydraulic manifold block,3
HVAC air handler unit controller lost IP address configuration on network switch.,software_control_fault,hvac air handler unit controller lost ip address configuration on network switch,6
"Exhaust fan motor winding temp alarm active, intake filters caked with dust.",overheating,exhaust fan motor winding temp alarm active intake filters caked with dust,4
Palletizer lift mast guide rollers flat-spotted and binding in the track.,wear_and_tear,palletizer lift mast guide rollers flat-spotted and binding in the track,7
Boiler 2 pressure transmitter scaling factor corrupted in PLC registers.,software_control_fault,boiler 2 pressure transmitter scaling factor corrupted in plc registers,6
Surface rust and scaling on exterior of compressed air receiver tank; hydro test recommended.,corrosion,surface rust and scaling on exterior of compressed air receiver tank hydro test recommended,1
Line 5 palletizer conveyor snub pulley bearing seized and shredded the belt.,bearing_failure,line 5 palletizer conveyor snub pulley bearing seized and shredded the belt,0
Conveyor belt drive gearbox thermal alarm tripped; oil level is low and sight glass is black.,overheating,conveyor belt drive gearbox thermal alarm tripped oil level is low and sight glass is black,4
"Centrifuge bowl main bearing vibrating past 0.7 ips threshold, shutting down.",bearing_failure,centrifuge bowl main bearing vibrating past 0 7 ips threshold shutting down,0
"Submersible sump pump ran dry due to float switch failure, thermal switch shut it down.",overheating,submersible sump pump ran dry due to float switch failure thermal switch shut it down,4
"Baghouse dust collector timer board firmware corrupted, continuous pulse cleaning stuck ON.",software_control_fault,baghouse dust collector timer board firmware corrupted continuous pulse cleaning stuck on,6
Primary crusher drive gearbox intermediate shaft bearing showing high vibration levels.,bearing_failure,primary crusher drive gearbox intermediate shaft bearing showing high vibration levels,0
"Internal surfaces of air receiver tank heavily scaled with flash rust and moisture deposits, requires abrasive blasting.",corrosion,internal surfaces of air receiver tank heavily scaled with flash rust and moisture deposits requires abrasive blasting,1
"Insulation breakdown detected on 480V supply cable to chiller compressor 2, megger test showed zero ohms to ground.",electrical_fault,insulation breakdown detected on 480v supply cable to chiller compressor 2 megger test showed zero ohms to ground,2
"Deaerator tank pressure transmitter frozen at 12 psi, diaphragm ruptured.",sensor_malfunction,deaerator tank pressure transmitter frozen at 12 psi diaphragm ruptured,5
Boiler draft fan motor bearing failure causing severe vibration and heat.,overheating,boiler draft fan motor bearing failure causing severe vibration and heat,4
"Exhaust fan #2 V-belt stretched and slipping, causing low airflow alarm.",wear_and_tear,exhaust fan 2 v-belt stretched and slipping causing low airflow alarm,7
"Minor seepage around the banjo bolt on the steering orbitrol valve, tightening required.",hydraulic_leak,minor seepage around the banjo bolt on the steering orbitrol valve tightening required,3
Modbus timeout error between temperature controller and PLC rack 1.,software_control_fault,modbus timeout error between temperature controller and plc rack 1,6
"Bucket elevator belt splice pulling apart, fasteners wearing through old webbing.",wear_and_tear,bucket elevator belt splice pulling apart fasteners wearing through old webbing,7
"Chilled water pump brass bushings scored and excessively sloppy, causing shaft misalignment.",wear_and_tear,chilled water pump brass bushings scored and excessively sloppy causing shaft misalignment,7
"FT-205 waste water discharge magmeter electrode fouled with grease, empty pipe alarm active.",sensor_malfunction,ft-205 waste water discharge magmeter electrode fouled with grease empty pipe alarm active,5
"Compressor stage 2 discharge air temp reading 40F above normal threshold, suspected bypass valve leakage.",overheating,compressor stage 2 discharge air temp reading 40f above normal threshold suspected bypass valve leakage,4
Boiler steam drum level transmitter drifting; level indication does not match sight glass.,sensor_malfunction,boiler steam drum level transmitter drifting level indication does not match sight glass,5
Air compressor main screw bearing showing elevated vibration levels on the CMS dashboard.,bearing_failure,air compressor main screw bearing showing elevated vibration levels on the cms dashboard,0
"Mixer agitator shaft bushing worn out of round, causing side-to-side whip.",wear_and_tear,mixer agitator shaft bushing worn out of round causing side-to-side whip,7
"Slight moisture around pressure gauge snubber fitting, monitor during daily checks.",hydraulic_leak,slight moisture around pressure gauge snubber fitting monitor during daily checks,3
Raw material feed screw drive motor overheating under heavy particle load.,overheating,raw material feed screw drive motor overheating under heavy particle load,4
"Conveyor belt 3 speed sensor losing signal at high RPM, intermittent tracking faults.",sensor_malfunction,conveyor belt 3 speed sensor losing signal at high rpm intermittent tracking faults,5
"Wastewater lift pump 3 auto-alternate logic failed, requiring manual toggle.",software_control_fault,wastewater lift pump 3 auto-alternate logic failed requiring manual toggle,6
Chilled water makeup line isolation valve stem pitted and leaking packing gland due to electrochemical attack.,corrosion,chilled water makeup line isolation valve stem pitted and leaking packing gland due to electrochemical attack,1
"Wastewater mixer gearbox output bearing failed, shaft has excessive play.",bearing_failure,wastewater mixer gearbox output bearing failed shaft has excessive play,0
"Water treatment chemical dosing pump motor fused phases, internal winding burnout.",electrical_fault,water treatment chemical dosing pump motor fused phases internal winding burnout,2
"Chilled water pump #3 motor humming but not rotating, single-phasing due to dropped leg.",electrical_fault,chilled water pump 3 motor humming but not rotating single-phasing due to dropped leg,2
"Exhaust fan #3 motor winding failure; smelled burning insulation, megger test showed short to ground on phase A.",electrical_fault,exhaust fan 3 motor winding failure smelled burning insulation megger test showed short to ground on phase a,2
"Chilled water pump motor failed to start, tripped breaker, internal winding short confirmed.",electrical_fault,chilled water pump motor failed to start tripped breaker internal winding short confirmed,2
Main plant transformer secondary side showing phase loss; suspected blown HRC fuse in primary isolator.,electrical_fault,main plant transformer secondary side showing phase loss suspected blown hrc fuse in primary isolator,2
"Dust collector DP gauge tubing plugged, differential pressure reading zero.",sensor_malfunction,dust collector dp gauge tubing plugged differential pressure reading zero,5
"Packaging machine main PLC memory corruption, reload required.",software_control_fault,packaging machine main plc memory corruption reload required,6
Air compressor motor thermal overload relay keeps dropping out after 10 mins runtime.,electrical_fault,air compressor motor thermal overload relay keeps dropping out after 10 mins runtime,2
Rotary airlock motor wiring burnt at terminal box due to loose connection arc.,electrical_fault,rotary airlock motor wiring burnt at terminal box due to loose connection arc,2
HMI alarm banner flooded with ghost warnings from decommissioned heat exchanger.,software_control_fault,hmi alarm banner flooded with ghost warnings from decommissioned heat exchanger,6
Minor seepage around the suction strainer flange on hydraulic power unit HPU-04.,hydraulic_leak,minor seepage around the suction strainer flange on hydraulic power unit hpu-04,3
Clinker cooler drag chain drive shaft pillow block bearing has cracked housing and seized rollers.,bearing_failure,clinker cooler drag chain drive shaft pillow block bearing has cracked housing and seized rollers,0
"Exhaust fan motor winding shorted to ground, smelling of burnt varnish.",electrical_fault,exhaust fan motor winding shorted to ground smelling of burnt varnish,2
Pneumatic actuator air supply line ruptured due to internal rust flaking clogging the solenoid valve.,corrosion,pneumatic actuator air supply line ruptured due to internal rust flaking clogging the solenoid valve,1
"Slitter knife motor thermal trip; gearbox lubrication is degraded, needs immediate flush and fill.",overheating,slitter knife motor thermal trip gearbox lubrication is degraded needs immediate flush and fill,4
"Conveyor belt speed sensor faulted, causing frequent VSD drive faults.",sensor_malfunction,conveyor belt speed sensor faulted causing frequent vsd drive faults,5
Paint booth exhaust blower motor bearing failure causing high vibration and rapid heat buildup.,overheating,paint booth exhaust blower motor bearing failure causing high vibration and rapid heat buildup,4
Intermittent communication loss on chiller unit due to frayed control wiring in conduit.,electrical_fault,intermittent communication loss on chiller unit due to frayed control wiring in conduit,2
Mixer tank agitator upper bearing rattling loudly at 1200 RPM.,bearing_failure,mixer tank agitator upper bearing rattling loudly at 1200 rpm,0
Exhaust duct flexible connection canvas rotting and tearing at the flange clamps.,wear_and_tear,exhaust duct flexible connection canvas rotting and tearing at the flange clamps,7
"Heavy oxidation on electrical disconnect switch enclosure for Chiller CH-01, door latch rusted shut.",corrosion,heavy oxidation on electrical disconnect switch enclosure for chiller ch-01 door latch rusted shut,1
Crushed crush washer on banjo fitting of steering assist cylinder.,hydraulic_leak,crushed crush washer on banjo fitting of steering assist cylinder,3
HVAC air handler unit 4 supply fan bearing rumble getting louder during startup sequence.,bearing_failure,hvac air handler unit 4 supply fan bearing rumble getting louder during startup sequence,0
Corrosion buildup inside pneumatic solenoid valve exhaust port causing sluggish actuator response.,corrosion,corrosion buildup inside pneumatic solenoid valve exhaust port causing sluggish actuator response,1
"Belt feeder tail bearing seized and smoking, sheared retaining bolts.",bearing_failure,belt feeder tail bearing seized and smoking sheared retaining bolts,0
"Compressor 2 PLC lost its IP address configuration after a momentary power glitch, re-flashed config.",software_control_fault,compressor 2 plc lost its ip address configuration after a momentary power glitch re-flashed config,6
"Reactor agitator lower steady bearing worn, loud metal-on-metal screech.",wear_and_tear,reactor agitator lower steady bearing worn loud metal-on-metal screech,7
Hydraulic power unit #3 showing fluid temp alarms at 165F; cooler core appears heavily fouled with dust.,overheating,hydraulic power unit 3 showing fluid temp alarms at 165f cooler core appears heavily fouled with dust,4
Main breaker on air compressor 3 tripped; found severe phase imbalance on L2.,electrical_fault,main breaker on air compressor 3 tripped found severe phase imbalance on l2,2
Screw compressor air-oil separator housing gasket flattened and leaking.,wear_and_tear,screw compressor air-oil separator housing gasket flattened and leaking,7
"Booster pump vibration probe loose on mounting stud, giving false high readings.",sensor_malfunction,booster pump vibration probe loose on mounting stud giving false high readings,5
"Air handler belt-drive blower bearing failure, loud howling sound",bearing_failure,air handler belt-drive blower bearing failure loud howling sound,0
Primary hydraulic press oil temp hit 160°F before manual shutdown.,overheating,primary hydraulic press oil temp hit 160 f before manual shutdown,4
"Cooling tower fan gearbox output shaft seal weeping oil, top up daily until overhaul.",wear_and_tear,cooling tower fan gearbox output shaft seal weeping oil top up daily until overhaul,7
"Pelletizer cutter motor overheating after 20 mins run time, check bearings.",overheating,pelletizer cutter motor overheating after 20 mins run time check bearings,4
"Main pump shaft seal leaking past drain port, high fluid loss observed.",hydraulic_leak,main pump shaft seal leaking past drain port high fluid loss observed,3
"Chilled water pump wear rings clearance exceeded, motor drawing high amps.",wear_and_tear,chilled water pump wear rings clearance exceeded motor drawing high amps,7
"RO-204 pressure sensor reading zero on main hydraulic line, confirmed gauge on skid shows 2500 psi.",sensor_malfunction,ro-204 pressure sensor reading zero on main hydraulic line confirmed gauge on skid shows 2500 psi,5
Generator room ventilation louver actuator ball joints rusted and binding up.,wear_and_tear,generator room ventilation louver actuator ball joints rusted and binding up,7
"Cooling tower fan gearbox coupling rubber spider completely disintegrated, urgent fix.",wear_and_tear,cooling tower fan gearbox coupling rubber spider completely disintegrated urgent fix,7
"Leaking flange gasket on main hydraulic pump suction side, drawing air into system.",hydraulic_leak,leaking flange gasket on main hydraulic pump suction side drawing air into system,3
"Insulation breakdown on mixing tank agitator motor leads, re-taped and heat-shrunk splices.",electrical_fault,insulation breakdown on mixing tank agitator motor leads re-taped and heat-shrunk splices,2
Sludge press drive gearbox high-speed shaft bearing failed and seized.,bearing_failure,sludge press drive gearbox high-speed shaft bearing failed and seized,0
"Main line booster pump gland seal water flow restricted, stuffing box overheating.",overheating,main line booster pump gland seal water flow restricted stuffing box overheating,4
"Chiller unit 3 control panel dead, found primary 5A fuse blown due to shorted control transformer.",electrical_fault,chiller unit 3 control panel dead found primary 5a fuse blown due to shorted control transformer,2
Cylinder trunnion pin seal leaking on tilt mechanism.,hydraulic_leak,cylinder trunnion pin seal leaking on tilt mechanism,3
Phase imbalance causing main breaker to trip on 50HP exhaust blower motor.,electrical_fault,phase imbalance causing main breaker to trip on 50hp exhaust blower motor,2
O-ring failure on the servo valve manifold of conveyor line B actuator.,hydraulic_leak,o-ring failure on the servo valve manifold of conveyor line b actuator,3
"Hydraulic press main ram position LVDT out of calibration, off by 3.5mm at bottom dead center.",sensor_malfunction,hydraulic press main ram position lvdt out of calibration off by 3 5mm at bottom dead center,5
SCADA tag mapping error showing false high-temp alarm on hydraulic press 3.,software_control_fault,scada tag mapping error showing false high-temp alarm on hydraulic press 3,6
Surface rust on structural cross-members of jib crane JC-02 following roof leak over the winter months.,corrosion,surface rust on structural cross-members of jib crane jc-02 following roof leak over the winter months,1
"Corroded electrical conduit fittings on outdoor chiller unit CH-03, moisture ingress detected in control panel.",corrosion,corroded electrical conduit fittings on outdoor chiller unit ch-03 moisture ingress detected in control panel,1
Stamping press tonnage monitor load cell channels 1 and 2 out of balance.,sensor_malfunction,stamping press tonnage monitor load cell channels 1 and 2 out of balance,5
"PUMP 4 MAIN SEAL BLOWN, MAJOR LOSS OF FLUID AND PRESSURE DROP.",hydraulic_leak,pump 4 main seal blown major loss of fluid and pressure drop,3
Conveyor transfer table stuck in forward position due to lost proxy sensor input bit.,software_control_fault,conveyor transfer table stuck in forward position due to lost proxy sensor input bit,6
Line 1 reject gate pneumatic cylinder magnetic reed switch broken.,sensor_malfunction,line 1 reject gate pneumatic cylinder magnetic reed switch broken,5
"Exhaust Fan 3 motor tripping thermal overload, found high resistance on phase C connection.",electrical_fault,exhaust fan 3 motor tripping thermal overload found high resistance on phase c connection,2
"RO skid permeate conductivity sensor reading out of scale high, zeroing out doesn't fix.",sensor_malfunction,ro skid permeate conductivity sensor reading out of scale high zeroing out doesn t fix,5
"Water treatment plant pH probe reading erratic, needs calibration and cleaning.",sensor_malfunction,water treatment plant ph probe reading erratic needs calibration and cleaning,5
"Chiller unit 2 PLC battery low fault triggered, memory loss risk on next power cycle.",software_control_fault,chiller unit 2 plc battery low fault triggered memory loss risk on next power cycle,6
Heavy weeping around hydraulic motor shaft seal on drive roller conveyor #7.,hydraulic_leak,heavy weeping around hydraulic motor shaft seal on drive roller conveyor 7,3
"Air dryer regeneration heater relay stuck on, outlet air temp dangerously high.",overheating,air dryer regeneration heater relay stuck on outlet air temp dangerously high,4
"Deaerator feed pump bearing getting hot, coupling guard rubbing against the rotating shaft.",overheating,deaerator feed pump bearing getting hot coupling guard rubbing against the rotating shaft,4
"Elevator cable guide blocks worn down to mounting bolts, causing scraping sound.",wear_and_tear,elevator cable guide blocks worn down to mounting bolts causing scraping sound,7
"Hydraulic press PLC memory battery failed, resulting in a complete loss of the custom recipe parameters.",software_control_fault,hydraulic press plc memory battery failed resulting in a complete loss of the custom recipe parameters,6
Booster pump 2 discharge flow transmitter reading negative gallons per minute.,sensor_malfunction,booster pump 2 discharge flow transmitter reading negative gallons per minute,5
"Critical failure on exhaust scrubber fan; stator windings shorted out completely, motor smoking upon startup.",electrical_fault,critical failure on exhaust scrubber fan stator windings shorted out completely motor smoking upon startup,2
Pallet wrapper turntable PLC input card showing ghost signals on limit switch address I:2/4.,software_control_fault,pallet wrapper turntable plc input card showing ghost signals on limit switch address i 2 4,6
"Scale and rust clogging the spray nozzles on scrubber unit SC-1, leading to high pressure drop.",corrosion,scale and rust clogging the spray nozzles on scrubber unit sc-1 leading to high pressure drop,1
Conveyor belt drive motor experiencing intermittent grounding issues due to frayed power cable near tensioner.,electrical_fault,conveyor belt drive motor experiencing intermittent grounding issues due to frayed power cable near tensioner,2
Cooling water heat exchanger tubes plugged with calcium scale and iron oxide tubercles on the inlet side.,corrosion,cooling water heat exchanger tubes plugged with calcium scale and iron oxide tubercles on the inlet side,1
Screw conveyor #2 speed switch failing to close contact during startup sequence.,sensor_malfunction,screw conveyor 2 speed switch failing to close contact during startup sequence,5
Galvanic reaction between aluminum housing and steel mounting bolts on rooftop HVAC exhaust fan.,corrosion,galvanic reaction between aluminum housing and steel mounting bolts on rooftop hvac exhaust fan,1
"Tripped thermal overload on wastewater pump 2; manual reset successful, monitoring amp draw.",electrical_fault,tripped thermal overload on wastewater pump 2 manual reset successful monitoring amp draw,2
"AHU-2 supply fan pillow block bearing completely seized, unit tripped on thermal overload.",bearing_failure,ahu-2 supply fan pillow block bearing completely seized unit tripped on thermal overload,0
"Chiller compressor motor showing high resistance to ground on phase B, insulation failing.",electrical_fault,chiller compressor motor showing high resistance to ground on phase b insulation failing,2
"Shredder motor main breaker trips under heavy load; checked amp draw, phase A running 15% high.",electrical_fault,shredder motor main breaker trips under heavy load checked amp draw phase a running 15 high,2
"Emergency generator fuel tank level sensor stuck at empty, float is hung up on internal baffle",sensor_malfunction,emergency generator fuel tank level sensor stuck at empty float is hung up on internal baffle,5
High vibration detected on exhaust fan motor inboard bearing,bearing_failure,high vibration detected on exhaust fan motor inboard bearing,0
Heavy leak from proportional valve subplate seal on palletizer.,hydraulic_leak,heavy leak from proportional valve subplate seal on palletizer,3
"Chiller compressor 2 safety interlock bypassed in PLC logic, urgent fix required.",software_control_fault,chiller compressor 2 safety interlock bypassed in plc logic urgent fix required,6
Palletizer motor smoking and smelling like burnt insulation during heavy cycle times.,overheating,palletizer motor smoking and smelling like burnt insulation during heavy cycle times,4
Salt water intake pump shaft sleeve is deeply grooved where the packing rides.,wear_and_tear,salt water intake pump shaft sleeve is deeply grooved where the packing rides,7
"Rotary packer 2 firmware crash mid-cycle, required hard reboot of the central controller.",software_control_fault,rotary packer 2 firmware crash mid-cycle required hard reboot of the central controller,6
Minor leak at pressure gauge snubber connection on HPU main line.,hydraulic_leak,minor leak at pressure gauge snubber connection on hpu main line,3
Bottom drain plug stripped and leaking hydraulic fluid on compressor package 2.,hydraulic_leak,bottom drain plug stripped and leaking hydraulic fluid on compressor package 2,3
"Centrifuge spindle bearings noisy at high RPM, grease showing heavy particulate contamination.",wear_and_tear,centrifuge spindle bearings noisy at high rpm grease showing heavy particulate contamination,7
Pinched O-ring on quick-disconnect coupling of mobile hydraulic cart #1.,hydraulic_leak,pinched o-ring on quick-disconnect coupling of mobile hydraulic cart 1,3
"Vacuum pump exhaust air temp exceeding safe limits, oil mist separator saturated.",overheating,vacuum pump exhaust air temp exceeding safe limits oil mist separator saturated,4
"Conveyor line 5 photoeye inputs reading inverted in PLC register, causing jams.",software_control_fault,conveyor line 5 photoeye inputs reading inverted in plc register causing jams,6
Cooling tower fan gearbox intermediate shaft bearing spalling.,bearing_failure,cooling tower fan gearbox intermediate shaft bearing spalling,0
"Bulkhead fitting loose on firewall, hydraulic oil dripping onto exhaust guard.",hydraulic_leak,bulkhead fitting loose on firewall hydraulic oil dripping onto exhaust guard,3
"Exhaust scrubber fan belt-driven bearing failing, loud screeching on startup.",bearing_failure,exhaust scrubber fan belt-driven bearing failing loud screeching on startup,0
"Boiler draft fan damper linkage bushings ovaled, losing positioning accuracy.",wear_and_tear,boiler draft fan damper linkage bushings ovaled losing positioning accuracy,7
Cracked hardline on manifold block of extrusion line hydraulic system.,hydraulic_leak,cracked hardline on manifold block of extrusion line hydraulic system,3
"Compressor intercooler blocked, stage 3 discharge temp redlining.",overheating,compressor intercooler blocked stage 3 discharge temp redlining,4
"Bucket elevator head pulley bearing vibrating excessively, grease leaking past seals.",bearing_failure,bucket elevator head pulley bearing vibrating excessively grease leaking past seals,0
"Loose flange bolts on hydraulic heat exchanger inlet, steady oil drip noted.",hydraulic_leak,loose flange bolts on hydraulic heat exchanger inlet steady oil drip noted,3
O-ring extrusion on the manifold subplate of automated assembly station 7.,hydraulic_leak,o-ring extrusion on the manifold subplate of automated assembly station 7,3
HVAC air handler supply temp sensor calibration drifted +15 degrees.,sensor_malfunction,hvac air handler supply temp sensor calibration drifted 15 degrees,5
"Busted hose assembly on boom lift knuckle, spraying oil under load.",hydraulic_leak,busted hose assembly on boom lift knuckle spraying oil under load,3
"HMI screen on packaging line 4 frozen on the recipe selection menu, touch input unresponsive.",software_control_fault,hmi screen on packaging line 4 frozen on the recipe selection menu touch input unresponsive,6
"Palletizer motor brake dragging, causing severe heat buildup on the drive assembly.",overheating,palletizer motor brake dragging causing severe heat buildup on the drive assembly,4
Severe galvanic corrosion observed on SS flange and carbon steel pipe spool near acid wash line.,corrosion,severe galvanic corrosion observed on ss flange and carbon steel pipe spool near acid wash line,1
"Conveyor 2 drive gearbox smoking, oil level critically low and sight glass burned dark.",overheating,conveyor 2 drive gearbox smoking oil level critically low and sight glass burned dark,4
"TT-101 discharge temp transmitter giving erratic readings, jumping by +/- 50 deg F at random intervals.",sensor_malfunction,tt-101 discharge temp transmitter giving erratic readings jumping by 50 deg f at random intervals,5
"Pinhole in braided stainless steel hose on steering circuit, dripping onto frame.",hydraulic_leak,pinhole in braided stainless steel hose on steering circuit dripping onto frame,3
Boiler feed water flow transmitter output frozen at 4mA.,sensor_malfunction,boiler feed water flow transmitter output frozen at 4ma,5
"Hose chafing against frame rail near outrigger valve block, pin-hole leak developed.",hydraulic_leak,hose chafing against frame rail near outrigger valve block pin-hole leak developed,3
Hydraulic fluid spraying from pinhole in high pressure accumulator feed hose.,hydraulic_leak,hydraulic fluid spraying from pinhole in high pressure accumulator feed hose,3
"Conveyor transfer table PLC missed proximity switch input due to scan time lag, optimized ladder logic.",software_control_fault,conveyor transfer table plc missed proximity switch input due to scan time lag optimized ladder logic,6
Sorter line diverter arm actuator missing home sensor signal in PLC ladder logic.,software_control_fault,sorter line diverter arm actuator missing home sensor signal in plc ladder logic,6
"Boiler feed pump #3 inboard bearing failed temp check, smelling like burnt grease.",overheating,boiler feed pump 3 inboard bearing failed temp check smelling like burnt grease,4
"TE-01 suction temp sensor erratic, fluctuating +/- 15 deg F, needs calibration check",sensor_malfunction,te-01 suction temp sensor erratic fluctuating 15 deg f needs calibration check,5
Palletizer robot PLC threw a severe motion control fault on axis 4 servo loop.,software_control_fault,palletizer robot plc threw a severe motion control fault on axis 4 servo loop,6
"Blown wiper seal on hydraulic lift cylinder, allowing oil bypass and external drip.",hydraulic_leak,blown wiper seal on hydraulic lift cylinder allowing oil bypass and external drip,3
"HMI screen on packer #4 frozen, manual overrides unresponsive.",software_control_fault,hmi screen on packer 4 frozen manual overrides unresponsive,6
"Hydraulic unit B oil temp sensor shorted to ground, trips alarm.",sensor_malfunction,hydraulic unit b oil temp sensor shorted to ground trips alarm,5
"V-belt on exhaust fan #3 showing heavy fraying and cracking, needs immediate replacement.",wear_and_tear,v-belt on exhaust fan 3 showing heavy fraying and cracking needs immediate replacement,7
"Sifter screen gasket deteriorated, product dust leaking out around the perimeter frame.",wear_and_tear,sifter screen gasket deteriorated product dust leaking out around the perimeter frame,7
"Chilled water pump baseplate completely rusted through, motor alignment drifting out of spec.",corrosion,chilled water pump baseplate completely rusted through motor alignment drifting out of spec,1
"Pallet wrapper turntable PLC memory fault, program restored from backup card.",software_control_fault,pallet wrapper turntable plc memory fault program restored from backup card,6
Exhaust scrubber recirculation pump impeller vanes eroded from chemical exposure.,wear_and_tear,exhaust scrubber recirculation pump impeller vanes eroded from chemical exposure,7
Line 5 sorting conveyor photoeye signals delayed due to PLC scan cycle overload.,software_control_fault,line 5 sorting conveyor photoeye signals delayed due to plc scan cycle overload,6
"Rotary kiln drive motor thermal cutout activated, ambient room temp near kiln is 50C.",overheating,rotary kiln drive motor thermal cutout activated ambient room temp near kiln is 50c,4
Condensate return line pitted and leaking pinhole water spray near steam trap station 4.,corrosion,condensate return line pitted and leaking pinhole water spray near steam trap station 4,1
"Blown control transformer fuse on Packaging Robot #1, troubleshooting short.",electrical_fault,blown control transformer fuse on packaging robot 1 troubleshooting short,2
Chilled water pump 2 baseplate severely degraded by rust; motor alignment compromised.,corrosion,chilled water pump 2 baseplate severely degraded by rust motor alignment compromised,1
Corroded threads on emergency eye-wash station supply valve causing it to leak when actuated.,corrosion,corroded threads on emergency eye-wash station supply valve causing it to leak when actuated,1
"Hydraulic cylinder wiper seal cracked, letting dirt score the chrome rod.",wear_and_tear,hydraulic cylinder wiper seal cracked letting dirt score the chrome rod,7
"Exhaust blower pillow block bearing seized, belt smoking.",bearing_failure,exhaust blower pillow block bearing seized belt smoking,0
"Boiler feedwater pump wear rings rubbed, discharge pressure dropping under load.",wear_and_tear,boiler feedwater pump wear rings rubbed discharge pressure dropping under load,7
Diesel generator cooling fan belt cracked in multiple rib grooves.,wear_and_tear,diesel generator cooling fan belt cracked in multiple rib grooves,7
"Wastewater lift station PLC battery low, potential config loss on power cycle.",software_control_fault,wastewater lift station plc battery low potential config loss on power cycle,6
Sifter deck suspension springs are fatigued and sagging on one side.,wear_and_tear,sifter deck suspension springs are fatigued and sagging on one side,7
Heavy leak from the main hydraulic pump suction flange on the wood chipper.,hydraulic_leak,heavy leak from the main hydraulic pump suction flange on the wood chipper,3
"Main exhaust fan PLC lost analog input signal for static pressure transmitter, showing zero flow.",software_control_fault,main exhaust fan plc lost analog input signal for static pressure transmitter showing zero flow,6
Exhaust blower pillow block bearing showing early signs of fretting and rust,bearing_failure,exhaust blower pillow block bearing showing early signs of fretting and rust,0
Main hydraulic reservoir level dropping daily; traced to cracked suction line near strainer.,hydraulic_leak,main hydraulic reservoir level dropping daily traced to cracked suction line near strainer,3
"Crusher jaw liners worn smooth, rock sizing output outside of spec.",wear_and_tear,crusher jaw liners worn smooth rock sizing output outside of spec,7
"TE-01 temp sensor on main extruder showing erratic jumps up to 450F, process tripping out.",sensor_malfunction,te-01 temp sensor on main extruder showing erratic jumps up to 450f process tripping out,5
Air handler unit supply fan motor bearing temp running at 92C.,overheating,air handler unit supply fan motor bearing temp running at 92c,4
"Exhaust fan #4 sleeve bearing hot to touch, grease purged out past worn oil seal.",wear_and_tear,exhaust fan 4 sleeve bearing hot to touch grease purged out past worn oil seal,7
Overhead crane bridge travel motor wiring severed inside festoon cable track.,electrical_fault,overhead crane bridge travel motor wiring severed inside festoon cable track,2
"Extruder gear reducer oil cooler water flow is restricted, oil temp climbing steadily toward critical trip point.",overheating,extruder gear reducer oil cooler water flow is restricted oil temp climbing steadily toward critical trip point,4
"Air compressor 2 PLC memory fault, controller currently running in safe stop mode.",software_control_fault,air compressor 2 plc memory fault controller currently running in safe stop mode,6
"Emergency generator radiator blocked with debris, test run aborted due to high coolant temp.",overheating,emergency generator radiator blocked with debris test run aborted due to high coolant temp,4
Deaerator feed pump bearing housing temp spiked to 210°F within one hour.,overheating,deaerator feed pump bearing housing temp spiked to 210 f within one hour,4
"Centrifuge bowl scraper blade dull and worn down, cake not discharging cleanly.",wear_and_tear,centrifuge bowl scraper blade dull and worn down cake not discharging cleanly,7
Batch tank 1 discharge valve failed to open; SCADA command sent but feedback bit never went high.,software_control_fault,batch tank 1 discharge valve failed to open scada command sent but feedback bit never went high,6
Depalletizer vacuum lift sequence hanging on transition state 4.,software_control_fault,depalletizer vacuum lift sequence hanging on transition state 4,6
Control panel door safety interlock switch wiring sheared off by vibration on punch press #3.,electrical_fault,control panel door safety interlock switch wiring sheared off by vibration on punch press 3,2
Minor leak at the pilot operated check valve on hydraulic elevator unit 2.,hydraulic_leak,minor leak at the pilot operated check valve on hydraulic elevator unit 2,3
"Palletizer robot cabinet experienced catastrophic fuse blow on 24V power supply, shorted solenoid valve found.",electrical_fault,palletizer robot cabinet experienced catastrophic fuse blow on 24v power supply shorted solenoid valve found,2
"Bucket elevator head pulley lagging worn completely smooth, causing belt slippage.",wear_and_tear,bucket elevator head pulley lagging worn completely smooth causing belt slippage,7
"HMI trending display corrupted on extrusion line 2, graphics drivers crashed.",software_control_fault,hmi trending display corrupted on extrusion line 2 graphics drivers crashed,6
Air compressor stage 2 intercooler pressure sensor showing intermittent communication drops.,sensor_malfunction,air compressor stage 2 intercooler pressure sensor showing intermittent communication drops,5
Severe rust accumulation on the conveyor belt drive roller bearings; unit is making a loud grinding noise.,corrosion,severe rust accumulation on the conveyor belt drive roller bearings unit is making a loud grinding noise,1
Level sensor LT-104 showing tank empty when physically at 80 percent.,sensor_malfunction,level sensor lt-104 showing tank empty when physically at 80 percent,5
"Hydraulic press main ram position LVDT signal lost, machine won't cycle.",sensor_malfunction,hydraulic press main ram position lvdt signal lost machine won t cycle,5
Fan #5 vibration accelerometer cable damaged by chaffing against ductwork.,sensor_malfunction,fan 5 vibration accelerometer cable damaged by chaffing against ductwork,5
Centrifugal blower housing interior pitted from chemical vapor exposure over time.,corrosion,centrifugal blower housing interior pitted from chemical vapor exposure over time,1
"Pitted valve seat on high-pressure steam bypass valve, causing slight passing.",corrosion,pitted valve seat on high-pressure steam bypass valve causing slight passing,1
Rotary kiln drive PLC throwing checksum error in PID loop subroutine.,software_control_fault,rotary kiln drive plc throwing checksum error in pid loop subroutine,6
"Wastewater lift station pump motor experiencing single-phasing, thermal overload tripped.",electrical_fault,wastewater lift station pump motor experiencing single-phasing thermal overload tripped,2
O-ring failure on main manifold block causing steady drip during operation.,hydraulic_leak,o-ring failure on main manifold block causing steady drip during operation,3
Split in return hose from hydraulic motor on cooling fan drive.,hydraulic_leak,split in return hose from hydraulic motor on cooling fan drive,3
"Exhaust hood fan bearing locked up, thermal overload tripped.",bearing_failure,exhaust hood fan bearing locked up thermal overload tripped,0
"Discharge pressure transmitter on Main Boiler Feed Pump 2 is locked at 450 psi, no response to throttling.",sensor_malfunction,discharge pressure transmitter on main boiler feed pump 2 is locked at 450 psi no response to throttling,5
Primary crusher drive motor tripping on thermal overload during hard ore run.,overheating,primary crusher drive motor tripping on thermal overload during hard ore run,4
"Chiller 2 return water temp sensor reading open circuit, check wiring terminal strip.",sensor_malfunction,chiller 2 return water temp sensor reading open circuit check wiring terminal strip,5
Hydraulic reservoir oil temp gauge reading 165°F; oil cooler solenoid valve is not opening.,overheating,hydraulic reservoir oil temp gauge reading 165 f oil cooler solenoid valve is not opening,4
"Compressor 2 vibration sensor cable damaged by chaffing against frame, bad readings.",sensor_malfunction,compressor 2 vibration sensor cable damaged by chaffing against frame bad readings,5
Traveling crane wheel flanges heavily worn on one side due to rail misalignment.,wear_and_tear,traveling crane wheel flanges heavily worn on one side due to rail misalignment,7
Heavy scaling on condenser tube sheet inhibiting proper heat transfer efficiency.,corrosion,heavy scaling on condenser tube sheet inhibiting proper heat transfer efficiency,1
Pinion gearbox lube unit leaking from pressure relief sandwich plate.,hydraulic_leak,pinion gearbox lube unit leaking from pressure relief sandwich plate,3
Reactor agitator gearbox running 30 degrees above normal operating baseline.,overheating,reactor agitator gearbox running 30 degrees above normal operating baseline,4
Hot water tank level radar sensor jumping wildly between 20% and 90% full.,sensor_malfunction,hot water tank level radar sensor jumping wildly between 20 and 90 full,5
"Discharge pressure transmitter PT-401 stuck reading 150 psi, actual line pressure verified at 85 psi.",sensor_malfunction,discharge pressure transmitter pt-401 stuck reading 150 psi actual line pressure verified at 85 psi,5
"Dust collector magnehelic pressure gauge stuck at 4 inches WC, diaphragm ruptured.",sensor_malfunction,dust collector magnehelic pressure gauge stuck at 4 inches wc diaphragm ruptured,5
Cooling tower structural cross-members showing heavy surface rust and section loss near basin waterline.,corrosion,cooling tower structural cross-members showing heavy surface rust and section loss near basin waterline,1
Air handler return fan bearing grease degraded due to high ambient temp.,overheating,air handler return fan bearing grease degraded due to high ambient temp,4
Exhaust fan VFD firmware crash during auto-start sequence.,software_control_fault,exhaust fan vfd firmware crash during auto-start sequence,6
"Main feed breaker for the paint booth tripped; reset successfully, monitoring temps.",electrical_fault,main feed breaker for the paint booth tripped reset successfully monitoring temps,2
"Cylinder rod seal blown on lift station #3, active pooling on the shop floor.",hydraulic_leak,cylinder rod seal blown on lift station 3 active pooling on the shop floor,3
Primary ventilation fan starter overload relay tripped repeatedly; reset and monitored current at 52A.,electrical_fault,primary ventilation fan starter overload relay tripped repeatedly reset and monitored current at 52a,2
Hydraulic power unit oil temp gauge pegged at max scale.,sensor_malfunction,hydraulic power unit oil temp gauge pegged at max scale,5
"Assembly line 1 main disconnect switch contacts pitted and burned, causing voltage drop under load.",electrical_fault,assembly line 1 main disconnect switch contacts pitted and burned causing voltage drop under load,2
Dust collector rotary airlock rubber wiper blades worn flat.,wear_and_tear,dust collector rotary airlock rubber wiper blades worn flat,7
Exhaustive wiring faults found in main junction box of cooling tower fan #1 after water ingress fried terminal strip.,electrical_fault,exhaustive wiring faults found in main junction box of cooling tower fan 1 after water ingress fried terminal strip,2
"Exhaust fan #7 motor winding shorted to ground, blew main disconnect fuse.",electrical_fault,exhaust fan 7 motor winding shorted to ground blew main disconnect fuse,2
Loose bulkhead fitting where lines pass through enclosure wall on hydraulic press #1.,hydraulic_leak,loose bulkhead fitting where lines pass through enclosure wall on hydraulic press 1,3
Main line drive motor blowing thermal fuses; cooling fins packed with cardboard dust.,overheating,main line drive motor blowing thermal fuses cooling fins packed with cardboard dust,4
Chiller refrigerant liquid line temp sensor reading ambient instead of actual subcooling.,sensor_malfunction,chiller refrigerant liquid line temp sensor reading ambient instead of actual subcooling,5
"Vacuum pump oil reservoir boiling hot, exhaust filter saturated and restricting discharge airflow.",overheating,vacuum pump oil reservoir boiling hot exhaust filter saturated and restricting discharge airflow,4
Ball mill trunnion bearing bronze liner showing heavy scoring and wear grooves.,wear_and_tear,ball mill trunnion bearing bronze liner showing heavy scoring and wear grooves,7
Exhaust blower #3 making high-pitched hum; pulled peckerhead and found loose lug on Phase B.,electrical_fault,exhaust blower 3 making high-pitched hum pulled peckerhead and found loose lug on phase b,2
"Cooling fan on #3 hydraulic power unit seized, oil temp reached 185F.",overheating,cooling fan on 3 hydraulic power unit seized oil temp reached 185f,4
Stacker crane positioning PLC lost home position reference after reset.,software_control_fault,stacker crane positioning plc lost home position reference after reset,6
"Hydraulic press ram wiper seal torn, letting oil bypass onto the platen.",wear_and_tear,hydraulic press ram wiper seal torn letting oil bypass onto the platen,7
"Water booster pump check valve flapper worn out, causing backflow when idle.",wear_and_tear,water booster pump check valve flapper worn out causing backflow when idle,7
Exhauster fan motor bearing failure causing high vibration trip on PLC.,bearing_failure,exhauster fan motor bearing failure causing high vibration trip on plc,0
"Inline filter housing cover O-ring extruded, causing high pressure spray.",hydraulic_leak,inline filter housing cover o-ring extruded causing high pressure spray,3
Exhauster fan bearing failure caused catastrophic belt shredding and smoke in the penthouse.,bearing_failure,exhauster fan bearing failure caused catastrophic belt shredding and smoke in the penthouse,0
Torn rubber boot on steering cylinder allowing hydraulic fluid bypass and external leak.,hydraulic_leak,torn rubber boot on steering cylinder allowing hydraulic fluid bypass and external leak,3
"Fitting loose on the accumulator dump line, steady drip during high pressure cycles.",hydraulic_leak,fitting loose on the accumulator dump line steady drip during high pressure cycles,3
Main compressor intercooler drain solenoid valve seat is eroded and leaking continuously.,wear_and_tear,main compressor intercooler drain solenoid valve seat is eroded and leaking continuously,7
"Overhead crane bridge travel motor brake coil open-circuited, preventing brake release.",electrical_fault,overhead crane bridge travel motor brake coil open-circuited preventing brake release,2
Main breaker trip log inaccessible via SCADA historian server due to database write timeout.,software_control_fault,main breaker trip log inaccessible via scada historian server due to database write timeout,6
"Wiring short at limit switch on Assembly Station 2 pneumatic cylinder, re-terminated leads.",electrical_fault,wiring short at limit switch on assembly station 2 pneumatic cylinder re-terminated leads,2
"Desalination high pressure pump thrust bearing failure, low discharge pressure.",bearing_failure,desalination high pressure pump thrust bearing failure low discharge pressure,0
Tripped thermal overload relay on Palletizer lift motor; reset and checked current.,electrical_fault,tripped thermal overload relay on palletizer lift motor reset and checked current,2
"Bottling line star wheel guides worn, causing frequent bottle jams at high speed.",wear_and_tear,bottling line star wheel guides worn causing frequent bottle jams at high speed,7
"PS-03 baghouse differential pressure transmitter tubing plugged with fly ash, reading static.",sensor_malfunction,ps-03 baghouse differential pressure transmitter tubing plugged with fly ash reading static,5
Gearbox on line 2 conveyor running hot to the touch; measured housing temp at 195°F with IR gun.,overheating,gearbox on line 2 conveyor running hot to the touch measured housing temp at 195 f with ir gun,4
Conveyor belt belt-rip sensor circuit keeps tripping; loose wiring termination at the junction box.,electrical_fault,conveyor belt belt-rip sensor circuit keeps tripping loose wiring termination at the junction box,2
Severe galvanic corrosion observed on SS flange bolts connecting to carbon steel header on cooling tower pump #2.,corrosion,severe galvanic corrosion observed on ss flange bolts connecting to carbon steel header on cooling tower pump 2,1
Vacuum pump motor thermal overload tripped; ambient temp in electrical room is 98F due to AC failure.,overheating,vacuum pump motor thermal overload tripped ambient temp in electrical room is 98f due to ac failure,4
"Packaging line roller chain elongation past 3 percent limit, jumping sprockets.",wear_and_tear,packaging line roller chain elongation past 3 percent limit jumping sprockets,7
Severe galvanic corrosion observed on flange bolts connecting discharge spool to check valve.,corrosion,severe galvanic corrosion observed on flange bolts connecting discharge spool to check valve,1
Washdown pump motor terminal box melted from high resistance connection on L2.,overheating,washdown pump motor terminal box melted from high resistance connection on l2,4
Line 2 accumulation roller photo-eye sensor dirty and failing to detect boxes.,sensor_malfunction,line 2 accumulation roller photo-eye sensor dirty and failing to detect boxes,5
Hydraulic power unit oil temp hitting 78C due to plugged cooler core.,overheating,hydraulic power unit oil temp hitting 78c due to plugged cooler core,4
Boiler feedwater valve actuator feedback loop drifting out of tolerance in control logic.,software_control_fault,boiler feedwater valve actuator feedback loop drifting out of tolerance in control logic,6
Conveyor belt transfer station estop circuit staying open; traced fault to damaged wiring run in overhead conduit.,electrical_fault,conveyor belt transfer station estop circuit staying open traced fault to damaged wiring run in overhead conduit,2
"Insulation failure on main feed pump motor leads, replacing damaged heat shrink and cabling.",electrical_fault,insulation failure on main feed pump motor leads replacing damaged heat shrink and cabling,2
"Ground fault trip on Boiler Feed Pump 2, insulation resistance on motor leads reads zero.",electrical_fault,ground fault trip on boiler feed pump 2 insulation resistance on motor leads reads zero,2
Rotary drum dryer trunnion bearing operating above normal temp threshold.,bearing_failure,rotary drum dryer trunnion bearing operating above normal temp threshold,0
"Fitting on accumulators weeping hydraulic fluid under load, scheduled for pack-off replacement.",hydraulic_leak,fitting on accumulators weeping hydraulic fluid under load scheduled for pack-off replacement,3
Slight weep observed at the return line swivel fitting on the injection molding clamp.,hydraulic_leak,slight weep observed at the return line swivel fitting on the injection molding clamp,3
Mixer drum support bearing rolling elements pitted and spalled on inspection.,bearing_failure,mixer drum support bearing rolling elements pitted and spalled on inspection,0
"Loose bulkhead fitting on hydraulic accumulator charging circuit, audible hiss and oil spray.",hydraulic_leak,loose bulkhead fitting on hydraulic accumulator charging circuit audible hiss and oil spray,3
"Vacuum pump carbon vanes chipped and worn down, pulling weak vacuum.",wear_and_tear,vacuum pump carbon vanes chipped and worn down pulling weak vacuum,7
"Insulation degradation on crane hoist power cable, exposing copper near the pendant control.",electrical_fault,insulation degradation on crane hoist power cable exposing copper near the pendant control,2
"Exhaust fan 2 PLC firmware crashed after power dip, requiring a cold reboot and program reload.",software_control_fault,exhaust fan 2 plc firmware crashed after power dip requiring a cold reboot and program reload,6
"Pneumatic actuator piston seals worn out, cylinder sluggish and leaking air internally.",wear_and_tear,pneumatic actuator piston seals worn out cylinder sluggish and leaking air internally,7
Heavy scaling and oxidation on cooling tower makeup water control valve actuator.,corrosion,heavy scaling and oxidation on cooling tower makeup water control valve actuator,1
"Severe rust on secondary containment sump pump float switch leads, intermittent operation.",corrosion,severe rust on secondary containment sump pump float switch leads intermittent operation,1
Line 4 motor winding RTD phase C open circuit fault on VFD display.,sensor_malfunction,line 4 motor winding rtd phase c open circuit fault on vfd display,5
"Wastewater submersible pump thermal trip active, likely running dry due to stuck float.",overheating,wastewater submersible pump thermal trip active likely running dry due to stuck float,4
Conveyor belt B-4 showing severe edge fraying and top cover wear along the 200ft mark.,wear_and_tear,conveyor belt b-4 showing severe edge fraying and top cover wear along the 200ft mark,7
"Servo valve subplate O-ring failed on CNC Mill 4, hydraulic oil pooling in the chip pan.",hydraulic_leak,servo valve subplate o-ring failed on cnc mill 4 hydraulic oil pooling in the chip pan,3
"Overhead crane bridge travel motor bearing seized, wheels dragging.",bearing_failure,overhead crane bridge travel motor bearing seized wheels dragging,0
"Cooling tower fan shaft bearing failed, loud metallic screeching during startup sequence.",bearing_failure,cooling tower fan shaft bearing failed loud metallic screeching during startup sequence,0
"Wastewater scum pump mechanical seal area flooded, water washed out bearing grease causing failure.",bearing_failure,wastewater scum pump mechanical seal area flooded water washed out bearing grease causing failure,0
"Slurry pump impeller side bearing seal failed, abrasive grit washed out grease and ruined races.",bearing_failure,slurry pump impeller side bearing seal failed abrasive grit washed out grease and ruined races,0
Main air compressor main breaker tripped on earth leakage fault; suspect damaged feeder cable in conduit.,electrical_fault,main air compressor main breaker tripped on earth leakage fault suspect damaged feeder cable in conduit,2
Scale build-up on domestic hot water mixing valve restricting flow to wing B showers.,corrosion,scale build-up on domestic hot water mixing valve restricting flow to wing b showers,1
Auxiliary cooling pump motor experiencing phase imbalance causing high operating temp.,electrical_fault,auxiliary cooling pump motor experiencing phase imbalance causing high operating temp,2
"Vibration sensor on motor DE bearing reading zero on PLC, inspect signal cable and junction box.",sensor_malfunction,vibration sensor on motor de bearing reading zero on plc inspect signal cable and junction box,5
"Feed pump mechanical seal leaking approx 5 drops/min, needs replacement due to carbon face wear.",wear_and_tear,feed pump mechanical seal leaking approx 5 drops min needs replacement due to carbon face wear,7
"Short circuit in wiring harness for intake valve actuator, replacing damaged wire section.",electrical_fault,short circuit in wiring harness for intake valve actuator replacing damaged wire section,2
"Intermittent electrical fault on sorting line optical sensor wiring harness, replacing crimp connectors.",electrical_fault,intermittent electrical fault on sorting line optical sensor wiring harness replacing crimp connectors,2
"Batch mixer PLC program loop time exceeded threshold, causing system hang.",software_control_fault,batch mixer plc program loop time exceeded threshold causing system hang,6
"Hose chafing against structural frame near outrigger cylinder, weeping fluid.",hydraulic_leak,hose chafing against structural frame near outrigger cylinder weeping fluid,3
"Line 3 conveyor motor thermal overload tripped twice today, ambient temp high in pit.",overheating,line 3 conveyor motor thermal overload tripped twice today ambient temp high in pit,4
Mixing vat agitator motor stopped mid-batch due to a corrupt setpoint variable in the controller.,software_control_fault,mixing vat agitator motor stopped mid-batch due to a corrupt setpoint variable in the controller,6
Cooling tower return flow meter FT-11 floating wildly between 50 and 500 GPM.,sensor_malfunction,cooling tower return flow meter ft-11 floating wildly between 50 and 500 gpm,5
Induced draft fan inboard pedestal bearing showing high vibration spikes on FFT analyzer.,bearing_failure,induced draft fan inboard pedestal bearing showing high vibration spikes on fft analyzer,0
Routine backup failed on stamping press 3 safety PLC.,software_control_fault,routine backup failed on stamping press 3 safety plc,6
"Mixer agitator shaft sleeve bearing worn out, causing severe radial play.",bearing_failure,mixer agitator shaft sleeve bearing worn out causing severe radial play,0
"Emergency generator radiator core plugged with debris, coolant temp hit 215F during test.",overheating,emergency generator radiator core plugged with debris coolant temp hit 215f during test,4
"Boiler 1 stack gas O2 analyzer sensor cell expired, calibration failed.",sensor_malfunction,boiler 1 stack gas o2 analyzer sensor cell expired calibration failed,5
Motor winding RTD on 500HP blower showing phase imbalance error.,sensor_malfunction,motor winding rtd on 500hp blower showing phase imbalance error,5
"Fitting stripped on secondary circuit of hydraulic press, pressure dropping off.",hydraulic_leak,fitting stripped on secondary circuit of hydraulic press pressure dropping off,3
"Sander feed motor smoking, thermal cutout failed, unit immediately locked out.",overheating,sander feed motor smoking thermal cutout failed unit immediately locked out,4
Pneumatic valve manifold solenoids failing from ambient temp exceeding 50C in control cab.,overheating,pneumatic valve manifold solenoids failing from ambient temp exceeding 50c in control cab,4
"Catastrophic failure of rod seal on lift cylinder #4, pool of oil on floor near loading dock.",hydraulic_leak,catastrophic failure of rod seal on lift cylinder 4 pool of oil on floor near loading dock,3
Planetary gearbox on mixer B smoking; drained oil and found metal shavings.,overheating,planetary gearbox on mixer b smoking drained oil and found metal shavings,4
Worn rod wiper on index cylinder allowing oil to bypass during retraction.,hydraulic_leak,worn rod wiper on index cylinder allowing oil to bypass during retraction,3
Rotary air lock rotor tip clearance out of spec due to abrasive product wear.,wear_and_tear,rotary air lock rotor tip clearance out of spec due to abrasive product wear,7
"Injection molding machine nozzle heater thermocouple out of calibration, overheating melt.",overheating,injection molding machine nozzle heater thermocouple out of calibration overheating melt,4
"Cooling tower water pump #3 outboard sleeve bearing seizing up, smells like burnt oil and smoking slightly.",bearing_failure,cooling tower water pump 3 outboard sleeve bearing seizing up smells like burnt oil and smoking slightly,0
"Emergency backup generator alternator bearing rumbling under load, replace before next test run.",bearing_failure,emergency backup generator alternator bearing rumbling under load replace before next test run,0
"Coolant pump motor winding shorted to ground, unit dead in water.",electrical_fault,coolant pump motor winding shorted to ground unit dead in water,2
"Roller mill drive pulley slipping, friction causing severe bearing overheating.",overheating,roller mill drive pulley slipping friction causing severe bearing overheating,4
Hydraulic power unit #1 tripped overloads; motor insulation breakdown confirmed with insulation tester.,electrical_fault,hydraulic power unit 1 tripped overloads motor insulation breakdown confirmed with insulation tester,2
Conveyor belt #3 showing heavy fraying along edges and slipping on drive pulley.,wear_and_tear,conveyor belt 3 showing heavy fraying along edges and slipping on drive pulley,7
"Shaft seal blown on hydraulic motor driving conveyor belt #7, heavy pooling.",hydraulic_leak,shaft seal blown on hydraulic motor driving conveyor belt 7 heavy pooling,3
Vibration sensor on motor M-205 reporting intermittent open circuit.,sensor_malfunction,vibration sensor on motor m-205 reporting intermittent open circuit,5
"Hydraulic power unit pump motor won't start; tripped thermal overload relay, manual reset failed to hold.",electrical_fault,hydraulic power unit pump motor won t start tripped thermal overload relay manual reset failed to hold,2
Air compressor receiver tank showing internal scale and rust flakes collecting in the bottom drain trap.,corrosion,air compressor receiver tank showing internal scale and rust flakes collecting in the bottom drain trap,1
"Extruder barrel zone 2 heater thermocouple loose in thermowell, erratic heat control.",sensor_malfunction,extruder barrel zone 2 heater thermocouple loose in thermowell erratic heat control,5
"Centrifugal pump #2 thrust bearing worn out, allowing excessive axial shaft play.",bearing_failure,centrifugal pump 2 thrust bearing worn out allowing excessive axial shaft play,0
Primary cooling fan motor outboard bearing making high-pitched squealing noise at 1800 RPM.,bearing_failure,primary cooling fan motor outboard bearing making high-pitched squealing noise at 1800 rpm,0
Extruder feed screw bronze bushing scored and sloppy; causing shaft runout.,wear_and_tear,extruder feed screw bronze bushing scored and sloppy causing shaft runout,7
"Vacuum furnace diffusion pump cooling water flow switch fault, casing overheating.",overheating,vacuum furnace diffusion pump cooling water flow switch fault casing overheating,4
"Mixer vessel load cell sum showing zero weight, check junction box summing board",sensor_malfunction,mixer vessel load cell sum showing zero weight check junction box summing board,5
"Tripped 400A main breaker on HVAC chiller unit, reset attempted but it instantly tripped again.",electrical_fault,tripped 400a main breaker on hvac chiller unit reset attempted but it instantly tripped again,2
"Hydraulic power unit #2 main motor failed to start, phase monitor relay flashing red indicating phase loss.",electrical_fault,hydraulic power unit 2 main motor failed to start phase monitor relay flashing red indicating phase loss,2
"Pellet mill main roller bearing making a grinding metallic noise, scheduled for weekend overhaul.",bearing_failure,pellet mill main roller bearing making a grinding metallic noise scheduled for weekend overhaul,0
Chilled water pump coupling side bearing roaring under load.,bearing_failure,chilled water pump coupling side bearing roaring under load,0
Chilled water pump motor winding failed insulation test (megger read 0.2 megohms); pulling motor for rewinding.,electrical_fault,chilled water pump motor winding failed insulation test megger read 0 2 megohms pulling motor for rewinding,2
Cracked weld near the return port on the custom hydraulic fluid reservoir.,hydraulic_leak,cracked weld near the return port on the custom hydraulic fluid reservoir,3
Severe scale accumulation in heat exchanger tubes reducing heat transfer efficiency by 30%.,corrosion,severe scale accumulation in heat exchanger tubes reducing heat transfer efficiency by 30,1
"Packer line 3 PLC lost its program memory after brief power dip, reloading backup now.",software_control_fault,packer line 3 plc lost its program memory after brief power dip reloading backup now,6
Pinched gasket on the hydraulic filter housing causing persistent weeping.,hydraulic_leak,pinched gasket on the hydraulic filter housing causing persistent weeping,3
Draw bench hydraulic unit shut down on high oil temp interlock at 75C.,overheating,draw bench hydraulic unit shut down on high oil temp interlock at 75c,4
"Heavy internal scale deposits choking the cooling water jacket of air compressor AC-02, causing high discharge temps.",corrosion,heavy internal scale deposits choking the cooling water jacket of air compressor ac-02 causing high discharge temps,1
Exhauster fan motor bearing failure causing high-frequency screeching and trip on overload.,bearing_failure,exhauster fan motor bearing failure causing high-frequency screeching and trip on overload,0
Boiler induced draft fan bearing housing hot; check alignment and lube.,overheating,boiler induced draft fan bearing housing hot check alignment and lube,4
"Main exhaust blower motor failed to start; blown fuses on legs A and B, upstream short identified.",electrical_fault,main exhaust blower motor failed to start blown fuses on legs a and b upstream short identified,2
"Air handler blower motor belt cracked and glazed, slipping under heavy startup load.",wear_and_tear,air handler blower motor belt cracked and glazed slipping under heavy startup load,7
"Line 3 conveyor motor tripped thermal overload; reset and tested, pulls 14A phase C.",electrical_fault,line 3 conveyor motor tripped thermal overload reset and tested pulls 14a phase c,2
Cracked return line hose spraying fluid onto adjacent conduit near lift station 4.,hydraulic_leak,cracked return line hose spraying fluid onto adjacent conduit near lift station 4,3
"CIP return line turbidity sensor coated in scale, false clean readings.",sensor_malfunction,cip return line turbidity sensor coated in scale false clean readings,5
Centrifugal pump #1 impeller blades heavily pitted and cavitation worn.,wear_and_tear,centrifugal pump 1 impeller blades heavily pitted and cavitation worn,7
"Severe rust build-up on the discharge flange of North Water Pump #2, leaking approx 2 GPM.",corrosion,severe rust build-up on the discharge flange of north water pump 2 leaking approx 2 gpm,1
"Hose chaffing against frame near lift gate actuator, slight fluid loss noted.",hydraulic_leak,hose chaffing against frame near lift gate actuator slight fluid loss noted,3
"Sifter motor terminal box filled with water; dried out, cleaned corrosion, and Megger tested ok.",electrical_fault,sifter motor terminal box filled with water dried out cleaned corrosion and megger tested ok,2
"Injection molding press oil temp hitting 130F threshold, heat exchanger bypass valve stuck open.",overheating,injection molding press oil temp hitting 130f threshold heat exchanger bypass valve stuck open,4
Severe galvanic corrosion between aluminum mounting bracket and galvanized steel ductwork.,corrosion,severe galvanic corrosion between aluminum mounting bracket and galvanized steel ductwork,1
"Main line butterfly valve seat rubber degraded, allowing minor bypass when closed.",wear_and_tear,main line butterfly valve seat rubber degraded allowing minor bypass when closed,7
Pallet lift motor stalled and blew control fuse; temporary wire bypass melted due to high resistance short.,electrical_fault,pallet lift motor stalled and blew control fuse temporary wire bypass melted due to high resistance short,2
O-ring extrusion on cylinder end cap causing steady oil loss.,hydraulic_leak,o-ring extrusion on cylinder end cap causing steady oil loss,3
Air compressor oil reservoir level sight glass sensor giving false low alarm.,sensor_malfunction,air compressor oil reservoir level sight glass sensor giving false low alarm,5
Overhead crane trolley drive wheels have flat spots causing a bumpy ride.,wear_and_tear,overhead crane trolley drive wheels have flat spots causing a bumpy ride,7
"Exhaust scrubber motor smoking upon startup; internal winding short detected, tagged out.",electrical_fault,exhaust scrubber motor smoking upon startup internal winding short detected tagged out,2
"Blown fuse on hydraulic power unit transformer secondary, traced to pinched control wire.",electrical_fault,blown fuse on hydraulic power unit transformer secondary traced to pinched control wire,2
Cracked elbow fitting on the pilot pressure line causing erratic operation and fluid loss.,hydraulic_leak,cracked elbow fitting on the pilot pressure line causing erratic operation and fluid loss,3
Corrosion pitting on the impeller blades of Feedwater Pump B causing cavitation and high vibration.,corrosion,corrosion pitting on the impeller blades of feedwater pump b causing cavitation and high vibration,1
Rotary Airlock Valve RLV-02 rotor vanes eroded due to product moisture combined with galvanic corrosion.,corrosion,rotary airlock valve rlv-02 rotor vanes eroded due to product moisture combined with galvanic corrosion,1
"Leaking hydraulic cylinder end-cap seal on trash compactor ram, tripping low level alarm.",hydraulic_leak,leaking hydraulic cylinder end-cap seal on trash compactor ram tripping low level alarm,3
"Extruder barrel zone 3 thermocouple reading ambient, heater band not actually failing.",sensor_malfunction,extruder barrel zone 3 thermocouple reading ambient heater band not actually failing,5
"Limit switch wiring on Indexing Table frayed, causing erratic signal loss.",electrical_fault,limit switch wiring on indexing table frayed causing erratic signal loss,2
Centrifugal pump #4 thrust bearing metal particles found in lube oil sample.,bearing_failure,centrifugal pump 4 thrust bearing metal particles found in lube oil sample,0
"Vacuum pump motor non-drive end bearing hot and noisy, schedule replacement.",bearing_failure,vacuum pump motor non-drive end bearing hot and noisy schedule replacement,0
"Rotary airlock rotor vanes worn past tolerance, losing differential pressure across seal.",wear_and_tear,rotary airlock rotor vanes worn past tolerance losing differential pressure across seal,7
Palletizer lift motor brake-side bearing grinding intermittently.,bearing_failure,palletizer lift motor brake-side bearing grinding intermittently,0
"Compressor stage 2 discharge air temp reaching 280°F, exceeding OEM limits.",overheating,compressor stage 2 discharge air temp reaching 280 f exceeding oem limits,4
"Rotary kiln pyrometer lens coated in dust, giving low temperature readings.",sensor_malfunction,rotary kiln pyrometer lens coated in dust giving low temperature readings,5
Boiler feed pump outboard bearing housing vibrating heavily and running at 105C.,overheating,boiler feed pump outboard bearing housing vibrating heavily and running at 105c,4
"Weigh scale PLC analog input module scaling factor set incorrectly, displaying double weight.",software_control_fault,weigh scale plc analog input module scaling factor set incorrectly displaying double weight,6
Blown 2A glass fuse on PLC input card for Conveyor 8 photoeye.,electrical_fault,blown 2a glass fuse on plc input card for conveyor 8 photoeye,2
"Exhaust fan motor pulley has deep grooves in the V-belt seating area, causing frequent belt slippage.",wear_and_tear,exhaust fan motor pulley has deep grooves in the v-belt seating area causing frequent belt slippage,7
HMI trending data flatlining on wastewater pump station telemetry.,software_control_fault,hmi trending data flatlining on wastewater pump station telemetry,6
Quick disconnect coupling failing to seat properly on test bench hydraulic circuit.,hydraulic_leak,quick disconnect coupling failing to seat properly on test bench hydraulic circuit,3
Hydraulic unit oil temp switch leaking and throwing intermittent fault.,sensor_malfunction,hydraulic unit oil temp switch leaking and throwing intermittent fault,5
Mixer agitator gearbox seal leaking; unit running dry and extremely hot.,overheating,mixer agitator gearbox seal leaking unit running dry and extremely hot,4
Water treatment plant influent mag meter losing 4-20mA signal intermittently during heavy rain.,sensor_malfunction,water treatment plant influent mag meter losing 4-20ma signal intermittently during heavy rain,5
Auto-indexer on CNC lathe 2 throwing axis following error via CNC controller.,software_control_fault,auto-indexer on cnc lathe 2 throwing axis following error via cnc controller,6
"Package conveyor return roller bearing seized and smoking, belt friction damage observed.",bearing_failure,package conveyor return roller bearing seized and smoking belt friction damage observed,0
"Packaging line roller chain elongated past tolerance, skipping on drive sprocket.",wear_and_tear,packaging line roller chain elongated past tolerance skipping on drive sprocket,7
"Extruder gearbox cooling loop flow restricted, warning light illuminated on HMI.",overheating,extruder gearbox cooling loop flow restricted warning light illuminated on hmi,4
"Water booster pump #1 impeller eroded from cavitation, discharge pressure dropping by 15%.",wear_and_tear,water booster pump 1 impeller eroded from cavitation discharge pressure dropping by 15,7
"Severe scaling and rust build-up inside 4-inch cooling water supply header, reducing flow by 30%.",corrosion,severe scaling and rust build-up inside 4-inch cooling water supply header reducing flow by 30,1
"Boiler feedwater flow meter erratic output, likely air trapped in impulse lines.",sensor_malfunction,boiler feedwater flow meter erratic output likely air trapped in impulse lines,5
Stiff operation of sluice gate actuator caused by rust build-up on the lead screw threads.,corrosion,stiff operation of sluice gate actuator caused by rust build-up on the lead screw threads,1
"Actuator cushion adjustment screw missing O-ring, spraying oil under shock load.",hydraulic_leak,actuator cushion adjustment screw missing o-ring spraying oil under shock load,3
Exhaust scrubber recirculation pump bearing is making a heavy grinding noise.,bearing_failure,exhaust scrubber recirculation pump bearing is making a heavy grinding noise,0
"Pin-hole leak on return line of hydraulic power unit #2, pooling oil under skid.",hydraulic_leak,pin-hole leak on return line of hydraulic power unit 2 pooling oil under skid,3
"Cooling fan motor bearing smoking and smelling like burnt grease, shut down immediately.",bearing_failure,cooling fan motor bearing smoking and smelling like burnt grease shut down immediately,0
Pusher cylinder gland seal failure spraying fluid onto adjacent guarding.,hydraulic_leak,pusher cylinder gland seal failure spraying fluid onto adjacent guarding,3
"Cooling fan motor bearing failure, heavy grease leakage past seal.",bearing_failure,cooling fan motor bearing failure heavy grease leakage past seal,0
Hydraulic press main cylinder oil cooler leaking water and running hot at 72C.,overheating,hydraulic press main cylinder oil cooler leaking water and running hot at 72c,4
Conveyor line 3 sorting diverter solenoid stuck; burnt coil and shorted wiring harness.,electrical_fault,conveyor line 3 sorting diverter solenoid stuck burnt coil and shorted wiring harness,2
Chiller water loop pump motor drawing high amps and casing feels hot to the touch.,overheating,chiller water loop pump motor drawing high amps and casing feels hot to the touch,4
Cracked return line hose near inline filter housing causing moderate pooling.,hydraulic_leak,cracked return line hose near inline filter housing causing moderate pooling,3
"Air dryer 1 dew point sensor saturated with moisture, reading -100F constantly.",sensor_malfunction,air dryer 1 dew point sensor saturated with moisture reading -100f constantly,5
ZS-09 valve position indicator on main steam block reads closed when valve is manually verified 100% open.,sensor_malfunction,zs-09 valve position indicator on main steam block reads closed when valve is manually verified 100 open,5
Sorting conveyor photo-eye logic inversion causing dropped packages at diverter.,software_control_fault,sorting conveyor photo-eye logic inversion causing dropped packages at diverter,6
"Extruder barrel zone 4 thermocouple open circuit fault on HMI, replace TC element",sensor_malfunction,extruder barrel zone 4 thermocouple open circuit fault on hmi replace tc element,5
"Primary crusher drive coupling misaligned, causing severe vibration and heat buildup.",overheating,primary crusher drive coupling misaligned causing severe vibration and heat buildup,4
O-ring extruded out of the sandwich valve stack on hydraulic power pack 6.,hydraulic_leak,o-ring extruded out of the sandwich valve stack on hydraulic power pack 6,3
Agitator drive shaft lower sleeve bearing scored and binding.,bearing_failure,agitator drive shaft lower sleeve bearing scored and binding,0
"Centrifugal blower bearing grease purge is full of metal flakes, needs immediate replacement.",bearing_failure,centrifugal blower bearing grease purge is full of metal flakes needs immediate replacement,0
Main incoming power feed to CNC mill showing phase loss on phase B.,electrical_fault,main incoming power feed to cnc mill showing phase loss on phase b,2
"Severe pitting on the impeller vanes of Centrifugal Pump #4, resulting in a 15% drop in discharge pressure.",corrosion,severe pitting on the impeller vanes of centrifugal pump 4 resulting in a 15 drop in discharge pressure,1
"Hydraulic press 6 reservoir temp gauge pegged at 70C, cooler fan dead.",overheating,hydraulic press 6 reservoir temp gauge pegged at 70c cooler fan dead,4
"Boiler feed check valve disc and seat grooved, won't hold full pressure when closed.",wear_and_tear,boiler feed check valve disc and seat grooved won t hold full pressure when closed,7
Chiller compressor head #2 overheating due to low refrigerant charge and condenser fouling.,overheating,chiller compressor head 2 overheating due to low refrigerant charge and condenser fouling,4
Exhaust fan unit 2 vibrating excessively due to outer race spalling on the NDE bearing.,bearing_failure,exhaust fan unit 2 vibrating excessively due to outer race spalling on the nde bearing,0
"Mixing tank agitator VFD fault code F012 indicating internal firmware corruption, escalated to OEM.",software_control_fault,mixing tank agitator vfd fault code f012 indicating internal firmware corruption escalated to oem,6
Leaking drain plug on the bottom of the main hydraulic fluid storage tank.,hydraulic_leak,leaking drain plug on the bottom of the main hydraulic fluid storage tank,3
Scada trend logging stopped for temp sensors on chill water loop.,software_control_fault,scada trend logging stopped for temp sensors on chill water loop,6
"Motor winding failure on exhaust fan #2, high resistance detected on phase C to ground.",electrical_fault,motor winding failure on exhaust fan 2 high resistance detected on phase c to ground,2
Extruder barrel heating zone 2 thermocouple well is worn loose from vibration.,wear_and_tear,extruder barrel heating zone 2 thermocouple well is worn loose from vibration,7
Transfer car #1 drive motor tripped circuit breaker; found severe arc damage on motor lead connection.,electrical_fault,transfer car 1 drive motor tripped circuit breaker found severe arc damage on motor lead connection,2
"Packaging line roller chain is elongated beyond tolerance, causing sprocket tooth wear.",wear_and_tear,packaging line roller chain is elongated beyond tolerance causing sprocket tooth wear,7
"Packaging line roller conveyor bearing cage broke apart, ball bearings falling out onto floor.",bearing_failure,packaging line roller conveyor bearing cage broke apart ball bearings falling out onto floor,0
Severe galvanic corrosion observed on stainless-to-carbon steel spool piece near heat exchanger inlet.,corrosion,severe galvanic corrosion observed on stainless-to-carbon steel spool piece near heat exchanger inlet,1
Extruder gearbox high-speed shaft bearing metal particles found in oil filter.,bearing_failure,extruder gearbox high-speed shaft bearing metal particles found in oil filter,0
"Pneumatic transfer blower outboard bearing seized, shutting down line B.",bearing_failure,pneumatic transfer blower outboard bearing seized shutting down line b,0
"Vibration accelerometer on motor drive-end loose on mounting stud, erratic spectrum data.",sensor_malfunction,vibration accelerometer on motor drive-end loose on mounting stud erratic spectrum data,5
Pitting observed on Compressor #3 intercooler tubes resulting in minor pressure drop and moisture carryover.,corrosion,pitting observed on compressor 3 intercooler tubes resulting in minor pressure drop and moisture carryover,1
"Industrial washer door gasket torn and flattened, steam escaping into room.",wear_and_tear,industrial washer door gasket torn and flattened steam escaping into room,7
Shrink wrapper heater zone 3 PID output locked at 0 percent due to a math overflow fault in PLC.,software_control_fault,shrink wrapper heater zone 3 pid output locked at 0 percent due to a math overflow fault in plc,6
"Diesel generator fuel lift pump diaphragm micro-cracked, smelling fuel.",wear_and_tear,diesel generator fuel lift pump diaphragm micro-cracked smelling fuel,7
Main exhaust fan VFD fault code F012 overcurrent trip generated by corrupt speed ref signal.,software_control_fault,main exhaust fan vfd fault code f012 overcurrent trip generated by corrupt speed ref signal,6
Ventilation damper actuator motor stalled and blew internal protection fuse; actuator housing hot to touch.,electrical_fault,ventilation damper actuator motor stalled and blew internal protection fuse actuator housing hot to touch,2
Scale deposits restricting water flow through induction furnace cooling coils.,corrosion,scale deposits restricting water flow through induction furnace cooling coils,1
"Stacker crane hoist motor failed insulation test, moisture ingress found inside terminal enclosure.",electrical_fault,stacker crane hoist motor failed insulation test moisture ingress found inside terminal enclosure,2
"Main feed conveyor motor tripped overload relay on startup, reset and checked amp draw running high.",electrical_fault,main feed conveyor motor tripped overload relay on startup reset and checked amp draw running high,2
Intermittent wiring fault in proximity sensor circuit for Pneumatic Valve 5.,electrical_fault,intermittent wiring fault in proximity sensor circuit for pneumatic valve 5,2
Minor drip coming from the spool valve bank on the overhead crane trolley.,hydraulic_leak,minor drip coming from the spool valve bank on the overhead crane trolley,3
Primary crusher drive V-belts are cracked and stretched beyond tension limits.,wear_and_tear,primary crusher drive v-belts are cracked and stretched beyond tension limits,7
"Reactor vessel RTD #3 reading open circuit, panel showing -50F fault.",sensor_malfunction,reactor vessel rtd 3 reading open circuit panel showing -50f fault,5
Slurry pump casing liner worn thin near discharge port.,wear_and_tear,slurry pump casing liner worn thin near discharge port,7
CIP return line conductivity probe erratic during rinse cycles.,sensor_malfunction,cip return line conductivity probe erratic during rinse cycles,5
"Heavy oxidation on battery terminal connections for backup generator UPS-1, resulting in a low voltage alarm.",corrosion,heavy oxidation on battery terminal connections for backup generator ups-1 resulting in a low voltage alarm,1
Rust accumulation on safety relief valve spring mechanism; valve failed annual bench test.,corrosion,rust accumulation on safety relief valve spring mechanism valve failed annual bench test,1
Slight seepage from hydraulic motor shaft seal on rotary index table.,hydraulic_leak,slight seepage from hydraulic motor shaft seal on rotary index table,3
O-ring failure in the quick-disconnect coupling on the auxiliary attachment circuit.,hydraulic_leak,o-ring failure in the quick-disconnect coupling on the auxiliary attachment circuit,3
Wastewater chopper pump blades dulled and nicked from solids.,wear_and_tear,wastewater chopper pump blades dulled and nicked from solids,7
"HMI screen on compressor 4 frozen, unable to adjust discharge pressure setpoints.",software_control_fault,hmi screen on compressor 4 frozen unable to adjust discharge pressure setpoints,6
"Chiller unit 2 PLC losing retain memory on power cycle, resetting setpoints.",software_control_fault,chiller unit 2 plc losing retain memory on power cycle resetting setpoints,6
"Fittings loose on proportional valve subplate, hydraulic unit 7.",hydraulic_leak,fittings loose on proportional valve subplate hydraulic unit 7,3
Rotary screw compressor displays ground fault error; megger test confirms motor winding insulation failure.,electrical_fault,rotary screw compressor displays ground fault error megger test confirms motor winding insulation failure,2
"Hydraulic unit oil reservoir temp switch stuck closed, preventing system startup interlock",sensor_malfunction,hydraulic unit oil reservoir temp switch stuck closed preventing system startup interlock,5
Cooling tower fan vibration accelerometer cable severed by loose conduit bracket.,sensor_malfunction,cooling tower fan vibration accelerometer cable severed by loose conduit bracket,5
"Rotary airlock motor encoder dropping pulses, causing speed mismatch alarm on VFD.",sensor_malfunction,rotary airlock motor encoder dropping pulses causing speed mismatch alarm on vfd,5
Pinched O-ring on directional control valve subplate causing continuous leak.,hydraulic_leak,pinched o-ring on directional control valve subplate causing continuous leak,3
"Line 2 palletizer drive motor fan shroud clogged with dust, blowing hot air.",overheating,line 2 palletizer drive motor fan shroud clogged with dust blowing hot air,4
Fitting stripped on the auxiliary hydraulic circuit of skid steer loader 4.,hydraulic_leak,fitting stripped on the auxiliary hydraulic circuit of skid steer loader 4,3
Palletizer lift table laser distance sensor losing lock in bright light.,sensor_malfunction,palletizer lift table laser distance sensor losing lock in bright light,5
Turbine lube oil cooler tubes choked with rust scale from untreated makeup water.,corrosion,turbine lube oil cooler tubes choked with rust scale from untreated makeup water,1
Centrifuge feed pump thrust bearing failure caused axial shaft displacement.,bearing_failure,centrifuge feed pump thrust bearing failure caused axial shaft displacement,0
"Baghouse dust collector pulse timer logic halted, solenoid valves stuck in closed position.",software_control_fault,baghouse dust collector pulse timer logic halted solenoid valves stuck in closed position,6
"Boiler fuel gas regulator diaphragm stiff and cracked from age, erratic pressure control.",wear_and_tear,boiler fuel gas regulator diaphragm stiff and cracked from age erratic pressure control,7
"Palletizer index motor tripped thermal overload, found loose and corroded wire nut in junction box.",electrical_fault,palletizer index motor tripped thermal overload found loose and corroded wire nut in junction box,2
Internal corrosion and scale build-up inside heat exchanger shell side restricting thermal transfer efficiency.,corrosion,internal corrosion and scale build-up inside heat exchanger shell side restricting thermal transfer efficiency,1
"Chiller #3 return water temp sensor stuck at 85F, causing unit to short cycle.",sensor_malfunction,chiller 3 return water temp sensor stuck at 85f causing unit to short cycle,5
Worn rod wiper and seal kit leaking on conveyor lift cylinder #3.,hydraulic_leak,worn rod wiper and seal kit leaking on conveyor lift cylinder 3,3
"Sifter screen frame gaskets flattened out, causing powder dust escape during operation.",wear_and_tear,sifter screen frame gaskets flattened out causing powder dust escape during operation,7
Air compressor receiver tank bottom drain port clogged with rust scale and debris.,corrosion,air compressor receiver tank bottom drain port clogged with rust scale and debris,1
Worn wiper seal on dump gate cylinder letting hydraulic fluid bypass.,hydraulic_leak,worn wiper seal on dump gate cylinder letting hydraulic fluid bypass,3
"Hydraulic press ram position encoder losing count mid-stroke, clean optical disc and check wiring harness",sensor_malfunction,hydraulic press ram position encoder losing count mid-stroke clean optical disc and check wiring harness,5
Exhaust fan housing base severely rusted through; unit vibrating excessively and requires immediate structural pad repair.,corrosion,exhaust fan housing base severely rusted through unit vibrating excessively and requires immediate structural pad repair,1
Assembly line 1 safety PLC faulted due to an internal watchdog timer expiration.,software_control_fault,assembly line 1 safety plc faulted due to an internal watchdog timer expiration,6
"Boiler steam flow DP cell plugged with condensate, reading zero.",sensor_malfunction,boiler steam flow dp cell plugged with condensate reading zero,5
"Chiller water loop control valve seat worn, bypassing 10% flow when fully closed.",wear_and_tear,chiller water loop control valve seat worn bypassing 10 flow when fully closed,7
"Pellet mill main shaft roller bearing seized during production run, emergency work order.",bearing_failure,pellet mill main shaft roller bearing seized during production run emergency work order,0
Hydraulic power unit #4 motor failed to start; 30A time-delay fuse blown and burnt smell near contactor.,electrical_fault,hydraulic power unit 4 motor failed to start 30a time-delay fuse blown and burnt smell near contactor,2
"Pneumatic actuator piston seals are worn, causing slow stroke times and air blow-by.",wear_and_tear,pneumatic actuator piston seals are worn causing slow stroke times and air blow-by,7
"Line 4 metal detector head throwing spurious fault signals, needs recalibration.",sensor_malfunction,line 4 metal detector head throwing spurious fault signals needs recalibration,5
Chiller unit 2 HMI lost real-time clock synchronization and time stamps on logs are corrupt.,software_control_fault,chiller unit 2 hmi lost real-time clock synchronization and time stamps on logs are corrupt,6
Rotary air lock valve motor bearing seizing intermittently under load.,bearing_failure,rotary air lock valve motor bearing seizing intermittently under load,0
Proportional valve stack leaking through center O-ring seals on machine center 6.,hydraulic_leak,proportional valve stack leaking through center o-ring seals on machine center 6,3
Pinhole in braided steel hose feeding clamp cylinder.,hydraulic_leak,pinhole in braided steel hose feeding clamp cylinder,3
"Silo rotary valve bearing seized, shear pin broken and motor stalled under load.",bearing_failure,silo rotary valve bearing seized shear pin broken and motor stalled under load,0
Air handler unit #4 belt set is stretched beyond take-up limit and slipping under load.,wear_and_tear,air handler unit 4 belt set is stretched beyond take-up limit and slipping under load,7
"Extruder heater band zone 4 shorted out to barrel, tripped ground fault breaker.",electrical_fault,extruder heater band zone 4 shorted out to barrel tripped ground fault breaker,2
Cracked banjo fitting on the steering actuator of heavy forklift #12.,hydraulic_leak,cracked banjo fitting on the steering actuator of heavy forklift 12,3
"PLC-3 communication lost with main conveyor 2 drive, causing unexpected halt on line B.",software_control_fault,plc-3 communication lost with main conveyor 2 drive causing unexpected halt on line b,6
Reactor vessel temp control loop locked out due to analog input fault in PLC.,software_control_fault,reactor vessel temp control loop locked out due to analog input fault in plc,6
"Tripped feeder breaker for Hydraulic Press 4, motor windings show signs of severe overheating.",electrical_fault,tripped feeder breaker for hydraulic press 4 motor windings show signs of severe overheating,2
Cooling tower make-up water line strainer completely clogged with iron oxide scale debris.,corrosion,cooling tower make-up water line strainer completely clogged with iron oxide scale debris,1
North HVAC AHU-3 supply air temp sensor reading a flat 120 deg F.,sensor_malfunction,north hvac ahu-3 supply air temp sensor reading a flat 120 deg f,5
Main supply breaker for Conveyor Line 3 tripped twice today under normal load.,electrical_fault,main supply breaker for conveyor line 3 tripped twice today under normal load,2
"Hydraulic power unit 3 main contactor chattering violently, replaced welded contacts and burnt coil.",electrical_fault,hydraulic power unit 3 main contactor chattering violently replaced welded contacts and burnt coil,2
Boiler feedwater pump VFD reporting bus undervoltage fault in PLC.,software_control_fault,boiler feedwater pump vfd reporting bus undervoltage fault in plc,6
Severe rust on gear reducer housing for conveyor drive motor CD-9; oil sight glass obscured.,corrosion,severe rust on gear reducer housing for conveyor drive motor cd-9 oil sight glass obscured,1
"Severe rust on damper linkages in HVAC air handler unit #5, causing them to stick half-open.",corrosion,severe rust on damper linkages in hvac air handler unit 5 causing them to stick half-open,1
"Mixer agitator lower sleeve bearing seized, motor tripped on overcurrent.",bearing_failure,mixer agitator lower sleeve bearing seized motor tripped on overcurrent,0
Rusted-out floor pan and motor mount on sump pump assembly #1; unit shifting during start-up.,corrosion,rusted-out floor pan and motor mount on sump pump assembly 1 unit shifting during start-up,1
"Pulverizer main shaft bearing temp peaked at 105C, schedule immediate shutdown.",overheating,pulverizer main shaft bearing temp peaked at 105c schedule immediate shutdown,4
Conveyor merge line sensor power supply dead; 24V power distribution block fuse blown due to shorted photoceye.,electrical_fault,conveyor merge line sensor power supply dead 24v power distribution block fuse blown due to shorted photoceye,2
"Main feed conveyor motor tripped overload relay on startup, manual reset failed.",electrical_fault,main feed conveyor motor tripped overload relay on startup manual reset failed,2
"Conveyor drive pulley bearing seized up, smoking heavily upon startup; shut down immediately.",bearing_failure,conveyor drive pulley bearing seized up smoking heavily upon startup shut down immediately,0
Damaged quick-connect fitting on auxiliary hydraulic circuit leaking when pressurized.,hydraulic_leak,damaged quick-connect fitting on auxiliary hydraulic circuit leaking when pressurized,3
"Water pump #1 motor failed to start, phase imbalance measured at 18 percent.",electrical_fault,water pump 1 motor failed to start phase imbalance measured at 18 percent,2
"Corroded mounting bolts on exhaust fan EF-08; two bolts snapped off during vibration check, unit requires immediate re-anchoring.",corrosion,corroded mounting bolts on exhaust fan ef-08 two bolts snapped off during vibration check unit requires immediate re-anchoring,1
Loose fitting on the cooler return line causing minor puddle near hydraulic power pack B.,hydraulic_leak,loose fitting on the cooler return line causing minor puddle near hydraulic power pack b,3
"Rotary airlock feeder tips worn, blowing air back into surge hopper.",wear_and_tear,rotary airlock feeder tips worn blowing air back into surge hopper,7
"Intermittent tripped breaker on air compressor #3; found loose lug in main distribution panel, torqued to spec.",electrical_fault,intermittent tripped breaker on air compressor 3 found loose lug in main distribution panel torqued to spec,2
"Centrifugal pump thrust bearing housing hot to touch, lube oil level low in sight glass.",overheating,centrifugal pump thrust bearing housing hot to touch lube oil level low in sight glass,4
"Extruder drive motor running at 92C, tripping thermal overload every 2 hours under heavy load.",overheating,extruder drive motor running at 92c tripping thermal overload every 2 hours under heavy load,4
Air compressor intake filter housing threads stripped from constant vibration wear.,wear_and_tear,air compressor intake filter housing threads stripped from constant vibration wear,7
"Vibration spike on exhaust fan motor bearing #1, accelerometer likely loose.",sensor_malfunction,vibration spike on exhaust fan motor bearing 1 accelerometer likely loose,5
"Stacker crane Z-axis laser distance sensor blocked by dust buildup, losing home position.",sensor_malfunction,stacker crane z-axis laser distance sensor blocked by dust buildup losing home position,5
Main ventilation damper actuator stuck open due to corrupted analog output signal.,software_control_fault,main ventilation damper actuator stuck open due to corrupted analog output signal,6
"Motor winding failure on Assembly Line 3 index drive, emitting heavy smoke under power.",electrical_fault,motor winding failure on assembly line 3 index drive emitting heavy smoke under power,2
"Cooling fan on VFD drive unit failed, causing inverter to overheat and fault out.",electrical_fault,cooling fan on vfd drive unit failed causing inverter to overheat and fault out,2
"PT-102 discharge pressure transmitter reading erratic spikes, no corresponding process change observed.",sensor_malfunction,pt-102 discharge pressure transmitter reading erratic spikes no corresponding process change observed,5
"Blown fuse on cooling tower fan starter, motor pulls high amp draw on startup.",electrical_fault,blown fuse on cooling tower fan starter motor pulls high amp draw on startup,2
"Vacuum pump #1 motor bearing screaming loudly, taken offline for emergency rebuild.",bearing_failure,vacuum pump 1 motor bearing screaming loudly taken offline for emergency rebuild,0
"Hydraulic cylinder rod seal blown on press brake clamp, pooling oil on factory floor.",hydraulic_leak,hydraulic cylinder rod seal blown on press brake clamp pooling oil on factory floor,3
"Chilled water pump coupling-end bearing humming loudly, high vibration spectra.",bearing_failure,chilled water pump coupling-end bearing humming loudly high vibration spectra,0
Hydraulic leak observed at the main pressure line fitting on the 50-ton punch press.,hydraulic_leak,hydraulic leak observed at the main pressure line fitting on the 50-ton punch press,3
"Seep at proportional control valve stack, wiped down area to monitor for recurrence.",hydraulic_leak,seep at proportional control valve stack wiped down area to monitor for recurrence,3
Severe galvanic reaction between copper grounding strap and galvanized steel conduit on Transformer T-3.,corrosion,severe galvanic reaction between copper grounding strap and galvanized steel conduit on transformer t-3,1
"Turbine 4 bearing temp thermocouple erratic, high resistance fault in junction box.",sensor_malfunction,turbine 4 bearing temp thermocouple erratic high resistance fault in junction box,5
Leak at swivel joint of material handler boom hose reel.,hydraulic_leak,leak at swivel joint of material handler boom hose reel,3
Boiler feedwater valve position feedback erratic due to analog card scaling error in PLC.,software_control_fault,boiler feedwater valve position feedback erratic due to analog card scaling error in plc,6
Pinhole leak on the pilot line of the main hydraulic press.,hydraulic_leak,pinhole leak on the pilot line of the main hydraulic press,3
Pin-hole leak in high-pressure feed line to robotic arm wrist actuator.,hydraulic_leak,pin-hole leak in high-pressure feed line to robotic arm wrist actuator,3
"Vacuum pump inlet pressure transducer saturating at high vacuum, scale out of whack.",sensor_malfunction,vacuum pump inlet pressure transducer saturating at high vacuum scale out of whack,5
Pneumatic valve positioner feedback signal drifting by 10% on CV-104.,sensor_malfunction,pneumatic valve positioner feedback signal drifting by 10 on cv-104,5
Crankcase breather on power unit spewing atomized hydraulic oil due to overfill.,hydraulic_leak,crankcase breather on power unit spewing atomized hydraulic oil due to overfill,3
"Robotic arm wrist joint bronze bushing elongated, causing positional drift.",wear_and_tear,robotic arm wrist joint bronze bushing elongated causing positional drift,7
Palletizer guide rails grooved deeply from years of box friction.,wear_and_tear,palletizer guide rails grooved deeply from years of box friction,7
"Air dryer purge valve Teflon seat eroded, constant bleed of compressed air.",wear_and_tear,air dryer purge valve teflon seat eroded constant bleed of compressed air,7
Corrosion perforation on condensate return line elbow near steam trap station #6.,corrosion,corrosion perforation on condensate return line elbow near steam trap station 6,1
"Exhaust fan motor pulley worn out of round, causing high vibration on unit #2 housing.",wear_and_tear,exhaust fan motor pulley worn out of round causing high vibration on unit 2 housing,7
Draft fan motor on boiler #2 throwing thermal overload codes during peak firing rate.,overheating,draft fan motor on boiler 2 throwing thermal overload codes during peak firing rate,4
Condensate return line pinhole leak due to internal scale corrosion and pitting near elbow joint.,corrosion,condensate return line pinhole leak due to internal scale corrosion and pitting near elbow joint,1
"Boiler feedwater pump baseplate severely degraded by rust and chemical splash, motor alignment shifting.",corrosion,boiler feedwater pump baseplate severely degraded by rust and chemical splash motor alignment shifting,1
RO water skid PLC lost configuration parameters after temporary power loss; restoring from EEPROM.,software_control_fault,ro water skid plc lost configuration parameters after temporary power loss restoring from eeprom,6
"Conveyor line 2 VFD threw an internal firmware fault code F014, requiring cold reboot.",software_control_fault,conveyor line 2 vfd threw an internal firmware fault code f014 requiring cold reboot,6
Conveyor belt transfer station motor control circuit fuse blowing repeatedly upon start command.,electrical_fault,conveyor belt transfer station motor control circuit fuse blowing repeatedly upon start command,2
Emergency stop safety relay feedback mismatch on palletizer zone 4 PLC.,software_control_fault,emergency stop safety relay feedback mismatch on palletizer zone 4 plc,6
"Auxiliary lube oil pump heat exchanger plugged with scale, causing oil inlet temp to spike.",overheating,auxiliary lube oil pump heat exchanger plugged with scale causing oil inlet temp to spike,4
Potable water booster pump suction manifold heavily corroded with reddish-brown tubercules.,corrosion,potable water booster pump suction manifold heavily corroded with reddish-brown tubercules,1
Weigh scale PLC losing calibration data every time system power is cycled.,software_control_fault,weigh scale plc losing calibration data every time system power is cycled,6
Main hydraulic press oil temp reached 140F limit; manual inspection shows heat exchanger bypass valve stuck open.,overheating,main hydraulic press oil temp reached 140f limit manual inspection shows heat exchanger bypass valve stuck open,4
Silo 4 level sensor 4-20mA signal fluctuating wildly due to ground loop in PLC cabinet.,software_control_fault,silo 4 level sensor 4-20ma signal fluctuating wildly due to ground loop in plc cabinet,6
Cooling tower fan gear reducer shaft seal leaking gear oil into basin.,wear_and_tear,cooling tower fan gear reducer shaft seal leaking gear oil into basin,7
Screw feeder motor tripped thermal overload; found shorted winding on phase B-C after megger test.,electrical_fault,screw feeder motor tripped thermal overload found shorted winding on phase b-c after megger test,2
Pin-hole spray on the hydraulic line feeding the shear clamp cylinder.,hydraulic_leak,pin-hole spray on the hydraulic line feeding the shear clamp cylinder,3
Overhead crane bridge drive motor phase lost; found broken wire inside flexible conduit run.,electrical_fault,overhead crane bridge drive motor phase lost found broken wire inside flexible conduit run,2
"Wastewater lift station telemetry unit dropped cellular connection, SCADA blind.",software_control_fault,wastewater lift station telemetry unit dropped cellular connection scada blind,6
Blown fuse on HVAC unit #2 blower motor; replaced 30A fuse and checked belt tension.,electrical_fault,blown fuse on hvac unit 2 blower motor replaced 30a fuse and checked belt tension,2
Boiler feedwater economizer tubes experiencing accelerated external corrosion and scaling.,corrosion,boiler feedwater economizer tubes experiencing accelerated external corrosion and scaling,1
Vibration sensor on Exhaust Fan A showing intermittent open circuit fault on the PLC card.,sensor_malfunction,vibration sensor on exhaust fan a showing intermittent open circuit fault on the plc card,5
Proximity sensor on sorting line valve losing power intermittently due to pinched cable in articulating arm.,electrical_fault,proximity sensor on sorting line valve losing power intermittently due to pinched cable in articulating arm,2
"Blown 5A control fuse on Hydraulic Press #2, traced to pinched wire in safety circuit.",electrical_fault,blown 5a control fuse on hydraulic press 2 traced to pinched wire in safety circuit,2
"Exhaust blower motor sleeve bearing worn, heavy radial play on shaft.",wear_and_tear,exhaust blower motor sleeve bearing worn heavy radial play on shaft,7
"Flange bolts on acid dilution line heavily corroded, torque check failed.",corrosion,flange bolts on acid dilution line heavily corroded torque check failed,1
"Extruder #4 barrel zone 3 heater running 40C above setpoint, solid state relay welded shut.",overheating,extruder 4 barrel zone 3 heater running 40c above setpoint solid state relay welded shut,4
Fitted joint leaking on the hydraulic motor driving the parts wash conveyor.,hydraulic_leak,fitted joint leaking on the hydraulic motor driving the parts wash conveyor,3
"Chiller compressor head getting too hot, suction pressure is way too low.",overheating,chiller compressor head getting too hot suction pressure is way too low,4
Pneumatic valve manifold lost all power LEDs; checked incoming 24VDC supply and found shorted solenoid coil on valve 6.,electrical_fault,pneumatic valve manifold lost all power leds checked incoming 24vdc supply and found shorted solenoid coil on valve 6,2
Line 5 induction sealer PLC firmware crashed during recipe download from engineering server.,software_control_fault,line 5 induction sealer plc firmware crashed during recipe download from engineering server,6
Seal failure on the hydraulic motor powering the rotary table.,hydraulic_leak,seal failure on the hydraulic motor powering the rotary table,3
Heavy scale build-up inside 4-inch cooling water supply line causing restricted flow to the main compressor heat exchanger.,corrosion,heavy scale build-up inside 4-inch cooling water supply line causing restricted flow to the main compressor heat exchanger,1
"Crusher gear teeth pitting heavily on final reduction stage, metal shavings found in oil sample.",wear_and_tear,crusher gear teeth pitting heavily on final reduction stage metal shavings found in oil sample,7
"Centrifuge motor bearing temp spike, grease fitting was plugged.",overheating,centrifuge motor bearing temp spike grease fitting was plugged,4
Rotary airlock valve rotor tips worn and pitted due to moisture in pneumatic line.,corrosion,rotary airlock valve rotor tips worn and pitted due to moisture in pneumatic line,1
"Transfer conveyor take-up bearing burning up, pillow block housing glowing dull red.",overheating,transfer conveyor take-up bearing burning up pillow block housing glowing dull red,4
"Pin-hole leak on steel hydraulic line feeding clamping cylinder 2, wrapping in temporary tape.",hydraulic_leak,pin-hole leak on steel hydraulic line feeding clamping cylinder 2 wrapping in temporary tape,3
"Shorted solenoid valve coil blew PLC output card fuse, replaced coil and fuse.",electrical_fault,shorted solenoid valve coil blew plc output card fuse replaced coil and fuse,2
Cooling tower pump bearing running hot at 185F with a loud metallic grinding noise.,bearing_failure,cooling tower pump bearing running hot at 185f with a loud metallic grinding noise,0
"Rotary airlock speed sensor missing pulses, rotation fault tripping VFD.",sensor_malfunction,rotary airlock speed sensor missing pulses rotation fault tripping vfd,5
"ID fan motor drive end bearing failure, catastrophic cage breakup with metal debris in housing.",bearing_failure,id fan motor drive end bearing failure catastrophic cage breakup with metal debris in housing,0
Roller bearing on conveyor 12 tail pulley seized and throwing sparks.,overheating,roller bearing on conveyor 12 tail pulley seized and throwing sparks,4
Severe insulation breakdown on chiller pump 1 motor leads inside terminal box.,electrical_fault,severe insulation breakdown on chiller pump 1 motor leads inside terminal box,2
"Boiler 2 steam header pressure transmitter diaphragm ruptured, venting small amount of steam.",sensor_malfunction,boiler 2 steam header pressure transmitter diaphragm ruptured venting small amount of steam,5
"Extruder barrel zone 3 heater band running 40°C over set temp, solid state relay stuck closed.",overheating,extruder barrel zone 3 heater band running 40 c over set temp solid state relay stuck closed,4
Auto-bagger machine PLC program halted on unhandled pointer exception in DB5.,software_control_fault,auto-bagger machine plc program halted on unhandled pointer exception in db5,6
"Screw compressor female rotor discharge bearing seized, unit tripped on hi-temp.",bearing_failure,screw compressor female rotor discharge bearing seized unit tripped on hi-temp,0
"Hydraulic leak detected at the drive motor flange, fluid pooling in drip tray.",hydraulic_leak,hydraulic leak detected at the drive motor flange fluid pooling in drip tray,3
"Inlet pressure transmitter PT-102 showing zero output, loop power verified good at 24VDC.",sensor_malfunction,inlet pressure transmitter pt-102 showing zero output loop power verified good at 24vdc,5
Extruder barrel heating zone 3 band heater clamp stretched and loose.,wear_and_tear,extruder barrel heating zone 3 band heater clamp stretched and loose,7
Pelletizer cutter motor running extremely hot under normal load; amp draw is slightly elevated.,overheating,pelletizer cutter motor running extremely hot under normal load amp draw is slightly elevated,4
"Assembly line 4 indexing motor experienced phase loss, resulting in single-phasing and burnt out windings.",electrical_fault,assembly line 4 indexing motor experienced phase loss resulting in single-phasing and burnt out windings,2
Submersible sump pump running dry; thermal switch failed to trip before stator burned out.,overheating,submersible sump pump running dry thermal switch failed to trip before stator burned out,4
Extruder barrel zone 4 heater band failing open causing localized overheating condition.,overheating,extruder barrel zone 4 heater band failing open causing localized overheating condition,4
"Blown 15A control fuse on main hydraulic press #1; replaced and tested, blew again immediately upon cycle start.",electrical_fault,blown 15a control fuse on main hydraulic press 1 replaced and tested blew again immediately upon cycle start,2
Seeping hydraulic fluid around the filter housing drain plug on central lube system B.,hydraulic_leak,seeping hydraulic fluid around the filter housing drain plug on central lube system b,3
Hydraulic press ram wiper seal is torn and leaking oil onto the bed.,wear_and_tear,hydraulic press ram wiper seal is torn and leaking oil onto the bed,7
Gear reducer on mixing tank #4 leaking synthetic lube and running extremely hot.,overheating,gear reducer on mixing tank 4 leaking synthetic lube and running extremely hot,4
Internal pipe scale breaking loose and plugging inline strainer ahead of utility pump #2.,corrosion,internal pipe scale breaking loose and plugging inline strainer ahead of utility pump 2,1
"Drive chain on Packaging Line Conveyor heavily corroded and stiff, causing jerky movement and product jams.",corrosion,drive chain on packaging line conveyor heavily corroded and stiff causing jerky movement and product jams,1
"Sifter screen support springs fatigued and sagging, dampening stroke.",wear_and_tear,sifter screen support springs fatigued and sagging dampening stroke,7
Hydraulic manifold block too hot to touch near proportional valve V-12.,overheating,hydraulic manifold block too hot to touch near proportional valve v-12,4
"Air handler unit 6 blower belt cracked and glazed, needs immediate replacement before failure.",wear_and_tear,air handler unit 6 blower belt cracked and glazed needs immediate replacement before failure,7
"TC-101 discharge temp transmitter erratic, fluctuating wildly between 120F and 350F under steady load.",sensor_malfunction,tc-101 discharge temp transmitter erratic fluctuating wildly between 120f and 350f under steady load,5
"Tripped breaker for Conveyor 4 drive motor, thermal overload relay needs replacement.",electrical_fault,tripped breaker for conveyor 4 drive motor thermal overload relay needs replacement,2
"Centrifugal pump #2 thrust bearing failure, high axial play noted.",bearing_failure,centrifugal pump 2 thrust bearing failure high axial play noted,0
Cooling tower fan VFD Modbus timeout errors flooding the SCADA event log.,software_control_fault,cooling tower fan vfd modbus timeout errors flooding the scada event log,6
Leaking seal on rotary actuator of packaging machine indexer.,hydraulic_leak,leaking seal on rotary actuator of packaging machine indexer,3
"PLC-3 lost comms with main SCADA server, line 2 conveyor stopped mid-shift.",software_control_fault,plc-3 lost comms with main scada server line 2 conveyor stopped mid-shift,6
"Main air compressor starter chatter observed, contactor points heavily pitted and welded shut.",electrical_fault,main air compressor starter chatter observed contactor points heavily pitted and welded shut,2
"Bolts on manway cover of pressure vessel rusted solid, need torch to remove.",corrosion,bolts on manway cover of pressure vessel rusted solid need torch to remove,1
"Screw compressor air-end bearings worn out, excessive end play.",bearing_failure,screw compressor air-end bearings worn out excessive end play,0
Palletizer lift cable frayed near the top sheave; immediate replacement required.,wear_and_tear,palletizer lift cable frayed near the top sheave immediate replacement required,7
"Condensate drain line completely blocked by iron oxide scale, overflowing onto MCC room floor.",corrosion,condensate drain line completely blocked by iron oxide scale overflowing onto mcc room floor,1
"Feed water pump mechanical seal leaking continuously at 15 gph, carbon face worn out.",wear_and_tear,feed water pump mechanical seal leaking continuously at 15 gph carbon face worn out,7
Rusted linkage arms on butterfly valve actuator resulting in sluggish modulation and position error.,corrosion,rusted linkage arms on butterfly valve actuator resulting in sluggish modulation and position error,1
Hydraulic cylinder rod scoring causing rapid fluid heating in circuit B.,overheating,hydraulic cylinder rod scoring causing rapid fluid heating in circuit b,4
"Roller mill main bearing glowing, total lack of lubrication, shut down immediately.",overheating,roller mill main bearing glowing total lack of lubrication shut down immediately,4
"Slurry pump bearing assembly failed catastrophically, shaft scored.",bearing_failure,slurry pump bearing assembly failed catastrophically shaft scored,0
Severe oxidation on structural legs of outdoor storage silo.,corrosion,severe oxidation on structural legs of outdoor storage silo,1
"Cooling tower fan 2 controller stuck in manual override mode, refusing SCADA commands.",software_control_fault,cooling tower fan 2 controller stuck in manual override mode refusing scada commands,6
"Air handler unit #5 motor bearing is failing, high vibration detected on thermographic scan.",bearing_failure,air handler unit 5 motor bearing is failing high vibration detected on thermographic scan,0
"Suction line hose clamp loose at pump inlet, drawing air and leaking fluid.",hydraulic_leak,suction line hose clamp loose at pump inlet drawing air and leaking fluid,3
"Air compressor 2 discharge temp RTD shorted to ground, throwing error code E-14.",sensor_malfunction,air compressor 2 discharge temp rtd shorted to ground throwing error code e-14,5
"Slurry pump impeller eye eroded thin, discharge pressure dropping steadily over last week.",wear_and_tear,slurry pump impeller eye eroded thin discharge pressure dropping steadily over last week,7
"Seep at banjo fitting on steering actuator, skid steer losing fluid over shift.",hydraulic_leak,seep at banjo fitting on steering actuator skid steer losing fluid over shift,3
Fire sprinkler branch line pinhole leak caused by internal corrosion near elbow joint.,corrosion,fire sprinkler branch line pinhole leak caused by internal corrosion near elbow joint,1
Damaged rod wiper and leaking primary seal on tilt cylinder of skid steer #3.,hydraulic_leak,damaged rod wiper and leaking primary seal on tilt cylinder of skid steer 3,3
"Hydraulic power unit #3 fluid temp reached 175°F, cooler core needs chemical flush.",overheating,hydraulic power unit 3 fluid temp reached 175 f cooler core needs chemical flush,4
"Pinpoint leak at main supply hose fitting on hydraulic power unit #2, low fluid level alarm active.",hydraulic_leak,pinpoint leak at main supply hose fitting on hydraulic power unit 2 low fluid level alarm active,3
"Boiler feedwater pressure transmitter failed low, causing low-pressure alarm on HMI.",sensor_malfunction,boiler feedwater pressure transmitter failed low causing low-pressure alarm on hmi,5
"Sinter plant pug mill bearing failure, housing fractured from excessive vibration.",bearing_failure,sinter plant pug mill bearing failure housing fractured from excessive vibration,0
"Air dryer regeneration valve stuck, causing localized heat soak on downstream piping.",overheating,air dryer regeneration valve stuck causing localized heat soak on downstream piping,4
"PT-401 pressure transmitter erratic, output jumping between 0 and 150 psi.",sensor_malfunction,pt-401 pressure transmitter erratic output jumping between 0 and 150 psi,5
Pin-hole leak in high-pressure supply line on stamping press 3.,hydraulic_leak,pin-hole leak in high-pressure supply line on stamping press 3,3
"Exhaust scrubber pump tripped thermal relay, measured high resistance across motor lead T2.",electrical_fault,exhaust scrubber pump tripped thermal relay measured high resistance across motor lead t2,2
Air compressor 3 control logic failing to alternate lead/lag status as programmed.,software_control_fault,air compressor 3 control logic failing to alternate lead lag status as programmed,6
Exhauster fan motor non-drive end bearing seized and housing is cracked.,bearing_failure,exhauster fan motor non-drive end bearing seized and housing is cracked,0
"Cooling tower fan motor experienced internal winding failure, smoking upon startup.",electrical_fault,cooling tower fan motor experienced internal winding failure smoking upon startup,2
"Assembly line lift table pivot bushings ovaled out, side play.",wear_and_tear,assembly line lift table pivot bushings ovaled out side play,7
"Exhaust blower bearing temp up to 185°F, needs immediate grease purge.",overheating,exhaust blower bearing temp up to 185 f needs immediate grease purge,4
"Ventilation supply fan bearing housing hot to touch, heavy axial vibration present.",bearing_failure,ventilation supply fan bearing housing hot to touch heavy axial vibration present,0
Pitting and scaling on chiller unit 2 evaporator water box internal divider plate.,corrosion,pitting and scaling on chiller unit 2 evaporator water box internal divider plate,1
Batch mixer HMI showing 'COMMS ERR' when attempting to write setpoints to the controller.,software_control_fault,batch mixer hmi showing comms err when attempting to write setpoints to the controller,6
Flange leakage on boiler feed water line caused by gasket failure accelerated by heavy external pipe scale.,corrosion,flange leakage on boiler feed water line caused by gasket failure accelerated by heavy external pipe scale,1
Hydraulic press 2 safety PLC faulted due to internal memory checksum error.,software_control_fault,hydraulic press 2 safety plc faulted due to internal memory checksum error,6
"Condensate drain line heavily scaled and completely plugged, causing overflow into the electrical enclosure.",corrosion,condensate drain line heavily scaled and completely plugged causing overflow into the electrical enclosure,1
"FT-90 RO permeate flow transmitter reading negative values, signal wires crossed during PM.",sensor_malfunction,ft-90 ro permeate flow transmitter reading negative values signal wires crossed during pm,5
"Boiler feedwater check valve clapper hinge pin worn thin, causing backflow.",wear_and_tear,boiler feedwater check valve clapper hinge pin worn thin causing backflow,7
Palletizer lift mechanism guide wear pads grooved and binding on vertical tracks.,wear_and_tear,palletizer lift mechanism guide wear pads grooved and binding on vertical tracks,7
Main intake gate valve positioning feedback error on HMI graphics screen.,software_control_fault,main intake gate valve positioning feedback error on hmi graphics screen,6
"Motor winding failure on Exhaust Fan 4, strong burnt odor present, requisitioning replacement.",electrical_fault,motor winding failure on exhaust fan 4 strong burnt odor present requisitioning replacement,2
"Emergency generator fuel tank level sensor stuck at empty, tank is full.",sensor_malfunction,emergency generator fuel tank level sensor stuck at empty tank is full,5
"Gate valve stem pitted and scored, causing packing gland leak that cannot be isolated.",corrosion,gate valve stem pitted and scored causing packing gland leak that cannot be isolated,1
Exhaust blower motor overheating; drive belts slipping and squealing under load.,overheating,exhaust blower motor overheating drive belts slipping and squealing under load,4
Pitting corrosion on turbine flow meter body on the caustic soda dosing skid.,corrosion,pitting corrosion on turbine flow meter body on the caustic soda dosing skid,1
"Diesel generator turbocharger housing glowing dull red, coolant circulation sluggish.",overheating,diesel generator turbocharger housing glowing dull red coolant circulation sluggish,4
Leaking banjo bolt on hydraulic brake caliper assembly of forklift.,hydraulic_leak,leaking banjo bolt on hydraulic brake caliper assembly of forklift,3
Blown main fuse on induction furnace control board following power surge.,electrical_fault,blown main fuse on induction furnace control board following power surge,2
"Conveyor drive motor bearing seizing, high amp draw recorded on SCADA.",bearing_failure,conveyor drive motor bearing seizing high amp draw recorded on scada,0
"Hydraulic press oil reservoir temp gauge pegged at max 80C, heat exchanger fouled.",overheating,hydraulic press oil reservoir temp gauge pegged at max 80c heat exchanger fouled,4
"Screw conveyor flighting worn thin at the discharge end, dropping transfer rate.",wear_and_tear,screw conveyor flighting worn thin at the discharge end dropping transfer rate,7
Main exhaust fan #2 tripped main breaker; found direct short in motor leads inside terminal box.,electrical_fault,main exhaust fan 2 tripped main breaker found direct short in motor leads inside terminal box,2
"Pinprick leak on hard steel line feeding clamp cylinder #2, needs immediate patch or replacement.",hydraulic_leak,pinprick leak on hard steel line feeding clamp cylinder 2 needs immediate patch or replacement,3
Deaerator tank internal spray nozzle orifices enlarged from long-term erosion.,wear_and_tear,deaerator tank internal spray nozzle orifices enlarged from long-term erosion,7
"Roller mill main journal bearing running extremely hot, grease purging black.",bearing_failure,roller mill main journal bearing running extremely hot grease purging black,0
"Infeed conveyor tail pulley bearing seized completely, belt slipping.",bearing_failure,infeed conveyor tail pulley bearing seized completely belt slipping,0
Mixer agitator gearbox output bearings have heavy spalling on the inner race.,wear_and_tear,mixer agitator gearbox output bearings have heavy spalling on the inner race,7
Corrosion on electrical conduit fitting near Ammonia Scrubber pump causing ground fault trip on Starter MCC-4.,corrosion,corrosion on electrical conduit fitting near ammonia scrubber pump causing ground fault trip on starter mcc-4,1
"Conveyor belt return roller bearing failing, housing smoking due to friction.",overheating,conveyor belt return roller bearing failing housing smoking due to friction,4
Heavy scale build-up inside the 4-inch recirculation pipe causing restricted water flow and high delta P.,corrosion,heavy scale build-up inside the 4-inch recirculation pipe causing restricted water flow and high delta p,1
"Fittings loose on the heat exchanger inlet manifold, hydraulic fluid pooling in containment pan.",hydraulic_leak,fittings loose on the heat exchanger inlet manifold hydraulic fluid pooling in containment pan,3
Pasteurizer temperature control loop hunting wildly due to corrupted PID gain values in PLC.,software_control_fault,pasteurizer temperature control loop hunting wildly due to corrupted pid gain values in plc,6
Boiler feed pump PLC logic failed to execute interlock sequence on low suction pressure.,software_control_fault,boiler feed pump plc logic failed to execute interlock sequence on low suction pressure,6
Stamping press clutch solenoid overheating during high-speed production run.,overheating,stamping press clutch solenoid overheating during high-speed production run,4
Vacuum pump oil turning dark and operating well above normal thermal limits.,overheating,vacuum pump oil turning dark and operating well above normal thermal limits,4
"Scale build-up on immersion heating elements in wash tank WT-03, causing extended heat-up times and high energy draw.",corrosion,scale build-up on immersion heating elements in wash tank wt-03 causing extended heat-up times and high energy draw,1
"Palletizer lift chain wear elongation excessive, chain riding high on teeth.",wear_and_tear,palletizer lift chain wear elongation excessive chain riding high on teeth,7
Steering orbital valve leaking from shaft seal into cab.,hydraulic_leak,steering orbital valve leaking from shaft seal into cab,3
"Air compressor #3 auxiliary contactor welded shut, caused main breaker trip.",electrical_fault,air compressor 3 auxiliary contactor welded shut caused main breaker trip,2
"Centrifugal blower impeller blades coated in heavy rust scale, throwing wheel out of dynamic balance.",corrosion,centrifugal blower impeller blades coated in heavy rust scale throwing wheel out of dynamic balance,1
"Vacuum pump motor DE bearing making grinding noise, immediate attention needed.",bearing_failure,vacuum pump motor de bearing making grinding noise immediate attention needed,0
Pneumatic blower inlet bearing high pitch whistle and elevated vibration spectra on FFT analysis.,bearing_failure,pneumatic blower inlet bearing high pitch whistle and elevated vibration spectra on fft analysis,0
"Dust collector rotary valve housing worn oval, losing air seal.",wear_and_tear,dust collector rotary valve housing worn oval losing air seal,7
"Boiler steam pressure transmitter stuck at 150 psi, blow down lines didn't help.",sensor_malfunction,boiler steam pressure transmitter stuck at 150 psi blow down lines didn t help,5
"Blown 15A control fuse on line 2 PLC panel, replaced fuse and traced intermittent short to proximity sensor.",electrical_fault,blown 15a control fuse on line 2 plc panel replaced fuse and traced intermittent short to proximity sensor,2
"Stacker crane Z-axis laser distance sensor getting blinded by dust, clean optics.",sensor_malfunction,stacker crane z-axis laser distance sensor getting blinded by dust clean optics,5
"Crankcase seal failure on hydraulic power unit #2, steady puddle on floor.",hydraulic_leak,crankcase seal failure on hydraulic power unit 2 steady puddle on floor,3
"Intermittent ground fault on Conveyor 7 drive, found chaffed wire harness rubbing frame.",electrical_fault,intermittent ground fault on conveyor 7 drive found chaffed wire harness rubbing frame,2
"Extruder barrel zone 3 heater band stuck ON, causing localized thermal runaway.",overheating,extruder barrel zone 3 heater band stuck on causing localized thermal runaway,4
"Blown 30A control fuse on primary feed to conveyor line B starter panel; replaced and tested, zero-ohm check passed.",electrical_fault,blown 30a control fuse on primary feed to conveyor line b starter panel replaced and tested zero-ohm check passed,2
Main air compressor stage 2 rotor bearing spalling detected via vibration analysis route.,bearing_failure,main air compressor stage 2 rotor bearing spalling detected via vibration analysis route,0
Stamping press tonnage monitor load cell zero drift exceeding tolerance.,sensor_malfunction,stamping press tonnage monitor load cell zero drift exceeding tolerance,5
Rotary kiln drive PLC experienced watchdog timer reset during heavy load spike.,software_control_fault,rotary kiln drive plc experienced watchdog timer reset during heavy load spike,6
"Agitator tank shaft bearing seized, shaft locked solid in sleeve.",bearing_failure,agitator tank shaft bearing seized shaft locked solid in sleeve,0
Cooling tower fan 3 vibration sensor interface module dropped off the Modbus TCP network.,software_control_fault,cooling tower fan 3 vibration sensor interface module dropped off the modbus tcp network,6
"Main line butterfly valve seat rubber split, internal bypass occurring.",wear_and_tear,main line butterfly valve seat rubber split internal bypass occurring,7
"Weigh scale PLC lost calibration parameters after sudden brownout, reading 50 lbs high.",software_control_fault,weigh scale plc lost calibration parameters after sudden brownout reading 50 lbs high,6
"Boiler blowdown line thinned by internal corrosion, pipe wall thickness critical.",corrosion,boiler blowdown line thinned by internal corrosion pipe wall thickness critical,1
"HVAC air handler unit #1 breaker keeps tripping instantly under load; checked motor megger, failed completely.",electrical_fault,hvac air handler unit 1 breaker keeps tripping instantly under load checked motor megger failed completely,2
Primary air compressor control panel showing HMI runtime error and black screen.,software_control_fault,primary air compressor control panel showing hmi runtime error and black screen,6
Emergency eyewash station supply pipe heavily rusted at the floor penetration; pipe wall thickness compromised.,corrosion,emergency eyewash station supply pipe heavily rusted at the floor penetration pipe wall thickness compromised,1
"Pin hole leak in braided hose feeding indexer motor, replacement ordered.",hydraulic_leak,pin hole leak in braided hose feeding indexer motor replacement ordered,3
Severe rust pitting observed on the exterior housing of intake fan motor #2 during routine inspection.,corrosion,severe rust pitting observed on the exterior housing of intake fan motor 2 during routine inspection,1
Heavy rust build-up on the chain drive and sprockets of Packaging Line #2 palletizer.,corrosion,heavy rust build-up on the chain drive and sprockets of packaging line 2 palletizer,1
Water treatment plant SCADA graphic screens freezing randomly during peak shift changes.,software_control_fault,water treatment plant scada graphic screens freezing randomly during peak shift changes,6
"Boiler feedwater pump breaker tripped on instantaneous overcurrent, check for locked rotor condition.",electrical_fault,boiler feedwater pump breaker tripped on instantaneous overcurrent check for locked rotor condition,2
"PIT-608 reactor vessel pressure sensor diaphragm ruptured, process gas leaking into conduit.",sensor_malfunction,pit-608 reactor vessel pressure sensor diaphragm ruptured process gas leaking into conduit,5
Baghouse dust collector timer logic frozen; pulse valves failing to sequence properly.,software_control_fault,baghouse dust collector timer logic frozen pulse valves failing to sequence properly,6
"Severe pitting on shipboard ballast pump shaft sleeve, causing excessive mechanical seal leakage.",corrosion,severe pitting on shipboard ballast pump shaft sleeve causing excessive mechanical seal leakage,1
Main air compressor drive motor DE bearing vibrating excessively at 4.5 IPS.,bearing_failure,main air compressor drive motor de bearing vibrating excessively at 4 5 ips,0
"Blower motor terminal box hot, loose connection on phase B causing imbalance.",overheating,blower motor terminal box hot loose connection on phase b causing imbalance,4
Submersible sump pump housing overheating due to dry run condition.,overheating,submersible sump pump housing overheating due to dry run condition,4
Line 3 wrapper photo-eye sensor intermittent in bright ambient light.,sensor_malfunction,line 3 wrapper photo-eye sensor intermittent in bright ambient light,5
Sorting line optical sensor logic inverted in PLC program after unauthorized remote edit.,software_control_fault,sorting line optical sensor logic inverted in plc program after unauthorized remote edit,6
Boiler feed pump motor insulation breakdown detected during routine testing; megger reading below 2 megohms.,electrical_fault,boiler feed pump motor insulation breakdown detected during routine testing megger reading below 2 megohms,2
Main distribution panel busbar showing signs of arcing and localized overheating near breaker 4B.,electrical_fault,main distribution panel busbar showing signs of arcing and localized overheating near breaker 4b,2
Wastewater lift station bubbler tube system showing erratic level due to air line leak.,sensor_malfunction,wastewater lift station bubbler tube system showing erratic level due to air line leak,5
Cooling tower fan #3 tripped overload relay; motor drawing high amps due to partial winding short.,electrical_fault,cooling tower fan 3 tripped overload relay motor drawing high amps due to partial winding short,2
"Baghouse differential pressure sensor tubes plugged with dust, reading zero.",sensor_malfunction,baghouse differential pressure sensor tubes plugged with dust reading zero,5
Ash handling screw conveyor tail bearing seized and smoking.,bearing_failure,ash handling screw conveyor tail bearing seized and smoking,0
Pinched O-ring on sandwich valve stack causing multi-point leak.,hydraulic_leak,pinched o-ring on sandwich valve stack causing multi-point leak,3
Cooling tower structural members showing advanced oxidation and section loss at base plates.,corrosion,cooling tower structural members showing advanced oxidation and section loss at base plates,1
Rotary air compressor stage 2 rotor bearing making a loud metallic grinding sound.,bearing_failure,rotary air compressor stage 2 rotor bearing making a loud metallic grinding sound,0
"Main reservoir sight glass is leaking around the gasket, slow steady drip.",hydraulic_leak,main reservoir sight glass is leaking around the gasket slow steady drip,3
"Main intake valve 5 HMI interface showing greyed-out control buttons, local control unaffected.",software_control_fault,main intake valve 5 hmi interface showing greyed-out control buttons local control unaffected,6
Boiler steam header pressure transducer calibration drifted 15 psi high.,sensor_malfunction,boiler steam header pressure transducer calibration drifted 15 psi high,5
"Pneumatic actuator valve feedback pot out of calibration, does not report 100% open.",sensor_malfunction,pneumatic actuator valve feedback pot out of calibration does not report 100 open,5
"Vacuum pump motor inboard bearing roaring, amperage drawing 15% above normal FLA.",bearing_failure,vacuum pump motor inboard bearing roaring amperage drawing 15 above normal fla,0
Cracked weld on the hydraulic reservoir return baffle causing external weeping.,hydraulic_leak,cracked weld on the hydraulic reservoir return baffle causing external weeping,3
"Baghouse differential pressure transmitter drifting high, blow lines clear and re-zero",sensor_malfunction,baghouse differential pressure transmitter drifting high blow lines clear and re-zero,5
"O-ring failure in sandwich valve stack on CNC mill #4, pooling in chip pan.",hydraulic_leak,o-ring failure in sandwich valve stack on cnc mill 4 pooling in chip pan,3
"Tripped breaker on 480V air dryer unit, charred insulation found on main supply lug.",electrical_fault,tripped breaker on 480v air dryer unit charred insulation found on main supply lug,2
Cooling tower fan gearbox temp spike at 190F; gearbox oil level dropped below critical minimum.,overheating,cooling tower fan gearbox temp spike at 190f gearbox oil level dropped below critical minimum,4
"Sump pit level float switch bracket rusted away, causing switch to hang horizontally and fail to trip.",corrosion,sump pit level float switch bracket rusted away causing switch to hang horizontally and fail to trip,1
Hydraulic oil weeping from the reservoir sight glass perimeter seal.,hydraulic_leak,hydraulic oil weeping from the reservoir sight glass perimeter seal,3
Loose suction line clamp causing air ingestion and fluid weeping at pump inlet.,hydraulic_leak,loose suction line clamp causing air ingestion and fluid weeping at pump inlet,3
Exhaust fan unit 3 throwing breaker on startup; soft start module internal thyristor shorted out.,electrical_fault,exhaust fan unit 3 throwing breaker on startup soft start module internal thyristor shorted out,2
"Bucket elevator belt splice pulling apart, rubber stretching near the fastener bolts.",wear_and_tear,bucket elevator belt splice pulling apart rubber stretching near the fastener bolts,7
"Booster pump #3 outboard bearing housing smoking, IR gun shows 185C surface temp.",overheating,booster pump 3 outboard bearing housing smoking ir gun shows 185c surface temp,4
Boiler feed pump PLC lost analog output module configuration after a power surge.,software_control_fault,boiler feed pump plc lost analog output module configuration after a power surge,6
HMI alarm banner flooded with ghost low-pressure warnings from exhaust fan 3.,software_control_fault,hmi alarm banner flooded with ghost low-pressure warnings from exhaust fan 3,6
"Air compressor stage 2 piston rings worn, blowby increasing oil temp.",wear_and_tear,air compressor stage 2 piston rings worn blowby increasing oil temp,7
"Cooling tower fan blades eroded at tips, reducing efficiency.",wear_and_tear,cooling tower fan blades eroded at tips reducing efficiency,7
Bucket elevator chain elongated past adjustment limit; links binding.,wear_and_tear,bucket elevator chain elongated past adjustment limit links binding,7
Rotary kiln drive PLC losing time sync with the master clock server every 48 hours.,software_control_fault,rotary kiln drive plc losing time sync with the master clock server every 48 hours,6
Boiler induced draft fan bearing failure caused severe shaft wobble.,bearing_failure,boiler induced draft fan bearing failure caused severe shaft wobble,0
Boiler feedwater flow transmitter stuck at 50 GPM regardless of valve position.,sensor_malfunction,boiler feedwater flow transmitter stuck at 50 gpm regardless of valve position,5
"Silo #3 weight hopper load cell corner #4 dead, causing erratic inventory readouts.",sensor_malfunction,silo 3 weight hopper load cell corner 4 dead causing erratic inventory readouts,5
Heavy rust scale on structural support legs of acid storage tank; requires scraping and recoating.,corrosion,heavy rust scale on structural support legs of acid storage tank requires scraping and recoating,1
Exhaust duct flexible connection torn and degrading from age and heat.,wear_and_tear,exhaust duct flexible connection torn and degrading from age and heat,7
RO skid inlet pressure transducer body cracked and leaking.,sensor_malfunction,ro skid inlet pressure transducer body cracked and leaking,5
Cooling water chiller condenser tubes partially fouled with calcium scale and rust deposits.,corrosion,cooling water chiller condenser tubes partially fouled with calcium scale and rust deposits,1
Air handling unit #7 belt drive bearing squealing intermittently on startup.,bearing_failure,air handling unit 7 belt drive bearing squealing intermittently on startup,0
"Wastewater scum skimmer drive gear teeth pitted and worn, backlash excessive.",wear_and_tear,wastewater scum skimmer drive gear teeth pitted and worn backlash excessive,7
Chilled water pump motor shorted internally; tripped upstream protective fuse and scorched the terminal studs.,electrical_fault,chilled water pump motor shorted internally tripped upstream protective fuse and scorched the terminal studs,2
"Exhaust fan 4 vibration spike on outboard bearing, replace accelerometer.",sensor_malfunction,exhaust fan 4 vibration spike on outboard bearing replace accelerometer,5
"Exhauster blower inboard bearing failed, catastrophic seizure tripped breaker.",bearing_failure,exhauster blower inboard bearing failed catastrophic seizure tripped breaker,0
Exhaust fan motor vibration trending up; sleeve bushings heavily worn with excessive radial play.,wear_and_tear,exhaust fan motor vibration trending up sleeve bushings heavily worn with excessive radial play,7
"Loader tilt cylinder gland nut loose, blowing hydraulic fluid on cycle return.",hydraulic_leak,loader tilt cylinder gland nut loose blowing hydraulic fluid on cycle return,3
"Baghouse dust collector pulse controller locked up, solenoids stuck in energized state.",software_control_fault,baghouse dust collector pulse controller locked up solenoids stuck in energized state,6
Heavy scale accumulation inside 4-inch cooling water supply line causing restricted flow to Heat Exchanger HX-04.,corrosion,heavy scale accumulation inside 4-inch cooling water supply line causing restricted flow to heat exchanger hx-04,1
"Sifter machine eccentric shaft bearing seized, locked up the entire drive assembly.",bearing_failure,sifter machine eccentric shaft bearing seized locked up the entire drive assembly,0
"Transfer car drive motor locked up, thermal overload tripped and motor smoking heavily.",electrical_fault,transfer car drive motor locked up thermal overload tripped and motor smoking heavily,2
Scale build-up restricting flow through sample cooler coil for steam drum 3.,corrosion,scale build-up restricting flow through sample cooler coil for steam drum 3,1
"Boiler feed pump motor terminal box filled with moisture, causing phase-to-phase short.",electrical_fault,boiler feed pump motor terminal box filled with moisture causing phase-to-phase short,2
"Air compressor oil sight glass yellowed and brittle, weeping oil around the threads.",wear_and_tear,air compressor oil sight glass yellowed and brittle weeping oil around the threads,7
"Packaging machine servo motor bearing seized, blowing the internal drive fuse.",bearing_failure,packaging machine servo motor bearing seized blowing the internal drive fuse,0
Boiler igniter circuit keeps blowing control fuses due to chafed wiring harness.,electrical_fault,boiler igniter circuit keeps blowing control fuses due to chafed wiring harness,2
"Cracked weld on hydraulic fluid reservoir seam of bender machine #3, slow seep.",hydraulic_leak,cracked weld on hydraulic fluid reservoir seam of bender machine 3 slow seep,3
"Blown seal on inline check valve, hydraulic fluid leaking back and draining reservoir overnight.",hydraulic_leak,blown seal on inline check valve hydraulic fluid leaking back and draining reservoir overnight,3
"Chilled water circulation pump outboard bearing housing is burning hot; greased fitting, but no temp drop observed.",overheating,chilled water circulation pump outboard bearing housing is burning hot greased fitting but no temp drop observed,4
Rust seized the manual damper linkage on makeup air unit 3.,corrosion,rust seized the manual damper linkage on makeup air unit 3,1
"Ash handling water booster pump discharge pressure switch stuck closed, fails to cycle.",sensor_malfunction,ash handling water booster pump discharge pressure switch stuck closed fails to cycle,5
Hydraulic oil pooling under the discharge fitting of the scrap conveyor drive motor.,hydraulic_leak,hydraulic oil pooling under the discharge fitting of the scrap conveyor drive motor,3
"Line 2 reject station inductive proximity switch out of alignment, fails to detect parts.",sensor_malfunction,line 2 reject station inductive proximity switch out of alignment fails to detect parts,5
"Pin-hole leak in the high-pressure steel line feeding clamp cylinder 4, spraying fluid onto safety guard.",hydraulic_leak,pin-hole leak in the high-pressure steel line feeding clamp cylinder 4 spraying fluid onto safety guard,3
Chilled water circulation pump #1 casing overheating due to suspected air lock and low flow.,overheating,chilled water circulation pump 1 casing overheating due to suspected air lock and low flow,4
Zone 2 transfer conveyor photo-eye sensor misaligned and dirty.,sensor_malfunction,zone 2 transfer conveyor photo-eye sensor misaligned and dirty,5
"Boiler 1 stack gas O2 sensor failing calibration, giving sluggish response.",sensor_malfunction,boiler 1 stack gas o2 sensor failing calibration giving sluggish response,5
"Chilled water pump bearing making low rumbling noise, needs grease injection or replacement.",bearing_failure,chilled water pump bearing making low rumbling noise needs grease injection or replacement,0
Galvanic corrosion evident where stainless steel piping connects to carbon steel header on line B.,corrosion,galvanic corrosion evident where stainless steel piping connects to carbon steel header on line b,1
Milling machine table feed leadsnut has excessive backlash due to thread wear.,wear_and_tear,milling machine table feed leadsnut has excessive backlash due to thread wear,7
"Flue gas fan bearing lubrication line blocked, bearing seized and smoked.",bearing_failure,flue gas fan bearing lubrication line blocked bearing seized and smoked,0
CIP system valve sequencing logic skipping rinse cycle step entirely.,software_control_fault,cip system valve sequencing logic skipping rinse cycle step entirely,6
Hydraulic leak on the variable displacement pump control actuator of milling machine 4.,hydraulic_leak,hydraulic leak on the variable displacement pump control actuator of milling machine 4,3
Packaging line conveyor rollers seized due to bearing wear.,wear_and_tear,packaging line conveyor rollers seized due to bearing wear,7
HVAC air handler unit 3 supply fan VFD dropped fieldbus communication node.,software_control_fault,hvac air handler unit 3 supply fan vfd dropped fieldbus communication node,6
SCADA graphic for tank farm valve manifold showing incorrect open/closed status versus field reality.,software_control_fault,scada graphic for tank farm valve manifold showing incorrect open closed status versus field reality,6
Cooling fan motor on extrusion line #3 sleeve bearing dry and screeching intermittently.,bearing_failure,cooling fan motor on extrusion line 3 sleeve bearing dry and screeching intermittently,0
Cooling tower fan 3 auto-start sequence failing due to corrupted timer block in PLC memory.,software_control_fault,cooling tower fan 3 auto-start sequence failing due to corrupted timer block in plc memory,6
Hydraulic oil spraying from a ruptured flexible jumper hose on the automated palletizer.,hydraulic_leak,hydraulic oil spraying from a ruptured flexible jumper hose on the automated palletizer,3
"Air compressor stage 2 rotor bearing is rumbling, scheduling emergency shutdown.",bearing_failure,air compressor stage 2 rotor bearing is rumbling scheduling emergency shutdown,0
"PLC-3 faulted with a watchdog timeout on main conveyor line B, forcing an emergency stop.",software_control_fault,plc-3 faulted with a watchdog timeout on main conveyor line b forcing an emergency stop,6
"Air dryer control transformer primary fuse blown; replaced fuse, unit operational but running hot.",electrical_fault,air dryer control transformer primary fuse blown replaced fuse unit operational but running hot,2
Stacker crane 1 PLC throwing hardware configuration mismatch error after remote code push.,software_control_fault,stacker crane 1 plc throwing hardware configuration mismatch error after remote code push,6
Main facility chiller control panel lost phase monitoring relay signal.,electrical_fault,main facility chiller control panel lost phase monitoring relay signal,2
"Ball mill trunnion seal degraded, grease leaking onto foundation.",wear_and_tear,ball mill trunnion seal degraded grease leaking onto foundation,7
Motor winding temp reached 115C on conveyor 3 drive before thermal trip.,overheating,motor winding temp reached 115c on conveyor 3 drive before thermal trip,4
"Debarker infeeds log roller bearing fractured cage, roller elements migrating out of race.",bearing_failure,debarker infeeds log roller bearing fractured cage roller elements migrating out of race,0
"Exhaust fan motor drive-end bearing vibrating excessively at 1800 RPM, high temp reading on thermography.",bearing_failure,exhaust fan motor drive-end bearing vibrating excessively at 1800 rpm high temp reading on thermography,0
"Exhauster blower radial bearing failure, high vibration trip activated on PLC.",bearing_failure,exhauster blower radial bearing failure high vibration trip activated on plc,0
Modbus TCP timeout between master PLC and compressor 1 VFD.,software_control_fault,modbus tcp timeout between master plc and compressor 1 vfd,6
"Exhauster blower inboard bearing grease leaking out past seal, grinding noise reported by operators.",bearing_failure,exhauster blower inboard bearing grease leaking out past seal grinding noise reported by operators,0
"Feed pump mechanical seal leaking water constantly, worn faces.",wear_and_tear,feed pump mechanical seal leaking water constantly worn faces,7
Severe hydraulic leak at the banjo bolt on the steering orbitrol valve of loader 3.,hydraulic_leak,severe hydraulic leak at the banjo bolt on the steering orbitrol valve of loader 3,3
Exhaust scrubber PLC stuck in bypass mode because discrete input bit is inverted in ladder logic.,software_control_fault,exhaust scrubber plc stuck in bypass mode because discrete input bit is inverted in ladder logic,6
Package sorting line barcode scanner fails to read every third box.,sensor_malfunction,package sorting line barcode scanner fails to read every third box,5
"Pitting corrosion on compressor intercooler tubes, low pressure alarm triggered.",corrosion,pitting corrosion on compressor intercooler tubes low pressure alarm triggered,1
Main air compressor starter coil burned out; ordered replacement contactor.,electrical_fault,main air compressor starter coil burned out ordered replacement contactor,2
"Chilled water flow meter reading 0 GPM despite pump running at 60Hz, check impellers.",sensor_malfunction,chilled water flow meter reading 0 gpm despite pump running at 60hz check impellers,5
Mixer tank agitator shaft bronze sleeve bearing scored and out of round.,wear_and_tear,mixer tank agitator shaft bronze sleeve bearing scored and out of round,7
"Hydraulic press cylinder rod wiper seal cracked, letting dust into gland.",wear_and_tear,hydraulic press cylinder rod wiper seal cracked letting dust into gland,7
Hydraulic manifold block overheating near proportional valve V-12 due to internal bypass.,overheating,hydraulic manifold block overheating near proportional valve v-12 due to internal bypass,4
Packaging line conveyor gearbox overheating; worm gear stripped.,overheating,packaging line conveyor gearbox overheating worm gear stripped,4
Solenoid valve manifold block heavily oxidized; bleed ports completely plugged with scale.,corrosion,solenoid valve manifold block heavily oxidized bleed ports completely plugged with scale,1
"Gearbox #4 output shaft bushing has excessive play, high vibration noted during vibration analysis.",wear_and_tear,gearbox 4 output shaft bushing has excessive play high vibration noted during vibration analysis,7
"Cooling fan sleeve bearing making a rhythmic ticking noise, added oil but noise persists.",bearing_failure,cooling fan sleeve bearing making a rhythmic ticking noise added oil but noise persists,0
Blown high-pressure hose on overhead crane winch hydraulic motor.,hydraulic_leak,blown high-pressure hose on overhead crane winch hydraulic motor,3
"Emergency generator radiator core plugged with debris, high temp shutdown imminent.",overheating,emergency generator radiator core plugged with debris high temp shutdown imminent,4
"Boiler feed pump #1 impeller blades eroded from cavitation, discharge pressure dropping.",wear_and_tear,boiler feed pump 1 impeller blades eroded from cavitation discharge pressure dropping,7
"Cooling tower pump bearing seizing up, shaft difficult to turn manually during pre-check.",bearing_failure,cooling tower pump bearing seizing up shaft difficult to turn manually during pre-check,0
"AHU 3 supply air temp sensor drifting 8 degrees high, recalibrate against handheld meter.",sensor_malfunction,ahu 3 supply air temp sensor drifting 8 degrees high recalibrate against handheld meter,5
RO water system HMI displaying comms loss error #404 for remote valve island node.,software_control_fault,ro water system hmi displaying comms loss error 404 for remote valve island node,6
Heavy rust accumulation on conveyor belt 4 drive pulley bearings and mounting brackets.,corrosion,heavy rust accumulation on conveyor belt 4 drive pulley bearings and mounting brackets,1
Air intake louvers on makeup air unit stuck open because operating arms are rusted in place.,corrosion,air intake louvers on makeup air unit stuck open because operating arms are rusted in place,1
Centrifugal blower housing showing deep pit corrosion near discharge scroll.,corrosion,centrifugal blower housing showing deep pit corrosion near discharge scroll,1
"Exhaust fan 1 main breaker keeps tripping under full load, current draw is above FLA.",electrical_fault,exhaust fan 1 main breaker keeps tripping under full load current draw is above fla,2
"Cooling tower fan belt drive bearing seized, pulley smoking.",bearing_failure,cooling tower fan belt drive bearing seized pulley smoking,0
Main breaker for air dryer tripped instantly upon energizing; compressor shorted internally.,electrical_fault,main breaker for air dryer tripped instantly upon energizing compressor shorted internally,2
Batch tank valve actuator stuck open because PLC failed to process close command.,software_control_fault,batch tank valve actuator stuck open because plc failed to process close command,6
Safety PLC fault on stamping press light curtain muting circuit.,software_control_fault,safety plc fault on stamping press light curtain muting circuit,6
Galvanic corrosion evident between aluminum instrument housing and carbon steel mounting bracket on line 12.,corrosion,galvanic corrosion evident between aluminum instrument housing and carbon steel mounting bracket on line 12,1
Heavy rust accumulation on the exterior casing of feed water pump 02.,corrosion,heavy rust accumulation on the exterior casing of feed water pump 02,1
Severe scale build-up inside the domestic hot water recirculation loop piping causing low pressure at remote fixtures.,corrosion,severe scale build-up inside the domestic hot water recirculation loop piping causing low pressure at remote fixtures,1
"Rust perforation on steam trap body, blowing live steam continuously.",corrosion,rust perforation on steam trap body blowing live steam continuously,1
"Chilled water pump #3 coupling rubber spider disintegrated, zero torque transfer.",wear_and_tear,chilled water pump 3 coupling rubber spider disintegrated zero torque transfer,7
Slow leak at the threaded elbow fitting on the hydraulic elevator power unit.,hydraulic_leak,slow leak at the threaded elbow fitting on the hydraulic elevator power unit,3
"Vibration sensor on exhaust fan motor reporting high g-levels, likely loose mounting bracket or faulty accelerometer",sensor_malfunction,vibration sensor on exhaust fan motor reporting high g-levels likely loose mounting bracket or faulty accelerometer,5
Main air compressor oil separator running 15F above normal operating specs.,overheating,main air compressor oil separator running 15f above normal operating specs,4
"Exhaust stack damper linkage bushings egg-shaped, causing binding during auto-adjust.",wear_and_tear,exhaust stack damper linkage bushings egg-shaped causing binding during auto-adjust,7
"Pellet mill gearbox overheating, water-cooling solenoid valve was closed.",overheating,pellet mill gearbox overheating water-cooling solenoid valve was closed,4
Main lift cylinder rod seal weeping fluid during heavy cycle operations.,hydraulic_leak,main lift cylinder rod seal weeping fluid during heavy cycle operations,3
Intermittent HMI touch panel unresponsiveness on mixing tank 3 control station.,software_control_fault,intermittent hmi touch panel unresponsiveness on mixing tank 3 control station,6
Exhaust fan #3 vibrating excessively; thermal imaging shows drive-end bearing running at 195F.,bearing_failure,exhaust fan 3 vibrating excessively thermal imaging shows drive-end bearing running at 195f,0
"Sump pit submersible pump mechanical seal failed, water in stator housing.",wear_and_tear,sump pit submersible pump mechanical seal failed water in stator housing,7
"Screw conveyor flighting worn thin on the outer edges, low output volume observed.",wear_and_tear,screw conveyor flighting worn thin on the outer edges low output volume observed,7
"Blown control fuse on boiler feed pump starter panel, reset and tested operation.",electrical_fault,blown control fuse on boiler feed pump starter panel reset and tested operation,2
"Hydraulic press ram packing gland weeping fluid continuously, adjust gland follower.",wear_and_tear,hydraulic press ram packing gland weeping fluid continuously adjust gland follower,7
Damaged quick-disconnect coupling leaking fluid whenever loader attachment is activated.,hydraulic_leak,damaged quick-disconnect coupling leaking fluid whenever loader attachment is activated,3
"Vacuum pump 2 pressure setpoint logic inverted in PLC program, unit short-cycling.",software_control_fault,vacuum pump 2 pressure setpoint logic inverted in plc program unit short-cycling,6
Sifter motor drive end bearing failure caused thermal overload trip.,bearing_failure,sifter motor drive end bearing failure caused thermal overload trip,0
Cylinder rod seal leaking heavily on press brake ram during high tonnage cycles.,hydraulic_leak,cylinder rod seal leaking heavily on press brake ram during high tonnage cycles,3
Rotary kiln shell scanner pyrometer missing rotation pulse signal.,sensor_malfunction,rotary kiln shell scanner pyrometer missing rotation pulse signal,5
Heavy scale and mineral deposits clogging the spray nozzles on scrubber tower recirculation pump skid.,corrosion,heavy scale and mineral deposits clogging the spray nozzles on scrubber tower recirculation pump skid,1
"Gearbox #3 oil temp reached 195F, shutdown interlock tripped.",overheating,gearbox 3 oil temp reached 195f shutdown interlock tripped,4
Heavy surface scale on boiler blowdown valve body; requires descaling and wire brushing.,corrosion,heavy surface scale on boiler blowdown valve body requires descaling and wire brushing,1
"Glue pot temp controller fluctuating wildly, heater relay chattering.",sensor_malfunction,glue pot temp controller fluctuating wildly heater relay chattering,5
Hydraulic fluid weeping from quick-disconnect coupling on auxiliary circuit.,hydraulic_leak,hydraulic fluid weeping from quick-disconnect coupling on auxiliary circuit,3
Elevator gear reducer output shaft seal weeping gear oil onto lower housing.,wear_and_tear,elevator gear reducer output shaft seal weeping gear oil onto lower housing,7
Sorter conveyor photo-eye logic hanging up mid-shift.,software_control_fault,sorter conveyor photo-eye logic hanging up mid-shift,6
Main compressor room ambient temp sensor missing from network loop.,sensor_malfunction,main compressor room ambient temp sensor missing from network loop,5
"Boiler fuel gas regulator soft goods are degrading, slight gas odor detected.",wear_and_tear,boiler fuel gas regulator soft goods are degrading slight gas odor detected,7
Stacker crane HMI showing invalid PLC tag addresses across all screens.,software_control_fault,stacker crane hmi showing invalid plc tag addresses across all screens,6
Exhaust ventilation fan #2 pillow block bearing housing cracked from severe unbalance.,bearing_failure,exhaust ventilation fan 2 pillow block bearing housing cracked from severe unbalance,0
"Exhaust fan 2 drive end bearing running hot at 88C, grease is burnt.",overheating,exhaust fan 2 drive end bearing running hot at 88c grease is burnt,4
"Blown 15A control fuse on cooling tower fan starter panel, replaced and tested.",electrical_fault,blown 15a control fuse on cooling tower fan starter panel replaced and tested,2
"PLC-3 comms lost to main conveyor 2 feed drive, stopping line.",software_control_fault,plc-3 comms lost to main conveyor 2 feed drive stopping line,6
Hydraulic power unit electric motor rear bearing smoking and throwing grease.,bearing_failure,hydraulic power unit electric motor rear bearing smoking and throwing grease,0
Seepage around the spool valve bank on material handling gantry crane.,hydraulic_leak,seepage around the spool valve bank on material handling gantry crane,3
Line 4 palletizer PLC lost IP address after network glitch.,software_control_fault,line 4 palletizer plc lost ip address after network glitch,6
Packaging line #2 emergency stop circuit intermittent; traced to chafed wiring harness in cable track.,electrical_fault,packaging line 2 emergency stop circuit intermittent traced to chafed wiring harness in cable track,2
Exhaust blower motor smoking on Paint Booth B; thermal overload relay tripped and stator windings fried.,electrical_fault,exhaust blower motor smoking on paint booth b thermal overload relay tripped and stator windings fried,2
"Exhaust fan unit 7 drive belt slipping, causing motor to run hot at 78C.",overheating,exhaust fan unit 7 drive belt slipping causing motor to run hot at 78c,4
Boiler feedwater pump non-drive end bearing temp spiking to 210 psi equivalent thermal reading.,bearing_failure,boiler feedwater pump non-drive end bearing temp spiking to 210 psi equivalent thermal reading,0
"Boiler drum level DP cell equalizing valve left cracked open, reading false high level.",sensor_malfunction,boiler drum level dp cell equalizing valve left cracked open reading false high level,5
Pneumatic valve #4 feedback potentiometer failing to reach 100% open limit.,sensor_malfunction,pneumatic valve 4 feedback potentiometer failing to reach 100 open limit,5
"Flaking rust on fire hydrant exterior body; needs wire brushing, primer, and top coat.",corrosion,flaking rust on fire hydrant exterior body needs wire brushing primer and top coat,1
Conveyor 12 emergency stop circuit showing intermittent open wiring fault.,electrical_fault,conveyor 12 emergency stop circuit showing intermittent open wiring fault,2
Pallet wrapper turntable motor tripping thermal overload; measured current draw exceeds full load amps by 25%.,electrical_fault,pallet wrapper turntable motor tripping thermal overload measured current draw exceeds full load amps by 25,2
"Conveyor belt #12 drive pulley lagging is worn down to the bare metal, causing slip.",wear_and_tear,conveyor belt 12 drive pulley lagging is worn down to the bare metal causing slip,7
"Secondary crusher drive belt slipping badly, pulley hubs overheating due to high friction.",overheating,secondary crusher drive belt slipping badly pulley hubs overheating due to high friction,4
Centrifuge spindle bearing vibration levels exceeded the 0.45 ips alarm threshold.,bearing_failure,centrifuge spindle bearing vibration levels exceeded the 0 45 ips alarm threshold,0
"Hydraulic press top dead center proximity switch not making contact, adjust target gap",sensor_malfunction,hydraulic press top dead center proximity switch not making contact adjust target gap,5
Palletizer index motor smells of burnt varnish; current draw exceeds FLA and thermal overload is locked out.,electrical_fault,palletizer index motor smells of burnt varnish current draw exceeds fla and thermal overload is locked out,2
Tripped main breaker on Conveyor Line 3 feed panel; reset once but tripped again immediately under load.,electrical_fault,tripped main breaker on conveyor line 3 feed panel reset once but tripped again immediately under load,2
Firmware crash on chiller unit 2 controller during auto cycle.,software_control_fault,firmware crash on chiller unit 2 controller during auto cycle,6
Blown power fuse on induction heater transformer; replaced and checked output.,electrical_fault,blown power fuse on induction heater transformer replaced and checked output,2
Mixer tank agitator motor experiencing intermittent ground fault trips when washing down equipment.,electrical_fault,mixer tank agitator motor experiencing intermittent ground fault trips when washing down equipment,2
Sludge thickener rake drive gearbox intermediate shaft bearing spalled and grinding.,bearing_failure,sludge thickener rake drive gearbox intermediate shaft bearing spalled and grinding,0
Chilled water pump bearing failure causing high-frequency vibration spike.,bearing_failure,chilled water pump bearing failure causing high-frequency vibration spike,0
"Hydraulic fluid pooling under main drive pump 2, active drip from shaft seal.",hydraulic_leak,hydraulic fluid pooling under main drive pump 2 active drip from shaft seal,3
"Ash handling valve seat is eroded from abrasive particulate, failing leak test.",wear_and_tear,ash handling valve seat is eroded from abrasive particulate failing leak test,7
Mixer tank upper agitator bearing grinding during batch cycle,bearing_failure,mixer tank upper agitator bearing grinding during batch cycle,0
Line 3 labeller stepper motor lost synchronization signal from the high-speed output module.,software_control_fault,line 3 labeller stepper motor lost synchronization signal from the high-speed output module,6
Slow drip from proportional valve manifold block on stamping press.,hydraulic_leak,slow drip from proportional valve manifold block on stamping press,3
Centrifuge motor stator temp spike logged on HMI; shutdown initiated by operator.,overheating,centrifuge motor stator temp spike logged on hmi shutdown initiated by operator,4
"Centrifugal pump mechanical seal flush line blocked, stuffing box running extremely hot.",overheating,centrifugal pump mechanical seal flush line blocked stuffing box running extremely hot,4
Rust accumulation jamming the gravity louver linkage on makeup air unit MAU-2.,corrosion,rust accumulation jamming the gravity louver linkage on makeup air unit mau-2,1
"AHU-4 supply air static pressure sensor tubing pinched in damper linkage, reading 0.0 iwc.",sensor_malfunction,ahu-4 supply air static pressure sensor tubing pinched in damper linkage reading 0 0 iwc,5
"Auxiliary lube pump motor winding open on phase C, need to pull motor for rewinding this shift.",electrical_fault,auxiliary lube pump motor winding open on phase c need to pull motor for rewinding this shift,2
Severe leak from counterbalance valve block on boom lift.,hydraulic_leak,severe leak from counterbalance valve block on boom lift,3
"Air compressor 2 controller stuck in manual override mode, auto-schedule failed.",software_control_fault,air compressor 2 controller stuck in manual override mode auto-schedule failed,6
Severe rust accumulation on exterior housing of exhaust fan EF-12 near the chemical washdown area.,corrosion,severe rust accumulation on exterior housing of exhaust fan ef-12 near the chemical washdown area,1
Heavy rust accumulation on conveyor belt idler rollers #12 through #18 causing seizing and belt slippage.,corrosion,heavy rust accumulation on conveyor belt idler rollers 12 through 18 causing seizing and belt slippage,1
"Air compressor intercooler tubes choked with mineral scale and rust debris, discharging high temp air to line.",corrosion,air compressor intercooler tubes choked with mineral scale and rust debris discharging high temp air to line,1
"Chilled water supply temp sensor erratic, building cooling unstable.",sensor_malfunction,chilled water supply temp sensor erratic building cooling unstable,5
Scale accumulation inside the steam trap assembly is preventing proper condensate discharge on Line B.,corrosion,scale accumulation inside the steam trap assembly is preventing proper condensate discharge on line b,1
"Stamping press clutch brake assembly overheating, friction plates slipping and glazed.",overheating,stamping press clutch brake assembly overheating friction plates slipping and glazed,4
"Blowout on the main supply line to the hydraulic shear, system pressure lost.",hydraulic_leak,blowout on the main supply line to the hydraulic shear system pressure lost,3
"Sifters eccentric drive bearing spalled, generating heavy structural vibration.",bearing_failure,sifters eccentric drive bearing spalled generating heavy structural vibration,0
"HVAC damper linkage bushings wallowed out, slop in control.",wear_and_tear,hvac damper linkage bushings wallowed out slop in control,7
Impeller shaft sleeve on transfer pump scored and pitted from rust particles.,corrosion,impeller shaft sleeve on transfer pump scored and pitted from rust particles,1
Severe rusting of anchor bolts and baseplate on primary exhaust stack ID fan; high vibration noted.,corrosion,severe rusting of anchor bolts and baseplate on primary exhaust stack id fan high vibration noted,1
"Heavy rust layer on conveyor belt rollers along line B, causing squeaking and increased drag on the drive motor.",corrosion,heavy rust layer on conveyor belt rollers along line b causing squeaking and increased drag on the drive motor,1
"Reactor vessel pressure transmitter failing internal diagnostics, needs immediate replacement.",sensor_malfunction,reactor vessel pressure transmitter failing internal diagnostics needs immediate replacement,5
Flange bolts on condensate pump suction side rusted solid; unable to torque during PM.,corrosion,flange bolts on condensate pump suction side rusted solid unable to torque during pm,1
"Compressor stage 2 interstage pressure transmitter dead, no 4-20mA signal at rack.",sensor_malfunction,compressor stage 2 interstage pressure transmitter dead no 4-20ma signal at rack,5
"Main air compressor #1 motor starter contactor welded shut, unit kept running after stop command issued.",electrical_fault,main air compressor 1 motor starter contactor welded shut unit kept running after stop command issued,2
Air compressor stage 2 discharge valve gaskets blown out from thermal fatigue.,wear_and_tear,air compressor stage 2 discharge valve gaskets blown out from thermal fatigue,7
Filter press hydraulic oil level/temp combo probe displaying garbled Modbus data.,sensor_malfunction,filter press hydraulic oil level temp combo probe displaying garbled modbus data,5
Hydraulic motor output shaft seal leaking heavily on winch drum drive.,hydraulic_leak,hydraulic motor output shaft seal leaking heavily on winch drum drive,3
Air compressor stage 2 motor bearing temp running 45F above baseline,bearing_failure,air compressor stage 2 motor bearing temp running 45f above baseline,0
Chiller compressor #2 discharge temp high due to low refrigerant charge.,overheating,chiller compressor 2 discharge temp high due to low refrigerant charge,4
"Proportional valve block leaking from internal O-rings, low system pressure.",hydraulic_leak,proportional valve block leaking from internal o-rings low system pressure,3
"Slurry agitator shaft bushing excessively worn, severe shaft wobble observed.",wear_and_tear,slurry agitator shaft bushing excessively worn severe shaft wobble observed,7
Wastewater submersible pump thermal overload tripped; motor housing boiling hot.,overheating,wastewater submersible pump thermal overload tripped motor housing boiling hot,4
Pin hole leak in braided stainless hose feeding clamping cylinder #5.,hydraulic_leak,pin hole leak in braided stainless hose feeding clamping cylinder 5,3
"Silo discharge auger flighting worn thin near tail bearing, material bridging frequently.",wear_and_tear,silo discharge auger flighting worn thin near tail bearing material bridging frequently,7
AHU-2 blower bearing is squealing intermittently on startup.,bearing_failure,ahu-2 blower bearing is squealing intermittently on startup,0
"Wastewater screw pump upper bearing smoking, lack of lubrication evident.",overheating,wastewater screw pump upper bearing smoking lack of lubrication evident,4
"Hydraulic power unit electric motor front bearing loud humming and vibration spike, replacement required.",bearing_failure,hydraulic power unit electric motor front bearing loud humming and vibration spike replacement required,0
Ruptured flexible return hose on injection molding machine clamp unit.,hydraulic_leak,ruptured flexible return hose on injection molding machine clamp unit,3
"Bleeder valve left loose on main lift ram, weeping oil onto skid.",hydraulic_leak,bleeder valve left loose on main lift ram weeping oil onto skid,3
"Conveyor belt drive motor humming and failing to rotate, likely open winding.",electrical_fault,conveyor belt drive motor humming and failing to rotate likely open winding,2
Cooling tower water pump outboard bearing running hot at 185F with heavy axial vibration.,bearing_failure,cooling tower water pump outboard bearing running hot at 185f with heavy axial vibration,0
Baghouse dust collector PLC failed to trigger auto-clean cycle because of a corrupted timer register.,software_control_fault,baghouse dust collector plc failed to trigger auto-clean cycle because of a corrupted timer register,6
"Intermittent tripped breaker on ventilation fan unit, replaced worn magnetic trip unit.",electrical_fault,intermittent tripped breaker on ventilation fan unit replaced worn magnetic trip unit,2
Agitator impeller blades pitted and thinned down from abrasive slurry flow; needs rebuild.,wear_and_tear,agitator impeller blades pitted and thinned down from abrasive slurry flow needs rebuild,7
Cooling tower pump inboard bearing temp elevated to 185F with heavy vibration.,bearing_failure,cooling tower pump inboard bearing temp elevated to 185f with heavy vibration,0
Pin-hole leak in the steel hard line underneath conveyor drive motor 12.,hydraulic_leak,pin-hole leak in the steel hard line underneath conveyor drive motor 12,3
Reactor vessel pressure transducer drifted -15 psi off calibration.,sensor_malfunction,reactor vessel pressure transducer drifted -15 psi off calibration,5
"Vacuum pump oil reservoir running at 90C, ambient room ventilation inadequate.",overheating,vacuum pump oil reservoir running at 90c ambient room ventilation inadequate,4
"Main breaker for assembly line 4 feeder tripped instantly on close; downstream short suspected, isolating now.",electrical_fault,main breaker for assembly line 4 feeder tripped instantly on close downstream short suspected isolating now,2
"Cracked hardline on CNC lathe turret hydraulic indexer, leaking onto way covers.",hydraulic_leak,cracked hardline on cnc lathe turret hydraulic indexer leaking onto way covers,3
"Main line conveyor pulley bearing failure imminent, housing surface temp at 112C via thermography.",overheating,main line conveyor pulley bearing failure imminent housing surface temp at 112c via thermography,4
Right angle gearbox on palletizer line overheating and making grinding noise.,overheating,right angle gearbox on palletizer line overheating and making grinding noise,4
Stoker boiler coal feed screw flighting is worn thin at the discharge end.,wear_and_tear,stoker boiler coal feed screw flighting is worn thin at the discharge end,7
Exhaust fan #4 housing is vibrating excessively due to a dry bearing.,bearing_failure,exhaust fan 4 housing is vibrating excessively due to a dry bearing,0
"Chilled water pump wear rings scored, pump failing to reach design head pressure.",wear_and_tear,chilled water pump wear rings scored pump failing to reach design head pressure,7
"TE-88 pasteurizer outlet temp sensor sluggish to respond, causing off-spec product diversion.",sensor_malfunction,te-88 pasteurizer outlet temp sensor sluggish to respond causing off-spec product diversion,5
"Line 3 hydraulic power unit overheating, reservoir temp reached 68C due to failed cooling fan solenoid.",overheating,line 3 hydraulic power unit overheating reservoir temp reached 68c due to failed cooling fan solenoid,4
"Rotary valve motor control circuit dropping out intermittently, suspected loose PLC terminal or bad output card.",software_control_fault,rotary valve motor control circuit dropping out intermittently suspected loose plc terminal or bad output card,6
Packaging line roller chain is elongated and skipping on the sprocket teeth.,wear_and_tear,packaging line roller chain is elongated and skipping on the sprocket teeth,7
"Hydraulic press cylinder wiper seal degraded, allowing dirt ingress into rod gland.",wear_and_tear,hydraulic press cylinder wiper seal degraded allowing dirt ingress into rod gland,7
"Slurry pump casing liner worn through to outer shell, immediate patch required.",wear_and_tear,slurry pump casing liner worn through to outer shell immediate patch required,7
"Blown main control fuse on Boiler 2 burner management panel, replaced and verified ignition.",electrical_fault,blown main control fuse on boiler 2 burner management panel replaced and verified ignition,2
Profibus communication dropped between PLC rack and valve manifold 4.,software_control_fault,profibus communication dropped between plc rack and valve manifold 4,6
Air handler unit 2 SCADA graphic displaying greyed-out status indicators.,software_control_fault,air handler unit 2 scada graphic displaying greyed-out status indicators,6
Heavy rust on roof-mounted exhaust fan 3 ductwork elbow requiring immediate patch.,corrosion,heavy rust on roof-mounted exhaust fan 3 ductwork elbow requiring immediate patch,1
Boiler feedwater piping showing red rust at threaded joints; minor leaks developing.,corrosion,boiler feedwater piping showing red rust at threaded joints minor leaks developing,1
"Hydraulic press oil cooler bypass valve stuck open, fluid temp at 82C.",overheating,hydraulic press oil cooler bypass valve stuck open fluid temp at 82c,4
"Hydraulic fluid pooling under main drive pump on press line 2, fitting loose at discharge port.",hydraulic_leak,hydraulic fluid pooling under main drive pump on press line 2 fitting loose at discharge port,3
Air handling unit damper actuator feedback pot failing to reach 100 open.,sensor_malfunction,air handling unit damper actuator feedback pot failing to reach 100 open,5
Severe corrosion on underground fire main gate valve stem extension and operating nut.,corrosion,severe corrosion on underground fire main gate valve stem extension and operating nut,1
Rotary screw compressor 1 controller threw a watchdog timer fault and required a hard power cycle.,software_control_fault,rotary screw compressor 1 controller threw a watchdog timer fault and required a hard power cycle,6
"Inlet temp sensor T-102 showing erratic readings, fluctuating wildly between 50C and 90C.",sensor_malfunction,inlet temp sensor t-102 showing erratic readings fluctuating wildly between 50c and 90c,5
"Exhaust fan housing severely rusted through near bottom scroll, vibration increasing.",corrosion,exhaust fan housing severely rusted through near bottom scroll vibration increasing,1
Main assembly line PLC cabinet main breaker tripping intermittently under load.,electrical_fault,main assembly line plc cabinet main breaker tripping intermittently under load,2
Heavy fluid loss from main pressure relief valve block on injection molding press #3.,hydraulic_leak,heavy fluid loss from main pressure relief valve block on injection molding press 3,3
"Cooling water booster pump motor bearing failure, high vibration in horizontal plane.",bearing_failure,cooling water booster pump motor bearing failure high vibration in horizontal plane,0
Main intake valve actuator showing intermittent feedback loss from PLC input card.,software_control_fault,main intake valve actuator showing intermittent feedback loss from plc input card,6
Heavy scale build-up inside the 4-inch cooling water supply header reducing flow by roughly 25 percent.,corrosion,heavy scale build-up inside the 4-inch cooling water supply header reducing flow by roughly 25 percent,1
Wastewater effluent magmeter displaying empty pipe alarm while full.,sensor_malfunction,wastewater effluent magmeter displaying empty pipe alarm while full,5
"Inline check valve flapper worn on hinge pin, backflowing.",wear_and_tear,inline check valve flapper worn on hinge pin backflowing,7
"Mixer agitator gearbox output shaft bearing spalled, creating loud knocking noise.",bearing_failure,mixer agitator gearbox output shaft bearing spalled creating loud knocking noise,0
Conveyor system photo-eye sensor wiring chewed by rodents near junction box 12.,electrical_fault,conveyor system photo-eye sensor wiring chewed by rodents near junction box 12,2
"MCC-3 main breaker tripped again on overload, reset and checked amp draw running high at 48A.",electrical_fault,mcc-3 main breaker tripped again on overload reset and checked amp draw running high at 48a,2
"Diesel fire pump packing gland overtightened to compensate for worn sleeve, needs repacking.",wear_and_tear,diesel fire pump packing gland overtightened to compensate for worn sleeve needs repacking,7
"Air handling unit blower bearing rattling loudly, alignment looks compromised.",bearing_failure,air handling unit blower bearing rattling loudly alignment looks compromised,0
"Sludge pump #4 running hot; packing gland overtightened, starving the shaft of lubrication.",overheating,sludge pump 4 running hot packing gland overtightened starving the shaft of lubrication,4
HVAC supply fan bearing housing hot to the touch and emitting a squealing sound.,bearing_failure,hvac supply fan bearing housing hot to the touch and emitting a squealing sound,0
"Hydraulic press top dead center proximity switch out of alignment, causing cycle delays.",sensor_malfunction,hydraulic press top dead center proximity switch out of alignment causing cycle delays,5
"Sump pump submerged sleeve bearing worn out, excessive shaft play noted during PM.",bearing_failure,sump pump submerged sleeve bearing worn out excessive shaft play noted during pm,0
Galvanic corrosion observed at the flange connection between the SS pipe and carbon steel manifold on HX-04.,corrosion,galvanic corrosion observed at the flange connection between the ss pipe and carbon steel manifold on hx-04,1
"Boiler steam flow meter reading negative values, check impulse lines.",sensor_malfunction,boiler steam flow meter reading negative values check impulse lines,5
Ruptured suction hose on primary hydraulic pump causing cavitation and oil loss.,hydraulic_leak,ruptured suction hose on primary hydraulic pump causing cavitation and oil loss,3
Labeler stepper motor controller firmware fault code E-14 active.,software_control_fault,labeler stepper motor controller firmware fault code e-14 active,6
Corroded grease fittings (zerks) on main pillow block bearings of conveyor CV-10; unable to grease properly.,corrosion,corroded grease fittings zerks on main pillow block bearings of conveyor cv-10 unable to grease properly,1
Chiller compressor #4 control circuit dead; tracing 24VDC supply revealed loose terminal screw at safety relay.,electrical_fault,chiller compressor 4 control circuit dead tracing 24vdc supply revealed loose terminal screw at safety relay,2
"Sorting line 1 optical sensor array dropping packets, causing intermittent PLC latch failures.",software_control_fault,sorting line 1 optical sensor array dropping packets causing intermittent plc latch failures,6
"Hydraulic press main cylinder LVDT position sensor failing, stopping press mid-stroke.",sensor_malfunction,hydraulic press main cylinder lvdt position sensor failing stopping press mid-stroke,5
"Hydraulic leak at filter housing gasket, needs replacement element and new seal.",hydraulic_leak,hydraulic leak at filter housing gasket needs replacement element and new seal,3
"Fitting loose on dump valve actuator, minor drip approx 1 drop/min.",hydraulic_leak,fitting loose on dump valve actuator minor drip approx 1 drop min,3
Rusted out wire mesh guard on drive belt of exhaust blower EB-05; sharp edges present a safety hazard.,corrosion,rusted out wire mesh guard on drive belt of exhaust blower eb-05 sharp edges present a safety hazard,1
SCADA alarm log flooded with invalid tag reads from exhaust fan 1.,software_control_fault,scada alarm log flooded with invalid tag reads from exhaust fan 1,6
Crushed copper washer on pressure gauge snubber leaking oil.,hydraulic_leak,crushed copper washer on pressure gauge snubber leaking oil,3
Draft fan outboard sleeve bearing wiped out due to oil flow interruption.,bearing_failure,draft fan outboard sleeve bearing wiped out due to oil flow interruption,0
"Hydraulic power unit reservoir running hot at 140F, cooler core is caked in dust and lint.",overheating,hydraulic power unit reservoir running hot at 140f cooler core is caked in dust and lint,4
"Cooling water pump #2 motor failed to start; thermal relay tripped, manual reset failed, windings burnt.",electrical_fault,cooling water pump 2 motor failed to start thermal relay tripped manual reset failed windings burnt,2
"Hydraulic power unit reservoir interior showing rust flaking off head plate, contaminating servo oil.",corrosion,hydraulic power unit reservoir interior showing rust flaking off head plate contaminating servo oil,1
Valves on acid wash skid showing exterior acid attack and heavy metal loss on bodies.,corrosion,valves on acid wash skid showing exterior acid attack and heavy metal loss on bodies,1
"Aggregates conveyor roller bearing seized, causing drag and smoke.",bearing_failure,aggregates conveyor roller bearing seized causing drag and smoke,0
Cracked hydraulic filter housing spewing fluid upon startup of hydraulic power unit.,hydraulic_leak,cracked hydraulic filter housing spewing fluid upon startup of hydraulic power unit,3
"Extruder barrel zone 4 heater band stuck on, temperature runaway observed at 340C.",overheating,extruder barrel zone 4 heater band stuck on temperature runaway observed at 340c,4
"Hose chafing against structural frame near index cylinder, outer braid worn through and weeping.",hydraulic_leak,hose chafing against structural frame near index cylinder outer braid worn through and weeping,3
"Vaku-pump 3 running above rated operating temp, thermal cutoff tripped twice today.",overheating,vaku-pump 3 running above rated operating temp thermal cutoff tripped twice today,4
Rust-jacketing on carbon steel piping beneath insulation near ammonia refrigeration unit.,corrosion,rust-jacketing on carbon steel piping beneath insulation near ammonia refrigeration unit,1
Boiler feedwater pump suction strainer basket plugged with heavy iron oxide scale flaking off piping interior.,corrosion,boiler feedwater pump suction strainer basket plugged with heavy iron oxide scale flaking off piping interior,1
Slitter rewinder edge-guide controller lost analog output scaling after HMI firmware update.,software_control_fault,slitter rewinder edge-guide controller lost analog output scaling after hmi firmware update,6
Dust collector rotary airlock motor stalled and blew thermal overload heater elements.,electrical_fault,dust collector rotary airlock motor stalled and blew thermal overload heater elements,2
Hydraulic press main ram position encoder losing count at top of stroke.,sensor_malfunction,hydraulic press main ram position encoder losing count at top of stroke,5
Conveyor 3 variable speed control stuck at 100% regardless of HMI setpoint adjustments.,software_control_fault,conveyor 3 variable speed control stuck at 100 regardless of hmi setpoint adjustments,6
"Main air compressor oil cooler fins caked in dust and lint, restricting airflow and causing thermal trip.",overheating,main air compressor oil cooler fins caked in dust and lint restricting airflow and causing thermal trip,4
Pitting corrosion on hydraulic reservoir interior walls near oil level sight glass.,corrosion,pitting corrosion on hydraulic reservoir interior walls near oil level sight glass,1
"Exhaust ventilation fan sleeve bearing has worn oval, causing rotor to rub on stator.",bearing_failure,exhaust ventilation fan sleeve bearing has worn oval causing rotor to rub on stator,0
Packer machine home position magnetic reed switch broken in half.,sensor_malfunction,packer machine home position magnetic reed switch broken in half,5
Rotary air compressor shaft seal leaking oil continuously; puddling on floor.,wear_and_tear,rotary air compressor shaft seal leaking oil continuously puddling on floor,7
"Slurry pump bearing seized, shear pin snapped on drive coupling.",bearing_failure,slurry pump bearing seized shear pin snapped on drive coupling,0
"CIP system PLC program hung on step 14, halting the automated wash cycle mid-sequence.",software_control_fault,cip system plc program hung on step 14 halting the automated wash cycle mid-sequence,6
"Chiller compressor head running extremely hot, checking refrigerant charge.",overheating,chiller compressor head running extremely hot checking refrigerant charge,4
"Extruder barrel feed throat liner grooved from abrasive resin, low output.",wear_and_tear,extruder barrel feed throat liner grooved from abrasive resin low output,7
Centrifuge bowl assembly bearing vibration spike detected by predictive maintenance sensors.,bearing_failure,centrifuge bowl assembly bearing vibration spike detected by predictive maintenance sensors,0
"Conveyor 4 inductive proximity sensor misaligned, failing to detect pallet position at merge.",sensor_malfunction,conveyor 4 inductive proximity sensor misaligned failing to detect pallet position at merge,5
"Baghouse dust collector controller locked up, requiring hard power cycle.",software_control_fault,baghouse dust collector controller locked up requiring hard power cycle,6
"CB-2 tripped main breaker during startup, found short in supply line.",electrical_fault,cb-2 tripped main breaker during startup found short in supply line,2
Injection molding machine mold temperature controller showing high limit alarm.,overheating,injection molding machine mold temperature controller showing high limit alarm,4
Suction pressure gauge on Feed Pump B showing 15 psi high compared to analog backup.,sensor_malfunction,suction pressure gauge on feed pump b showing 15 psi high compared to analog backup,5
Severe galvanic corrosion observed at the flange connection between the stainless steel pipe and carbon steel valve body.,corrosion,severe galvanic corrosion observed at the flange connection between the stainless steel pipe and carbon steel valve body,1
"Gearbox #4 oil temp alarm tripped at 92C under load, checked level and it's low.",overheating,gearbox 4 oil temp alarm tripped at 92c under load checked level and it s low,4
Chiller water pump coupling spider insert disintegrated due to age and torque fatigue.,wear_and_tear,chiller water pump coupling spider insert disintegrated due to age and torque fatigue,7
"Pneumatic cylinder cushions worn out, causing hard slamming at end of stroke on Stacker 2.",wear_and_tear,pneumatic cylinder cushions worn out causing hard slamming at end of stroke on stacker 2,7
Slurry pump casing liner worn down to critical thickness threshold near discharge flange.,wear_and_tear,slurry pump casing liner worn down to critical thickness threshold near discharge flange,7
"Vacuum pump oil turning dark and running hot, needs flush and oil change.",overheating,vacuum pump oil turning dark and running hot needs flush and oil change,4
Seep at pressure gauge snubber connection on main hydraulic loop.,hydraulic_leak,seep at pressure gauge snubber connection on main hydraulic loop,3
Heavy rust scale flaking off the structural support legs of Chiller Unit #1; structural integrity needs assessment.,corrosion,heavy rust scale flaking off the structural support legs of chiller unit 1 structural integrity needs assessment,1
"Conveyor belt slip detected on Line 3 main feed, edge fraying and rubber degradation visible along 20ft section.",wear_and_tear,conveyor belt slip detected on line 3 main feed edge fraying and rubber degradation visible along 20ft section,7
Discharge pressure transmitter PT-202 showing 0 psi with intact wiring.,sensor_malfunction,discharge pressure transmitter pt-202 showing 0 psi with intact wiring,5
Screw conveyor tail end bearing seized due to product ingress past failed dust seal.,bearing_failure,screw conveyor tail end bearing seized due to product ingress past failed dust seal,0
"Roller line drive motor fan shroud packed with dust, causing motor to overheat.",overheating,roller line drive motor fan shroud packed with dust causing motor to overheat,4
VFD cooling fan failure caused drive unit to overheat and fault out on overtemp.,overheating,vfd cooling fan failure caused drive unit to overheat and fault out on overtemp,4
Rotary kiln drive PLC losing analog output signal to main speed potentiometer.,software_control_fault,rotary kiln drive plc losing analog output signal to main speed potentiometer,6
"Air compressor #4 oil separator discharge temp high, service technician needed for filter/oil change.",overheating,air compressor 4 oil separator discharge temp high service technician needed for filter oil change,4
Refrigeration compressor suction line insulation saturated and pipe exterior heavily oxidized.,corrosion,refrigeration compressor suction line insulation saturated and pipe exterior heavily oxidized,1
Severe oxidation on cable tray mounting brackets inside corrosive chemical storage area.,corrosion,severe oxidation on cable tray mounting brackets inside corrosive chemical storage area,1
Air dryer 2 dew point controller dropped serial communication with the SCADA gateway.,software_control_fault,air dryer 2 dew point controller dropped serial communication with the scada gateway,6
"CIP return line conductivity sensor fouled with product buildup, reading low.",sensor_malfunction,cip return line conductivity sensor fouled with product buildup reading low,5
"Conveyor 7 emergency stop safety circuit fault, traced to crushed wiring harness under side guard.",electrical_fault,conveyor 7 emergency stop safety circuit fault traced to crushed wiring harness under side guard,2
"Conveyor belt 2 speed sensor giving intermittent zero RPM faults, check alignment and sensor gap",sensor_malfunction,conveyor belt 2 speed sensor giving intermittent zero rpm faults check alignment and sensor gap,5
Sludge dewatering centrifuge main bowl bearing showing high frequency vibration anomalies.,bearing_failure,sludge dewatering centrifuge main bowl bearing showing high frequency vibration anomalies,0
HMI recipe download failed for product grade B on mixing tank 4 control terminal.,software_control_fault,hmi recipe download failed for product grade b on mixing tank 4 control terminal,6
Vacuum pump oil turning dark and smoking due to restricted intake filter.,overheating,vacuum pump oil turning dark and smoking due to restricted intake filter,4
"Industrial washer recirc pump bearing screaming, immediate replacement required.",bearing_failure,industrial washer recirc pump bearing screaming immediate replacement required,0
Cooling tower fan gearbox coupling spider rubber insert chewed up and loose.,wear_and_tear,cooling tower fan gearbox coupling spider rubber insert chewed up and loose,7
"O-ring failure on directional control valve stack, station B.",hydraulic_leak,o-ring failure on directional control valve stack station b,3
Rotary air compressor intake valve gasket blown out from age.,wear_and_tear,rotary air compressor intake valve gasket blown out from age,7
SCADA tag database mismatch preventing remote start of boiler feed pump.,software_control_fault,scada tag database mismatch preventing remote start of boiler feed pump,6
"Chilled water valve seat gasket degraded, valve passing 10% flow when closed.",wear_and_tear,chilled water valve seat gasket degraded valve passing 10 flow when closed,7
"Boiler feed pump outboard bearing temp trending upward over the last 3 shifts, currently at 172°F.",overheating,boiler feed pump outboard bearing temp trending upward over the last 3 shifts currently at 172 f,4
CIP wash station PLC program stuck in rinse phase loop.,software_control_fault,cip wash station plc program stuck in rinse phase loop,6
Packer machine proximity switch wiring pulled loose from terminal block due to excessive vibration.,electrical_fault,packer machine proximity switch wiring pulled loose from terminal block due to excessive vibration,2
Crusher motor drive bearing making metallic grinding noise,bearing_failure,crusher motor drive bearing making metallic grinding noise,0
"Recirculating pump shaft bearing failed, heavy vibration at 60Hz frequency.",bearing_failure,recirculating pump shaft bearing failed heavy vibration at 60hz frequency,0
Hydraulic power unit heat exchanger tube joint leaking oil into water side.,hydraulic_leak,hydraulic power unit heat exchanger tube joint leaking oil into water side,3
Motor windings on exhaust blower 2 burnt out due to blocked air intake causing thermal overload.,electrical_fault,motor windings on exhaust blower 2 burnt out due to blocked air intake causing thermal overload,2
Deaerator level control loop hunting wildly due to an erroneous PID scale factor in PLC.,software_control_fault,deaerator level control loop hunting wildly due to an erroneous pid scale factor in plc,6
"Compressor C-1 interstage temp RTD reading open circuit, unit will not start.",sensor_malfunction,compressor c-1 interstage temp rtd reading open circuit unit will not start,5
Pitting corrosion discovered on internal screw flight of sludge dewatering conveyor.,corrosion,pitting corrosion discovered on internal screw flight of sludge dewatering conveyor,1
Mixer agitator shaft bushing wall thickness critically thin on side A.,wear_and_tear,mixer agitator shaft bushing wall thickness critically thin on side a,7
Rotary kiln drive trunnion bearing operating hot with metal flakes in lube line.,bearing_failure,rotary kiln drive trunnion bearing operating hot with metal flakes in lube line,0
"Package chiller condenser water pump wear ring clearance excessive, low flow alarm.",wear_and_tear,package chiller condenser water pump wear ring clearance excessive low flow alarm,7
"Air compressor oil sight glass yellowed and brittle, small micro-cracks forming.",wear_and_tear,air compressor oil sight glass yellowed and brittle small micro-cracks forming,7
Boiler feed pump #1 auxiliary control relay chatter resulting in intermittent electrical fault alarms on HMI.,electrical_fault,boiler feed pump 1 auxiliary control relay chatter resulting in intermittent electrical fault alarms on hmi,2
Package unit supply fan bearing housing is vibrating violently at 1800 RPM.,bearing_failure,package unit supply fan bearing housing is vibrating violently at 1800 rpm,0
Flange gasket failure on fuel oil line due to heavy flange face corrosion.,corrosion,flange gasket failure on fuel oil line due to heavy flange face corrosion,1
Corrosion on emergency eyewash station supply piping preventing proper flow rate.,corrosion,corrosion on emergency eyewash station supply piping preventing proper flow rate,1
Sprocket lubrication pump discharge line sheared off at compression fitting.,hydraulic_leak,sprocket lubrication pump discharge line sheared off at compression fitting,3
Galvanic corrosion observed between the aluminum housing and stainless steel mounting bracket on Exhaust Fan 02.,corrosion,galvanic corrosion observed between the aluminum housing and stainless steel mounting bracket on exhaust fan 02,1
"Flange face on boiler feed water valve #3 pitted heavily from oxidation, causing minor gasket weep.",corrosion,flange face on boiler feed water valve 3 pitted heavily from oxidation causing minor gasket weep,1
Scale build-up restricting movement of butterfly valve disc on cooling tower return line.,corrosion,scale build-up restricting movement of butterfly valve disc on cooling tower return line,1
Infeed conveyor drive motor tripped thermal overload; reset and monitored amp draw.,electrical_fault,infeed conveyor drive motor tripped thermal overload reset and monitored amp draw,2
"Cooling tower water pump outboard bearing seized, motor tripped breaker.",bearing_failure,cooling tower water pump outboard bearing seized motor tripped breaker,0
"Elevator bucket belt stretched past take-up limit, buckets clipping housing.",wear_and_tear,elevator bucket belt stretched past take-up limit buckets clipping housing,7
Pelletizer cutter head gearbox bearing failure causing severe localized overheating.,overheating,pelletizer cutter head gearbox bearing failure causing severe localized overheating,4
Mixer tank mechanical seal faces scored and leaking product into bearing housing.,wear_and_tear,mixer tank mechanical seal faces scored and leaking product into bearing housing,7
Severe galvanic corrosion between copper piping and steel hanger brackets on the main chilled water header.,corrosion,severe galvanic corrosion between copper piping and steel hanger brackets on the main chilled water header,1
Booster pump bearing housing smoking and radiating excessive heat under load.,overheating,booster pump bearing housing smoking and radiating excessive heat under load,4
"Assembly station 2 pneumatic valve manifold power lost, fuse blown due to pinched solenoid cable.",electrical_fault,assembly station 2 pneumatic valve manifold power lost fuse blown due to pinched solenoid cable,2
Heavy scale in tube bundle of shell-and-tube oil cooler restricting thermal transfer efficiency.,corrosion,heavy scale in tube bundle of shell-and-tube oil cooler restricting thermal transfer efficiency,1
"Conveyor drive motor pulley misaligned, causing belt friction and severe motor casing heat.",overheating,conveyor drive motor pulley misaligned causing belt friction and severe motor casing heat,4
"Hydraulic press ram wiper seal degraded, minor fluid pooling on floor.",wear_and_tear,hydraulic press ram wiper seal degraded minor fluid pooling on floor,7
Chilled water pipe insulation soaked and outer aluminum jacket corroded through.,corrosion,chilled water pipe insulation soaked and outer aluminum jacket corroded through,1
"Blown 10A fuse on hydraulic press safety circuit, replaced and verified operation.",electrical_fault,blown 10a fuse on hydraulic press safety circuit replaced and verified operation,2
"Excessive scale build-up inside steam trap ST-8 body, unit stuck in open position blowing live steam.",corrosion,excessive scale build-up inside steam trap st-8 body unit stuck in open position blowing live steam,1
Line 6 induction sealer generator control board throwing comms timeout error to main PLC.,software_control_fault,line 6 induction sealer generator control board throwing comms timeout error to main plc,6
"Agitator drive motor on mixing tank #5 emitting burning smell, stator likely damaged.",overheating,agitator drive motor on mixing tank 5 emitting burning smell stator likely damaged,4
"Wastewater lift station PLC battery low warning, risk of losing retentive memory on power loss.",software_control_fault,wastewater lift station plc battery low warning risk of losing retentive memory on power loss,6
Rotary kiln drive controller showing invalid feedback scaling in the HMI graphic.,software_control_fault,rotary kiln drive controller showing invalid feedback scaling in the hmi graphic,6
Hose assembly ruptured near the die-set clamping cylinder during high-pressure cycle.,hydraulic_leak,hose assembly ruptured near the die-set clamping cylinder during high-pressure cycle,3
"Exhaust scrubber fan motor phase C dropped out, thermal overload relay tripped instantly.",electrical_fault,exhaust scrubber fan motor phase c dropped out thermal overload relay tripped instantly,2
Emergency stop circuit on palletizer showing open fault; traced to frayed wiring harness near pivot arm.,electrical_fault,emergency stop circuit on palletizer showing open fault traced to frayed wiring harness near pivot arm,2
Tank level radar unit LR-205 showing erratic surface levels in surge tank.,sensor_malfunction,tank level radar unit lr-205 showing erratic surface levels in surge tank,5
"Blown control transformer fuse on HVAC Unit 3, traced to shorted actuator solenoid.",electrical_fault,blown control transformer fuse on hvac unit 3 traced to shorted actuator solenoid,2
Hydraulic press main pump motor starter overload relay tripped; phase loss detected.,electrical_fault,hydraulic press main pump motor starter overload relay tripped phase loss detected,2
Hydraulic power unit reservoir top plate covered in rust scale; potential contamination risk.,corrosion,hydraulic power unit reservoir top plate covered in rust scale potential contamination risk,1
Hydraulic leak on the brake accumulator block of the overhead gantry.,hydraulic_leak,hydraulic leak on the brake accumulator block of the overhead gantry,3
Agitator motor winding temp RTD open circuit on phase B.,sensor_malfunction,agitator motor winding temp rtd open circuit on phase b,5
Boiler induced draft fan bearing housing hot to touch and emitting metallic clanking sounds.,bearing_failure,boiler induced draft fan bearing housing hot to touch and emitting metallic clanking sounds,0
Baghouse DP gauge stuck at 4.5 inches WC despite cleaning cycle.,sensor_malfunction,baghouse dp gauge stuck at 4 5 inches wc despite cleaning cycle,5
"Centrifugal pump sleeve bearing scored deeply, shaft play excessive.",bearing_failure,centrifugal pump sleeve bearing scored deeply shaft play excessive,0
"Main plant air compressor star-delta starter failing to transition, blows control fuse.",electrical_fault,main plant air compressor star-delta starter failing to transition blows control fuse,2
Pump casing bolt threads stripped due to rust-jacking between mating surfaces.,corrosion,pump casing bolt threads stripped due to rust-jacking between mating surfaces,1
Refrigeration unit compressor suction pressure transducer drifting out of calibration by 15 psi.,sensor_malfunction,refrigeration unit compressor suction pressure transducer drifting out of calibration by 15 psi,5
Drain plug on hydraulic reservoir stripped and leaking continuously.,hydraulic_leak,drain plug on hydraulic reservoir stripped and leaking continuously,3
Agitator gearbox on mix tank 3 leaking synthetic oil and running extremely hot.,overheating,agitator gearbox on mix tank 3 leaking synthetic oil and running extremely hot,4
"Hydraulic power unit #2 oil temp reached 71C, cooler core blocked with debris.",overheating,hydraulic power unit 2 oil temp reached 71c cooler core blocked with debris,4
Stacker crane hoist drum bearing grinding heavily when lifting rated loads.,bearing_failure,stacker crane hoist drum bearing grinding heavily when lifting rated loads,0
Centrifugal compressor main journal bearing wiping detected during routine check.,bearing_failure,centrifugal compressor main journal bearing wiping detected during routine check,0
Boiler feedwater pump 2 VFD locked out due to internal safety PLC firmware checksum error.,software_control_fault,boiler feedwater pump 2 vfd locked out due to internal safety plc firmware checksum error,6
"Boiler auto-blowdown controller firmware locked up, manual override used until reboot.",software_control_fault,boiler auto-blowdown controller firmware locked up manual override used until reboot,6
Exhaust fan unit 7 housing vibrating; bearing cage broken up internally.,bearing_failure,exhaust fan unit 7 housing vibrating bearing cage broken up internally,0
"Boiler feedwater flow meter erratic output at low flow rates, clean vortex shedding bar",sensor_malfunction,boiler feedwater flow meter erratic output at low flow rates clean vortex shedding bar,5
"Quick-release coupling failing under pressure, spraying oil onto hot exhaust.",hydraulic_leak,quick-release coupling failing under pressure spraying oil onto hot exhaust,3
Chemical storage tank vent line completely blocked by corrosive salt crust.,corrosion,chemical storage tank vent line completely blocked by corrosive salt crust,1
"Vacuum pump vanes are worn short, pulling only 15 inHg instead of 25.",wear_and_tear,vacuum pump vanes are worn short pulling only 15 inhg instead of 25,7
Depalletizer overhead crane PLC lost home position coordinates after unexpected power cycle.,software_control_fault,depalletizer overhead crane plc lost home position coordinates after unexpected power cycle,6
Fitting cross-threaded during PM and now leaking moderately under operating pressure.,hydraulic_leak,fitting cross-threaded during pm and now leaking moderately under operating pressure,3
"Pin hole leak in hydraulic cooler core, contaminating cooling water with oil.",hydraulic_leak,pin hole leak in hydraulic cooler core contaminating cooling water with oil,3
"Boiler feed pump #1 inboard bearing vibrating excessively at 4.2 IPS, schedule shutdown.",bearing_failure,boiler feed pump 1 inboard bearing vibrating excessively at 4 2 ips schedule shutdown,0
Pneumatic actuator cylinder body scored internally from moisture intrusion and rust pitting on the piston wall.,corrosion,pneumatic actuator cylinder body scored internally from moisture intrusion and rust pitting on the piston wall,1
"Seal failure on the rotary actuator of index table B, loss of holding pressure noted.",hydraulic_leak,seal failure on the rotary actuator of index table b loss of holding pressure noted,3
Conveyor transfer cart positioning encoder lost zero reference in PLC memory.,software_control_fault,conveyor transfer cart positioning encoder lost zero reference in plc memory,6
"Cooling tower fan drive belts cracked and stretched, slipping on startup under load.",wear_and_tear,cooling tower fan drive belts cracked and stretched slipping on startup under load,7
"Solenoid valve plunger guide tube worn, sticking in open position.",wear_and_tear,solenoid valve plunger guide tube worn sticking in open position,7
"Air handler unit 2 supply fan motor tripped overload, insulation breakdown on phase C.",electrical_fault,air handler unit 2 supply fan motor tripped overload insulation breakdown on phase c,2
"Packaging line 3 sorting diverter firing out of sequence, PLC ladder logic error suspected.",software_control_fault,packaging line 3 sorting diverter firing out of sequence plc ladder logic error suspected,6
"Wastewater submersible pump tripped on thermal overload, pulled unit and found debris wrapped around impeller shaft.",overheating,wastewater submersible pump tripped on thermal overload pulled unit and found debris wrapped around impeller shaft,4
Rust accumulation jamming the linkage on Louver Actuator LA-09 for the main HVAC intake duct.,corrosion,rust accumulation jamming the linkage on louver actuator la-09 for the main hvac intake duct,1
Vacuum pump coupling-side bearing overheating and emitting a loud hum.,bearing_failure,vacuum pump coupling-side bearing overheating and emitting a loud hum,0
"Rotary screw compressor oil separator hot, thermal bypass valve stuck.",overheating,rotary screw compressor oil separator hot thermal bypass valve stuck,4
"Severe pitting on interior weld seams of chemical dosing mix tank, wall thickness compromised.",corrosion,severe pitting on interior weld seams of chemical dosing mix tank wall thickness compromised,1
"Rotary airlock rotor tips worn down, causing air blow-by and loss of pressure.",wear_and_tear,rotary airlock rotor tips worn down causing air blow-by and loss of pressure,7
Chiller refrigerant suction pressure transducer leaking at process connection.,sensor_malfunction,chiller refrigerant suction pressure transducer leaking at process connection,5
"Pneumatic blower inlet bearing failure, severe shaft wobble",bearing_failure,pneumatic blower inlet bearing failure severe shaft wobble,0
Severe hydraulic leak from directional control valve block on stamping press #2.,hydraulic_leak,severe hydraulic leak from directional control valve block on stamping press 2,3
Auxiliary ventilation fan breaker tripped repeatedly; high moisture in junction box caused short.,electrical_fault,auxiliary ventilation fan breaker tripped repeatedly high moisture in junction box caused short,2
Rotary kiln girth gear teeth showing pitting and asymmetrical wear pattern.,wear_and_tear,rotary kiln girth gear teeth showing pitting and asymmetrical wear pattern,7
Internal bypass causing external housing crack on the main steering orbitrol valve.,hydraulic_leak,internal bypass causing external housing crack on the main steering orbitrol valve,3
"Cooling tower fan vibration probe reading baseline-minus, suspect loose accelerometer cable.",sensor_malfunction,cooling tower fan vibration probe reading baseline-minus suspect loose accelerometer cable,5
Slow seep at the banjo fitting on the indexer valve block.,hydraulic_leak,slow seep at the banjo fitting on the indexer valve block,3
"Air dryer dew point sensor reading -80C constantly, desiccant wet.",sensor_malfunction,air dryer dew point sensor reading -80c constantly desiccant wet,5
Emergency generator coolant temp high during weekly load bank test.,overheating,emergency generator coolant temp high during weekly load bank test,4
"Ventilation supply fan sleeve bearing dry and screeching, oiled temporarily.",bearing_failure,ventilation supply fan sleeve bearing dry and screeching oiled temporarily,0
"Split hydraulic return hose on automated palletizer arm, low pressure fault active.",hydraulic_leak,split hydraulic return hose on automated palletizer arm low pressure fault active,3
Boiler induced draft fan damper linkage bushings ovaled out with play.,wear_and_tear,boiler induced draft fan damper linkage bushings ovaled out with play,7
"Rotary screw compressor discharge air temp reaching 220°F, thermal bypass valve stuck.",overheating,rotary screw compressor discharge air temp reaching 220 f thermal bypass valve stuck,4
Cooling tower fan gear reducer pinion gear teeth are pitted and showing significant backlash.,wear_and_tear,cooling tower fan gear reducer pinion gear teeth are pitted and showing significant backlash,7
"Pneumatic cylinder internal cup seals are worn, bypassing air and losing force.",wear_and_tear,pneumatic cylinder internal cup seals are worn bypassing air and losing force,7
High resistance ground fault detected on dust collector motor leads during routine PM.,electrical_fault,high resistance ground fault detected on dust collector motor leads during routine pm,2
Severe galvanic reaction between copper pipe and steel hanger in basement utility corridor.,corrosion,severe galvanic reaction between copper pipe and steel hanger in basement utility corridor,1
Exhaust blower wheel out of balance from dust abrasion on blades.,wear_and_tear,exhaust blower wheel out of balance from dust abrasion on blades,7
"Ethernet switch port failing intermittently, causing HMI dropouts on line 1.",software_control_fault,ethernet switch port failing intermittently causing hmi dropouts on line 1,6
Pitting on the casing of chemical metering pump #2 leading to minor product leakage onto concrete pad.,corrosion,pitting on the casing of chemical metering pump 2 leading to minor product leakage onto concrete pad,1
"Gearbox lube oil temp sensor erratic, loose wiring at plug.",sensor_malfunction,gearbox lube oil temp sensor erratic loose wiring at plug,5
"Line 2 reject gate inductive proximity switch out of adjustment, missing parts.",sensor_malfunction,line 2 reject gate inductive proximity switch out of adjustment missing parts,5
Emergency generator engine accessory drive bearing squealing loudly on cold start.,bearing_failure,emergency generator engine accessory drive bearing squealing loudly on cold start,0
"TE-102 discharge temp sensor reading high by 45F, calibration check needed.",sensor_malfunction,te-102 discharge temp sensor reading high by 45f calibration check needed,5
"Conveyor 5 drive pulley bearing spalled and rattling loudly under load, needs immediate replacement.",bearing_failure,conveyor 5 drive pulley bearing spalled and rattling loudly under load needs immediate replacement,0
Chilled water pump drive end bearing is rumbling and needs replacement,bearing_failure,chilled water pump drive end bearing is rumbling and needs replacement,0
Boiler feedwater pump motor smoking on startup; winding failure confirmed via megaohm meter reading <1M ohm.,electrical_fault,boiler feedwater pump motor smoking on startup winding failure confirmed via megaohm meter reading 1m ohm,2
"Sump pump check valve flapper worn out, backflowing.",wear_and_tear,sump pump check valve flapper worn out backflowing,7
"HVAC ahu-3 supply air temp sensor reading 120F, stuck high.",sensor_malfunction,hvac ahu-3 supply air temp sensor reading 120f stuck high,5
Rotor blades on induced draft fan eroded and pitted from fly ash and moisture.,corrosion,rotor blades on induced draft fan eroded and pitted from fly ash and moisture,1
Palletizer lift motor sleeve bearing scored and binding at mid-stroke.,bearing_failure,palletizer lift motor sleeve bearing scored and binding at mid-stroke,0
"Boiler feed pump motor thermal overload relay popped, stator temp reading 240°F with IR gun.",overheating,boiler feed pump motor thermal overload relay popped stator temp reading 240 f with ir gun,4
"Cracked banjo bolt on servo valve supply line, weeping under high pressure.",hydraulic_leak,cracked banjo bolt on servo valve supply line weeping under high pressure,3
"Air compressor #3 star-delta timer relay stuck in star position, causing main breaker to trip out.",electrical_fault,air compressor 3 star-delta timer relay stuck in star position causing main breaker to trip out,2
Cooling water booster pump outboard bearing rumbling loudly; grease purged black.,bearing_failure,cooling water booster pump outboard bearing rumbling loudly grease purged black,0
"Exhaust gas temp thermocouple TC-11 broken tip, displaying max scale.",sensor_malfunction,exhaust gas temp thermocouple tc-11 broken tip displaying max scale,5
Hydraulic power unit manifold O-rings degraded and weeping oil at fittings.,wear_and_tear,hydraulic power unit manifold o-rings degraded and weeping oil at fittings,7
"Inlet temp sensor T-104 reading erratic spikes, causing unnecessary chiller trips.",sensor_malfunction,inlet temp sensor t-104 reading erratic spikes causing unnecessary chiller trips,5
"Rust flaking off structural steel supports above brine tank, dropping debris into product.",corrosion,rust flaking off structural steel supports above brine tank dropping debris into product,1
Hydraulic power unit #3 shutting down due to excessive fluid temp alarms hitting 150°F.,overheating,hydraulic power unit 3 shutting down due to excessive fluid temp alarms hitting 150 f,4
Tripped thermal overload on conveyor 6 drive; motor running hot and emitting burning smell.,electrical_fault,tripped thermal overload on conveyor 6 drive motor running hot and emitting burning smell,2
"Line 2 accumulation roller prox sensor intermittently losing target, packaging jams occurring.",sensor_malfunction,line 2 accumulation roller prox sensor intermittently losing target packaging jams occurring,5
"Silo 3 load cell summing box water ingress, weight readings fluctuating wildly.",sensor_malfunction,silo 3 load cell summing box water ingress weight readings fluctuating wildly,5
Compressor stage 2 drive end bearing spalling detected via acoustic monitoring.,bearing_failure,compressor stage 2 drive end bearing spalling detected via acoustic monitoring,0
"Exhaust blower bearing grease purged out, housing temp 105C with audible vibration.",overheating,exhaust blower bearing grease purged out housing temp 105c with audible vibration,4
"Rust scale fouling strainer basket on fuel oil supply skid, causing high differential pressure drop.",corrosion,rust scale fouling strainer basket on fuel oil supply skid causing high differential pressure drop,1
Compressor stage 2 discharge air temp alarm active; intercooler water flow restricted.,overheating,compressor stage 2 discharge air temp alarm active intercooler water flow restricted,4
"Exhaust fan 2 motor outboard bearing making high pitch squeal, checked grease level and it is dry.",bearing_failure,exhaust fan 2 motor outboard bearing making high pitch squeal checked grease level and it is dry,0
"Oxidation ditch DO probe reading erratic due to fouled membrane, needs clean/cal.",sensor_malfunction,oxidation ditch do probe reading erratic due to fouled membrane needs clean cal,5
"Mixer agitator gearbox seal leaking, oil level low, unit running hot.",overheating,mixer agitator gearbox seal leaking oil level low unit running hot,4
Conveyor line 4 divert arm actuating randomly due to noisy input signal masking in control logic.,software_control_fault,conveyor line 4 divert arm actuating randomly due to noisy input signal masking in control logic,6
Ventilation air handler motor bearings screaming and running hot; needs immediate grease.,overheating,ventilation air handler motor bearings screaming and running hot needs immediate grease,4
Hydraulic leak at rotary joint on index table rotating base.,hydraulic_leak,hydraulic leak at rotary joint on index table rotating base,3
"Leaking shaft seal on the hydraulic fan drive motor, oil dripping onto hot exhaust.",hydraulic_leak,leaking shaft seal on the hydraulic fan drive motor oil dripping onto hot exhaust,3
"Packaging line conveyor slide rails grooved deeply from friction, binding product flow.",wear_and_tear,packaging line conveyor slide rails grooved deeply from friction binding product flow,7
Exhaust scrubber fan motor making loud humming noise; tripped breaker due to single-phasing condition.,electrical_fault,exhaust scrubber fan motor making loud humming noise tripped breaker due to single-phasing condition,2
Heavy scale build-up inside 4-inch cooling water supply line causing 30% flow restriction.,corrosion,heavy scale build-up inside 4-inch cooling water supply line causing 30 flow restriction,1
ID fan #2 roller bearing running at 210F with severe axial vibration.,bearing_failure,id fan 2 roller bearing running at 210f with severe axial vibration,0
Main compressor drive motor front bearing operating at 180F with loud rhythmic knocking.,bearing_failure,main compressor drive motor front bearing operating at 180f with loud rhythmic knocking,0
Exhaust fan motor #3 drive belt stretched out and slipping under load.,wear_and_tear,exhaust fan motor 3 drive belt stretched out and slipping under load,7
Condensate return line pinhole leak due to internal corrosion near heat exchanger unit 5.,corrosion,condensate return line pinhole leak due to internal corrosion near heat exchanger unit 5,1
Sludge thickener rake drive main support bearing binding up.,bearing_failure,sludge thickener rake drive main support bearing binding up,0
Sludge press dewatering belt tracking edge frayed and worn from guide rollers.,wear_and_tear,sludge press dewatering belt tracking edge frayed and worn from guide rollers,7
"Ash handling system rotary valve tips worn down, losing airlock seal.",wear_and_tear,ash handling system rotary valve tips worn down losing airlock seal,7
"Dust collector fan inboard bearing vibrating heavily, grease contaminated.",bearing_failure,dust collector fan inboard bearing vibrating heavily grease contaminated,0
"Air handler blower bearings showing increased dB levels, time for scheduled swap out.",wear_and_tear,air handler blower bearings showing increased db levels time for scheduled swap out,7
RO system feed flow meter outputting flatline zero despite pump running at 60 Hz.,sensor_malfunction,ro system feed flow meter outputting flatline zero despite pump running at 60 hz,5
"Intermittent thermal overload trip on Chilled Water Pump 1 motor, check windings next PM.",electrical_fault,intermittent thermal overload trip on chilled water pump 1 motor check windings next pm,2
Boiler 2 burner management system PLC threw watchdog timeout fault.,software_control_fault,boiler 2 burner management system plc threw watchdog timeout fault,6
"Boiler 2 steam header pressure transmitter erratic, needs calibration check.",sensor_malfunction,boiler 2 steam header pressure transmitter erratic needs calibration check,5
"Chiller compressor drive end bearing vibrating excessively at 60Hz, high vibration alarm triggered.",bearing_failure,chiller compressor drive end bearing vibrating excessively at 60hz high vibration alarm triggered,0
"Cylinder barrel weld cracked on steer cylinder, massive oil loss under load.",hydraulic_leak,cylinder barrel weld cracked on steer cylinder massive oil loss under load,3
"Conveyor photo-eye sensor failing to register boxes due to dirty lens, clean and realign optics",sensor_malfunction,conveyor photo-eye sensor failing to register boxes due to dirty lens clean and realign optics,5
"Screw conveyor flighting worn thin near discharge chute, material carryback increasing.",wear_and_tear,screw conveyor flighting worn thin near discharge chute material carryback increasing,7
"AHU blower belt drive bearing failed catastrophically, throwing balls and seizing the shaft.",bearing_failure,ahu blower belt drive bearing failed catastrophically throwing balls and seizing the shaft,0
HVAC air handling unit belt tensioner pulley bearing squealing and seized.,wear_and_tear,hvac air handling unit belt tensioner pulley bearing squealing and seized,7
Corrosion spots perforating the bottom drain leg of Instrument Air Dryer vessel AD-01.,corrosion,corrosion spots perforating the bottom drain leg of instrument air dryer vessel ad-01,1
Slurry valve seat eroded by cavitation; cannot achieve bubble-tight shutoff.,wear_and_tear,slurry valve seat eroded by cavitation cannot achieve bubble-tight shutoff,7
Conveyor roller bearings seized up due to internal rust contamination from moisture ingress.,corrosion,conveyor roller bearings seized up due to internal rust contamination from moisture ingress,1
Centrifugal pump #2 sleeve bearing wiping due to inadequate lubrication flow.,bearing_failure,centrifugal pump 2 sleeve bearing wiping due to inadequate lubrication flow,0
"Blown hydraulic motor shaft seal on winch drum, pooling oil in bilge.",hydraulic_leak,blown hydraulic motor shaft seal on winch drum pooling oil in bilge,3
"Crusher jaw liners worn smooth in the center zone, reducing crushing efficiency.",wear_and_tear,crusher jaw liners worn smooth in the center zone reducing crushing efficiency,7
"Exhauster blower sleeve bearing low oil flow alarm active, immediate check needed.",bearing_failure,exhauster blower sleeve bearing low oil flow alarm active immediate check needed,0
"Pneumatic valve manifold solenoids running excessively hot, internal short suspected on bank B.",overheating,pneumatic valve manifold solenoids running excessively hot internal short suspected on bank b,4
Centrifuge bowl assembly main support bearing vibration tripping interlock at high speed.,bearing_failure,centrifuge bowl assembly main support bearing vibration tripping interlock at high speed,0
VFD fault code F014 on Conveyor Belt B drive; motor humming but not turning.,electrical_fault,vfd fault code f014 on conveyor belt b drive motor humming but not turning,2
"HMI screen on Line 2 conveyor locked up, requiring a hard power cycle.",software_control_fault,hmi screen on line 2 conveyor locked up requiring a hard power cycle,6
Corrosion pitting on internal walls of chemical mix tank TK-101; non-destructive testing recommended.,corrosion,corrosion pitting on internal walls of chemical mix tank tk-101 non-destructive testing recommended,1
Condenser water pump baseplate heavily corroded and grout cracked under motor mount.,corrosion,condenser water pump baseplate heavily corroded and grout cracked under motor mount,1
Exhaust fan housing on roof unit 4 has rusted completely through at the base mounting brackets.,corrosion,exhaust fan housing on roof unit 4 has rusted completely through at the base mounting brackets,1
Chilled water pump coupling spider insert is completely shredded.,wear_and_tear,chilled water pump coupling spider insert is completely shredded,7
Sorting line optical sorter PLC losing Ethernet/IP connection to cameras.,software_control_fault,sorting line optical sorter plc losing ethernet ip connection to cameras,6
"Clarifier sludge blanket level ultrasonic sensor covered in biological growth, returning false echoes.",sensor_malfunction,clarifier sludge blanket level ultrasonic sensor covered in biological growth returning false echoes,5
Boiler feed pump PLC logic inverted the start/stop state causing operator confusion.,software_control_fault,boiler feed pump plc logic inverted the start stop state causing operator confusion,6
"Rust-jacketing on structural I-beam supporting monorail hoist; integrity compromised, needs evaluation.",corrosion,rust-jacketing on structural i-beam supporting monorail hoist integrity compromised needs evaluation,1
Split in drain hose running from servo valve back to tank.,hydraulic_leak,split in drain hose running from servo valve back to tank,3
Clusher roller bearings pitted and noisy due to normal operating hours.,wear_and_tear,clusher roller bearings pitted and noisy due to normal operating hours,7
"Safety PLC on stamping press 3 threw an internal parity error, forcing an immediate E-stop state.",software_control_fault,safety plc on stamping press 3 threw an internal parity error forcing an immediate e-stop state,6
Diesel generator fuel lift pump diaphragm cracked from age.,wear_and_tear,diesel generator fuel lift pump diaphragm cracked from age,7
Conveyor merge sorting logic failing to track package IDs correctly.,software_control_fault,conveyor merge sorting logic failing to track package ids correctly,6
Sump pump float switch arm bound up by heavy mineral scale and rust deposits.,corrosion,sump pump float switch arm bound up by heavy mineral scale and rust deposits,1
"Boiler feed pump motor internal short to ground, breaker tripped instantly upon manual start.",electrical_fault,boiler feed pump motor internal short to ground breaker tripped instantly upon manual start,2
Exhaust stack guy wires showing heavy surface rust and fraying near anchor turnbuckles.,corrosion,exhaust stack guy wires showing heavy surface rust and fraying near anchor turnbuckles,1
"Megger test on conveyor drive motor #12 showed zero resistance, winding shorted to frame.",electrical_fault,megger test on conveyor drive motor 12 showed zero resistance winding shorted to frame,2
Granulator mill motor tripping thermal overloads on startup.,overheating,granulator mill motor tripping thermal overloads on startup,4
"Exhaust stack O2 sensor reporting out of range low, perform span gas calibration",sensor_malfunction,exhaust stack o2 sensor reporting out of range low perform span gas calibration,5
Centrifuge bearing vibration probe wire severed by vibrating guard.,sensor_malfunction,centrifuge bearing vibration probe wire severed by vibrating guard,5
RO water skid PLC lost time-of-day synchronization with the master plant clock.,software_control_fault,ro water skid plc lost time-of-day synchronization with the master plant clock,6
Robotic arm joint 3 servo motor thermal shutdown during palletizing cycle.,overheating,robotic arm joint 3 servo motor thermal shutdown during palletizing cycle,4
"Loose flange bolts on main pump suction port, hydraulic fluid pooling on base frame.",hydraulic_leak,loose flange bolts on main pump suction port hydraulic fluid pooling on base frame,3
Cooling tower basin level ultrasonic sensor giving erratic high/low readings during heavy rain.,sensor_malfunction,cooling tower basin level ultrasonic sensor giving erratic high low readings during heavy rain,5
Exhaust stack O2 sensor failure causing burner lockout on boiler #2.,sensor_malfunction,exhaust stack o2 sensor failure causing burner lockout on boiler 2,5
Rotary airlock valve gearbox output shaft bearing is locking up intermittently.,bearing_failure,rotary airlock valve gearbox output shaft bearing is locking up intermittently,0
"Cracked banjo fitting on steering actuator of forklift #8, fluid spraying under pressure.",hydraulic_leak,cracked banjo fitting on steering actuator of forklift 8 fluid spraying under pressure,3
Emergency generator turbocharger bearing making metallic scraping noise when winding down.,bearing_failure,emergency generator turbocharger bearing making metallic scraping noise when winding down,0
"Cracked plastic sight glass on hydraulic tank reservoir, leaking oil down side of unit.",hydraulic_leak,cracked plastic sight glass on hydraulic tank reservoir leaking oil down side of unit,3
Booster pump #2 thrust bearing failure indicated by sudden spike in casing temp.,overheating,booster pump 2 thrust bearing failure indicated by sudden spike in casing temp,4
TE-10 cooling tower makeup water temp probe sheared off in pipe elbow due to water hammer.,sensor_malfunction,te-10 cooling tower makeup water temp probe sheared off in pipe elbow due to water hammer,5
Hydraulic power unit electric motor DE bearing rumbling loudly at 1750 RPM.,bearing_failure,hydraulic power unit electric motor de bearing rumbling loudly at 1750 rpm,0
"Turbine lube oil header pressure transmitter diaphragm ruptured, oil leaking into conduit.",sensor_malfunction,turbine lube oil header pressure transmitter diaphragm ruptured oil leaking into conduit,5
"SCADA polling timeout on chilled water compressor 1, losing all real-time trend data.",software_control_fault,scada polling timeout on chilled water compressor 1 losing all real-time trend data,6
"HMI touch panel in packaging bay frozen on startup screen, reboot didn't clear.",software_control_fault,hmi touch panel in packaging bay frozen on startup screen reboot didn t clear,6
"Cracked return line fitting behind the cooling fan motor, low oil level alarm triggered.",hydraulic_leak,cracked return line fitting behind the cooling fan motor low oil level alarm triggered,3
Pitting corrosion on hydraulic power unit reservoir lid allowing moisture contamination of oil.,corrosion,pitting corrosion on hydraulic power unit reservoir lid allowing moisture contamination of oil,1
"Chiller compressor 2 suction pressure transducer erratic, unit short cycling.",sensor_malfunction,chiller compressor 2 suction pressure transducer erratic unit short cycling,5
Pallet wrapper turntable motor stalled and tripped thermal breaker; internal wiring shorted against frame.,electrical_fault,pallet wrapper turntable motor stalled and tripped thermal breaker internal wiring shorted against frame,2
"HVAC air handler supply fan bearing rumbling, high vibration in horizontal axis.",bearing_failure,hvac air handler supply fan bearing rumbling high vibration in horizontal axis,0
Severe pitting corrosion on chemical metering pump head; replacement required urgently.,corrosion,severe pitting corrosion on chemical metering pump head replacement required urgently,1
"Rotary airlock valve drive bearing seized, sheared coupling pin",bearing_failure,rotary airlock valve drive bearing seized sheared coupling pin,0
Rotary air compressor #2 shaft seal leaking oil continuously.,wear_and_tear,rotary air compressor 2 shaft seal leaking oil continuously,7
Emergency eyewash station supply pipe heavily rusted at elbow; risk of structural failure if bumped.,corrosion,emergency eyewash station supply pipe heavily rusted at elbow risk of structural failure if bumped,1
Hydraulic press cylinder wiper seal cracked and letting in grit.,wear_and_tear,hydraulic press cylinder wiper seal cracked and letting in grit,7
Assembly line indexing motor lost phase C; traced fault to loose terminal screw inside main control cabinet.,electrical_fault,assembly line indexing motor lost phase c traced fault to loose terminal screw inside main control cabinet,2
"Extruder barrel cooling fan bearing seized, thermal trip shut down line.",bearing_failure,extruder barrel cooling fan bearing seized thermal trip shut down line,0
"Palletizer lift cylinder rod scraper seal is torn, letting dust into the hydraulic gland.",wear_and_tear,palletizer lift cylinder rod scraper seal is torn letting dust into the hydraulic gland,7
Corrosion damage to safety guard mounting tabs on hydraulic press #4; guard is loose.,corrosion,corrosion damage to safety guard mounting tabs on hydraulic press 4 guard is loose,1
"Analog input card channel 4 failing on main boiler PLC, sending erratic temp readings to SCADA.",software_control_fault,analog input card channel 4 failing on main boiler plc sending erratic temp readings to scada,6
"Boiler ID fan bearing housing thermal probe disconnected, casing extremely hot.",overheating,boiler id fan bearing housing thermal probe disconnected casing extremely hot,4
Plant air compressor intake valve unloader piston seals are worn and leaking by.,wear_and_tear,plant air compressor intake valve unloader piston seals are worn and leaking by,7
Rust binding the manual override lever on pneumatic control valve PV-112.,corrosion,rust binding the manual override lever on pneumatic control valve pv-112,1
Slitter rewind motor temp limit reached after 20 mins of high speed run.,overheating,slitter rewind motor temp limit reached after 20 mins of high speed run,4
"Centrifugal compressor main shaft bearing seizing, high vibration trip activated unit.",bearing_failure,centrifugal compressor main shaft bearing seizing high vibration trip activated unit,0
"Hydraulic leak at the rod seal on lift cylinder #3, slow drip during operation.",hydraulic_leak,hydraulic leak at the rod seal on lift cylinder 3 slow drip during operation,3
High temp alarm triggered on extruder gearbox; oil cooler inlet line is restricted with scale buildup.,overheating,high temp alarm triggered on extruder gearbox oil cooler inlet line is restricted with scale buildup,4
Boiler draft fan bearing vibrating out of spec; technician noted heavy metal-on-metal sound.,bearing_failure,boiler draft fan bearing vibrating out of spec technician noted heavy metal-on-metal sound,0
"Dust collector rotary airlock rotor tips are worn down, losing differential pressure seal.",wear_and_tear,dust collector rotary airlock rotor tips are worn down losing differential pressure seal,7
"Extrusion line main drive motor temp reading 95C at 80% load, needs infrared scan to check for rotor bar issues.",overheating,extrusion line main drive motor temp reading 95c at 80 load needs infrared scan to check for rotor bar issues,4
Palletizer motor tripped thermal overload; insulation breakdown detected on lead wire inside terminal box.,electrical_fault,palletizer motor tripped thermal overload insulation breakdown detected on lead wire inside terminal box,2
"Centrifugal pump impeller vanes heavily eroded from abrasive slurry, low discharge pressure.",wear_and_tear,centrifugal pump impeller vanes heavily eroded from abrasive slurry low discharge pressure,7
"Cooling tower fan 3 vibration switch interlock bypassed in PLC logic by night shift, needs investigation.",software_control_fault,cooling tower fan 3 vibration switch interlock bypassed in plc logic by night shift needs investigation,6
"Blown glass fuse in PLC cabinet for packaging line, sourcing replacement part.",electrical_fault,blown glass fuse in plc cabinet for packaging line sourcing replacement part,2
"Booster pump 2 suction pressure gauge erratic, probable air trapped in sense line.",sensor_malfunction,booster pump 2 suction pressure gauge erratic probable air trapped in sense line,5
Safety PLC interrupter circuit dropping out randomly due to firmware bug.,software_control_fault,safety plc interrupter circuit dropping out randomly due to firmware bug,6
Chiller 2 refrigerant liquid line temp sensor shorted to ground.,sensor_malfunction,chiller 2 refrigerant liquid line temp sensor shorted to ground,5
Erroneous control logic causing tank 3 fill valve to cycle rapidly.,software_control_fault,erroneous control logic causing tank 3 fill valve to cycle rapidly,6
Exhaust fan on paint booth motor seized from heat and lack of lubrication.,overheating,exhaust fan on paint booth motor seized from heat and lack of lubrication,4
"Compressor 1 PLC internal battery low, holding register data lost on reboot.",software_control_fault,compressor 1 plc internal battery low holding register data lost on reboot,6
"Sifter #2 screen tensioners stripped and worn out, mesh keeps going slack.",wear_and_tear,sifter 2 screen tensioners stripped and worn out mesh keeps going slack,7
Vacuum pump motor bearing seizing intermittently during high vacuum draw cycles.,bearing_failure,vacuum pump motor bearing seizing intermittently during high vacuum draw cycles,0
"Feed water pump outboard bearing temp spiked to 195F, vibration alarms active.",bearing_failure,feed water pump outboard bearing temp spiked to 195f vibration alarms active,0
Conveyor belt 2 stopped mid-shift due to PLC ladder logic arithmetic overflow in speed tracking block.,software_control_fault,conveyor belt 2 stopped mid-shift due to plc ladder logic arithmetic overflow in speed tracking block,6
"Conveyor line B proximity sensor lost signal, stopping pallet indexing at station 4.",sensor_malfunction,conveyor line b proximity sensor lost signal stopping pallet indexing at station 4,5
Exhaust blower #2 bearing making metallic grinding noise under load.,bearing_failure,exhaust blower 2 bearing making metallic grinding noise under load,0
"Vacuum pump vane tips worn down, pulling only 18 inHg instead of standard 26 inHg.",wear_and_tear,vacuum pump vane tips worn down pulling only 18 inhg instead of standard 26 inhg,7
"Crushed O-ring in sandwich valve stack, hydraulic power pack #3.",hydraulic_leak,crushed o-ring in sandwich valve stack hydraulic power pack 3,3
"Injection molding machine hydraulic oil cooler fouled, operating 30 degrees above normal.",overheating,injection molding machine hydraulic oil cooler fouled operating 30 degrees above normal,4
Heavy corrosion on manual chain hoist gears; unit fails drop test and must be removed from service.,corrosion,heavy corrosion on manual chain hoist gears unit fails drop test and must be removed from service,1
RO reject flow meter displaying zero GPM despite clear flow through rotameter.,sensor_malfunction,ro reject flow meter displaying zero gpm despite clear flow through rotameter,5
"Primary crusher gear teeth pitting visibly on pinion gear, schedule rebuild soon.",wear_and_tear,primary crusher gear teeth pitting visibly on pinion gear schedule rebuild soon,7
"Exhaust blower belt drive pillow block bearing cracked housing, severe misalignment noted.",bearing_failure,exhaust blower belt drive pillow block bearing cracked housing severe misalignment noted,0
Exhaust duct flexible connection torn from vibration fatigue.,wear_and_tear,exhaust duct flexible connection torn from vibration fatigue,7
"Severe scaling inside domestic hot water heater tank bottom, flush required.",corrosion,severe scaling inside domestic hot water heater tank bottom flush required,1
"Supply hose chafing against cable tray, resulting in a pinhole hydraulic leak near press brake #1.",hydraulic_leak,supply hose chafing against cable tray resulting in a pinhole hydraulic leak near press brake 1,3
Blown 15A control fuse on Exhaust Fan #2 starter; traced to intermittent short in damper actuator wiring.,electrical_fault,blown 15a control fuse on exhaust fan 2 starter traced to intermittent short in damper actuator wiring,2
"Hydraulic press ram seal weeping fluid, gland packing worn past service limit.",wear_and_tear,hydraulic press ram seal weeping fluid gland packing worn past service limit,7
"Drive-end bearing on cooling tower fan #1 failed, loud grinding noise reported by ops.",bearing_failure,drive-end bearing on cooling tower fan 1 failed loud grinding noise reported by ops,0
"Furnace zone 3 thermocouple open circuit, high temp alarm active.",sensor_malfunction,furnace zone 3 thermocouple open circuit high temp alarm active,5
Internal scale build-up in condensate return line restricting flow back to the boiler room.,corrosion,internal scale build-up in condensate return line restricting flow back to the boiler room,1
Loose bulkhead fitting where hydraulic lines pass through chassis of gantry crane.,hydraulic_leak,loose bulkhead fitting where hydraulic lines pass through chassis of gantry crane,3
Line 4 accumulation table photo-eyes out of sync in PLC scan cycle.,software_control_fault,line 4 accumulation table photo-eyes out of sync in plc scan cycle,6
Tripped molded case circuit breaker on dust collector blower; reset and logged thermal trip.,electrical_fault,tripped molded case circuit breaker on dust collector blower reset and logged thermal trip,2
Conveyor belt transfer station control panel lost 24V DC power; primary fuse blown due to pinched sensor wire.,electrical_fault,conveyor belt transfer station control panel lost 24v dc power primary fuse blown due to pinched sensor wire,2
"Palletizer index cylinder rod wiper seal missing, dirt entering cylinder bore.",wear_and_tear,palletizer index cylinder rod wiper seal missing dirt entering cylinder bore,7
"Hydraulic oil pooling under pump skid unit B, fittings loose on suction line.",hydraulic_leak,hydraulic oil pooling under pump skid unit b fittings loose on suction line,3
"Cooling tower fan gearbox oil temp high, sight glass shows milky fluid.",overheating,cooling tower fan gearbox oil temp high sight glass shows milky fluid,4
Extruder 2 heater zone temperature controller lost calibration parameters in non-volatile RAM.,software_control_fault,extruder 2 heater zone temperature controller lost calibration parameters in non-volatile ram,6
"Hydraulic press tonnage pressure transducer failing calibration, output drifting under load.",sensor_malfunction,hydraulic press tonnage pressure transducer failing calibration output drifting under load,5
"Wiring fault inside junction box for chilled water valve actuator, intermittent signal loss.",electrical_fault,wiring fault inside junction box for chilled water valve actuator intermittent signal loss,2
Exhaust scrubber fan motor stalled; thermal overload relay popped.,electrical_fault,exhaust scrubber fan motor stalled thermal overload relay popped,2
"Cooling tower fan 2 speed feedback missing on SCADA graphic, loop dead.",software_control_fault,cooling tower fan 2 speed feedback missing on scada graphic loop dead,6
"Air handler supply air temp sensor reading 15F high, causing economizer to stay closed.",sensor_malfunction,air handler supply air temp sensor reading 15f high causing economizer to stay closed,5
"Primary PLC battery backup failed, wiping recipe data during the overnight shutdown.",software_control_fault,primary plc battery backup failed wiping recipe data during the overnight shutdown,6
"Sludge dewatering centrifuge drive bearing temp spiked to 85°C, shut down for inspection.",overheating,sludge dewatering centrifuge drive bearing temp spiked to 85 c shut down for inspection,4
Severe corrosion on the baseplate of Conveyor C-12 drive motor; anchor bolts are rusted through.,corrosion,severe corrosion on the baseplate of conveyor c-12 drive motor anchor bolts are rusted through,1
Splitting outer jacket and spraying oil from the main feed hose on unit 9.,hydraulic_leak,splitting outer jacket and spraying oil from the main feed hose on unit 9,3
"Cracked hydraulic line on scrap shear machine, unit shut down immediately to prevent spill.",hydraulic_leak,cracked hydraulic line on scrap shear machine unit shut down immediately to prevent spill,3
"Wastewater screw press flights worn on outer edges, reducing dewatering efficiency.",wear_and_tear,wastewater screw press flights worn on outer edges reducing dewatering efficiency,7
"Exhaust stack opacity monitor zero drift out of spec, optical lens needs cleaning.",sensor_malfunction,exhaust stack opacity monitor zero drift out of spec optical lens needs cleaning,5
"Hydraulic press cylinder rod wiper seal torn, letting dirt in.",wear_and_tear,hydraulic press cylinder rod wiper seal torn letting dirt in,7
"Pinion gearbox seal leaking heavy gear lube mixed with hyd oil, level dropping steadily.",hydraulic_leak,pinion gearbox seal leaking heavy gear lube mixed with hyd oil level dropping steadily,3
"Chilled water supply temp sensor reading 30 degrees low, verify resistance against ice bath",sensor_malfunction,chilled water supply temp sensor reading 30 degrees low verify resistance against ice bath,5
"Flange face pitting detected on bypass valve V-204, resulting in minor chemical weeping during high-pressure cycles.",corrosion,flange face pitting detected on bypass valve v-204 resulting in minor chemical weeping during high-pressure cycles,1
Conveyor 8 sorting logic routing packages to reject bin due to swapped encoder channels in PLC.,software_control_fault,conveyor 8 sorting logic routing packages to reject bin due to swapped encoder channels in plc,6
"Submersible sump pump thermal overload tripped twice today, pull for inspection.",overheating,submersible sump pump thermal overload tripped twice today pull for inspection,4
"Sinter plant exhaust fan motor bearings at 85C, grease lines verified clear but needs relubrication.",overheating,sinter plant exhaust fan motor bearings at 85c grease lines verified clear but needs relubrication,4
Cooling tower fan motor tripped overload; manual jog confirms seized bearings causing high amps.,electrical_fault,cooling tower fan motor tripped overload manual jog confirms seized bearings causing high amps,2
"Feed-water pump motor running hot, IR gun shows stator frame at 95C under normal load.",overheating,feed-water pump motor running hot ir gun shows stator frame at 95c under normal load,4
"Silo 4 radar level sensor covered in dust, reading erratic heights.",sensor_malfunction,silo 4 radar level sensor covered in dust reading erratic heights,5
HMI communication loss with boiler #1 fuel gas regulator.,software_control_fault,hmi communication loss with boiler 1 fuel gas regulator,6
Boiler feedwater valve actuator position feedback signal fluctuating erratically on SCADA graphic.,software_control_fault,boiler feedwater valve actuator position feedback signal fluctuating erratically on scada graphic,6
"Exhaust fan housing severely rusted through at baseplate mounts, causing excessive vibration and motor misalignment.",corrosion,exhaust fan housing severely rusted through at baseplate mounts causing excessive vibration and motor misalignment,1
Corroded bracket on limit switch LS-09 causing misread on the automated sorting line position.,corrosion,corroded bracket on limit switch ls-09 causing misread on the automated sorting line position,1
"Centrifugal pump impeller vanes eroded from cavitating slurry, flow rate down 15 percent.",wear_and_tear,centrifugal pump impeller vanes eroded from cavitating slurry flow rate down 15 percent,7
Loose bulkhead fitting letting fluid bypass into the secondary reservoir chamber.,hydraulic_leak,loose bulkhead fitting letting fluid bypass into the secondary reservoir chamber,3
Cooling fan for variable frequency drive faulting out on heatsink over temp.,overheating,cooling fan for variable frequency drive faulting out on heatsink over temp,4
Main supply breaker for Conveyor Line 3 tripped unexpectedly during shift startup.,electrical_fault,main supply breaker for conveyor line 3 tripped unexpectedly during shift startup,2
"TE-101 discharge temp transmitter erratic, fluctuating wildly between 120F and 250F, needs calibration or replacement.",sensor_malfunction,te-101 discharge temp transmitter erratic fluctuating wildly between 120f and 250f needs calibration or replacement,5
Dust collector magnehelic gauge dp sensor stuck at 2.5 inWC.,sensor_malfunction,dust collector magnehelic gauge dp sensor stuck at 2 5 inwc,5
"Hydraulic oil reservoir level switch stuck closed, causes continuous alarm.",sensor_malfunction,hydraulic oil reservoir level switch stuck closed causes continuous alarm,5
"Centrifuge PLC experienced a watchdog reset mid-cycle, dumping product and triggering red strobe.",software_control_fault,centrifuge plc experienced a watchdog reset mid-cycle dumping product and triggering red strobe,6
Packaging line roller bearings making grinding noise; grease is dried out and contaminated.,wear_and_tear,packaging line roller bearings making grinding noise grease is dried out and contaminated,7
Pasteurizer temp control loop oscillating wildly due to incorrect derivative gain in PLC PID block.,software_control_fault,pasteurizer temp control loop oscillating wildly due to incorrect derivative gain in plc pid block,6
"Slurry pump impeller vanes worn down to half thickness, losing discharge pressure and flow.",wear_and_tear,slurry pump impeller vanes worn down to half thickness losing discharge pressure and flow,7
"Screw conveyor intermediate hanger bearing seized up, flighting worn thin.",wear_and_tear,screw conveyor intermediate hanger bearing seized up flighting worn thin,7
"Mixer tank agitator shaft bushing has excessive play, high vibration noted.",wear_and_tear,mixer tank agitator shaft bushing has excessive play high vibration noted,7
"Pasteurizer recirc pump motor cooling fins caked in product residue, restricting airflow and causing high stator temps.",overheating,pasteurizer recirc pump motor cooling fins caked in product residue restricting airflow and causing high stator temps,4
"Air compressor 3 local controller stuck in manual mode, SCADA lockout.",software_control_fault,air compressor 3 local controller stuck in manual mode scada lockout,6
"Cracked rubber suction hose on hydraulic pump intake, creating cavitation and minor fluid weep.",hydraulic_leak,cracked rubber suction hose on hydraulic pump intake creating cavitation and minor fluid weep,3
"Furnace zone 3 thermocouple reading erratic, loose terminal screw.",sensor_malfunction,furnace zone 3 thermocouple reading erratic loose terminal screw,5
"Ammonia refrigeration suction pressure transducer reading 20 psi low, iced up.",sensor_malfunction,ammonia refrigeration suction pressure transducer reading 20 psi low iced up,5
Air handling unit blower belt loose and glazed from age and heat.,wear_and_tear,air handling unit blower belt loose and glazed from age and heat,7
Pneumatic valve manifold solenoids overheating and burning out coils intermittently.,overheating,pneumatic valve manifold solenoids overheating and burning out coils intermittently,4
"Extruder gearbox oil temp alarm tripped at 88C, inspected cooler and found fins completely plugged with dust.",overheating,extruder gearbox oil temp alarm tripped at 88c inspected cooler and found fins completely plugged with dust,4
Weigh scale interface module dropped connection to central control rack.,software_control_fault,weigh scale interface module dropped connection to central control rack,6
"Centrifugal fan shaft bearings rumbling loudly, rolling elements pitted from normal wear.",wear_and_tear,centrifugal fan shaft bearings rumbling loudly rolling elements pitted from normal wear,7
"HMI touch panel unresponsive on palletizer station 3, reboot cleared temporary memory leak.",software_control_fault,hmi touch panel unresponsive on palletizer station 3 reboot cleared temporary memory leak,6
Boiler steam pressure transducer calibration drifted out of spec by +15 psi.,sensor_malfunction,boiler steam pressure transducer calibration drifted out of spec by 15 psi,5
"TE-101 discharge temp transmitter erratic, fluctuating by +/- 50F under steady state, needs calibration check.",sensor_malfunction,te-101 discharge temp transmitter erratic fluctuating by 50f under steady state needs calibration check,5
"FT-12 fuel gas mass flow meter display blank, fuses intact, suspect main board failure.",sensor_malfunction,ft-12 fuel gas mass flow meter display blank fuses intact suspect main board failure,5
"Condensate drain line completely blocked by iron oxide scale, causing AHU pan overflow.",corrosion,condensate drain line completely blocked by iron oxide scale causing ahu pan overflow,1
Cooling tower fan gearbox input seal leaking oil onto structural framing.,wear_and_tear,cooling tower fan gearbox input seal leaking oil onto structural framing,7
"Exhaust fan motor drive-end bearing completely failed, rotor dragging on stator.",bearing_failure,exhaust fan motor drive-end bearing completely failed rotor dragging on stator,0
Sifter gearbox output shaft seal failed; heavy gear oil weeping onto the drive coupling.,wear_and_tear,sifter gearbox output shaft seal failed heavy gear oil weeping onto the drive coupling,7
"Induction heater coil cooling water flow switch failing, unit shutting down on high temp.",overheating,induction heater coil cooling water flow switch failing unit shutting down on high temp,4
"Mixing tank 3 agitator gearbox seal blown, oil leaked out, unit overheating.",overheating,mixing tank 3 agitator gearbox seal blown oil leaked out unit overheating,4
Exhaust fan #3 motor drive end bearing making loud squealing noise at high RPM.,bearing_failure,exhaust fan 3 motor drive end bearing making loud squealing noise at high rpm,0
"Pneumatic actuator internal seals worn, cylinder sluggish.",wear_and_tear,pneumatic actuator internal seals worn cylinder sluggish,7
"Main reservoir sight glass cracked, leaking fluid steadily and low level alarm triggered.",hydraulic_leak,main reservoir sight glass cracked leaking fluid steadily and low level alarm triggered,3
"Severe rust accumulation on overhead crane bridge rail, causing stuttering travel motion.",corrosion,severe rust accumulation on overhead crane bridge rail causing stuttering travel motion,1
"Turbine lube oil header pressure switch chattering, causing nuisance low-oil trips.",sensor_malfunction,turbine lube oil header pressure switch chattering causing nuisance low-oil trips,5
Winding resistance out of balance on Centrifugal Pump #1 drive motor.,electrical_fault,winding resistance out of balance on centrifugal pump 1 drive motor,2
"Slow weep observed on the brake release hydraulic cylinder fitting, forklift 7.",hydraulic_leak,slow weep observed on the brake release hydraulic cylinder fitting forklift 7,3
Mixer gearbox intermediate gear has pitted teeth causing excessive noise under load.,wear_and_tear,mixer gearbox intermediate gear has pitted teeth causing excessive noise under load,7
Corrosion pitting found on agitator shaft seal area causing minor lube oil contamination.,corrosion,corrosion pitting found on agitator shaft seal area causing minor lube oil contamination,1
Hydraulic press PLC memory fault triggered an emergency stop and locked the hydraulics.,software_control_fault,hydraulic press plc memory fault triggered an emergency stop and locked the hydraulics,6
Bucket elevator head pulley lagging is worn completely through to bare metal on the discharge side.,wear_and_tear,bucket elevator head pulley lagging is worn completely through to bare metal on the discharge side,7
Mixer motor thermal overload kicked out during high viscosity batch.,overheating,mixer motor thermal overload kicked out during high viscosity batch,4
Stoker drive gearbox output bearing spalled and vibrating excessively at 120 RPM.,bearing_failure,stoker drive gearbox output bearing spalled and vibrating excessively at 120 rpm,0
Air compressor 2 SCADA graphic showing offline status despite local controller running normal.,software_control_fault,air compressor 2 scada graphic showing offline status despite local controller running normal,6
